id,text
59718,"The text in the image says ""never again."""
59726,"The text in the image is:  ""hello satan... they are mocking islam!"""
59731,"August, 1945: the last words of the co-pilot moments before he would unleash total destruction on Hiroshima  I hope these rice people like mushrooms!"
59732,in my country i am forced to keep my mouth shut.  here i'm free to talk trash about this country in hopes it changes into a country where i'm forced to keep my mouth shut
59738,"The text in the image reads:  ""what's the difference between a refugee and e.t. e.t. learned english and wanted to go home."""
59743,gas yourself
59761,we all promised that we would never let them be forgotten yet we are putting them in power to invade
59784,if people reject me because i stand on the truth then i have no problem walking alone
59801,when the kush so good you lose chromosomes
59806,"on tuesday, november 3, 2020, we make america great again  by voting this nightmare out of office!"
59812,adult peer pressure: seeing your neighbor mowing their yard
59817,puttinging bows on your pet
59824,"wait, mohammad come back!!  i didn't mean to laugh, really size doesn't matter to me lol"
59832,"The text in the image reads:  ""how black people became christians"""
59837,your purchase of $19.99 comes to $21.36  after theft
59840,The text in the image is:  - hunger games - he's winning
59862,It isn't islamophobia when they really are trying to kill you
59863,when you find your  best goat mating with the neighborhood runt
59864,that's a nice turkey sandwich it's ha'am!
59871,no more excuses european americans are generational squatters
59876,"why does a bride wear white? to match the dishwasher, stove and fridge"
60128,don't know how to deal with black people  but i guess i'll take a shot at it
60132,most of ya'lls baby dads look like this and it shows
60134,if a dike started dating a tranny god can't be mad  because it's still a relationship between a man and a woman
60142,excuse me?!? it is ma'am! ma'am! i will take you outside and show you a sir!
60143,every day you spent home sick from school  the price is right  was spent with bob
60147,meditation before going to school
60173,"white people dont shoot eachother in the streets like black people do we do it in schools, because we have class"
60175,we are never going to have social change until  take personal responsibility for our own lives and participate in our communities
60183,nein danke  i'm very happy with my gas supplier
60185,when someone asks me how many chromosomes i have  more than you
60193,would ya look at that this dryer comes with a free dishwasher
60197,what if i told you it's racist to assume white people are racist
60213,then he said i couldn't come to the barbecue because i always burn the franks
60214,transgender nibbas waiting for the signal light to turn red so they can start begging
60215,truth be told the real reason for racism
60234,"clown bait at its finest  ""trumps economy is so bad that truck drivers have to buy their own trucks"" stacey abrams ""democrat response"""
60235,"The text in the image says:  ""no samuel, the star does not mean you're sheriff now"""
60238,dark humor is like good food not everyone deserve it ;
60249,when nazi germany would have won WW2 would there be a burger named mchitler?
60254,"the best thing you can do is find a person who loves you for exactly what you are  good mood, bad mood, ugly, pretty, handsome what have you  the right person is still gonna think the sun shines out of your ass."
60257,every man needs a decent coffee maker
60289,if you ever feel down  just remember there are people that are down their whole life
60314,"yeah, i'm into fitness  fitness whole pizza in my mouth"
60317,when your goat hits your g-spot
60329,we swore we'd never forget 911
60345,when her head game so strong  she suck a chromosome right out of you
60348,my first act? getting rid of our low unemployment rates
60357,"kenyans are like sheep, leading them from the hague is like chewing gum while climbing downstairs, easy!  come baby, come!!! let's chew gum together.."
60371,after group sex mohammed is very tired
60374,"i don't always wag my tail, but when i do  i try to hit everything i can with it."
60379,"after i say ""whatever""  all the shit you say after that is irrelevant"
60384,"The text in the image reads:  ""why is the first one not judged but the second one offends? nuns don't randomly explode"""
60389,you don't like thick girls? fuck wrong with you?
60398,i should not be expected to pledge allegiance to any country including america dem representative ilhan omar quote
60421,if you're protesting against this man visiting the uk...  ...but protesting for this woman to return to the uk...  ...then you're practicing your freedom of speech
60427,i hope both teams lose  Grumpy Cats WORST CATS EVER
60439,over 620 000 white people died to free black slaves  so please lets cut the bullshit out - jf16
60451,i love the smell of a dirty tranny... relax adam...let joe smell your schiff!!
60478,"""I hate the word homophobia it's not a phobia why would I be scared of a faggot?"""
60483,the look he gives you when you're the new goat in town
60487,Imagine a world with no Muslims...  just imagine that peace
60513,what do you call double stacked ovens? jewish bunk beds
60532,i sold all your games  because i'm the only thing you need
60538,how they see themselves how god sees them!
60539,"The text in the image reads:  ""mandatory vaccinations "" no exemptions"""
60541,when a white kid shoots up the school the same day you planned to bomb it
60549,trump better deal with these muslims before they kill me
60571,when you shit an anaconda  and feel the last inch disconnect from your soul
60573,only about time i make it as a character  on street fighter
60578,send me sexy pic
60592,It's hard to be first class when you're white trash
60598,jews: exsist hitler: it'd be a lot cooler if you didn't
60718,do i have to unbury hitler so he can show you how a fucking oven works?!?!
60721,when you see the gas bill
60729,muslims treat women like dogs & liberals don't dare speak up they're too busy bashingin christians
60732,I'm not saying shes a slag but she's seen more japseyes than an asian optician
60739,sea monkeys
60741,most of our clothes come from this
60758,thankfully youtube blocked those videos to show their support for muslim people
60759,you see this pig? it's called muhammad
60785,the cast of the view  heading out to protest trump
60789,"musslamic democrat, ilhan omar, has threatened members of congress  she's's told several republicans that she'll send them ""shawarma"" to ""give them a taste of her culture"" share to say arrest her now!"
60794,what every muslim looks like to me
60798,sunday family fun day!
60812,when you're thinking about how much you love your wife and kids
60823,why are we smart? because we went to camps!
60827,people tragically jumping to their death during the 9/11 terrorist attacks
60829,making mashed potatoes
60839,when each letter is a mental disorder
60841,why do jewish men like to watch porn movies backwards? they like the part where the hooker gives the money back
60892,49 people were killed at christchurch muslim  49 people were killed at christchurch mosques muslim
60893,"busy, like a hive of bees, controlling what your family sees and edits all the news your hear so you'll know what to think and fear  till all the truth there is, is gone. that is unless you stand, en masse. """
60895,"The text in the image says:  ""what every arab in sydney looks like"""
60913,"""palestinians are not human beings. they don't deserve to live and they are nothing but animals."""
60917,when you are on a cruise and you give the monkeys to much liquor
60927,"i'm so patriotic i piss red, white, and blue.  the doctor told me it might be pancreatic cancer. i told him to shut his commie mouth."
60931,these video game armors  are getting pretty ridiculous
60937,mississippi wind chime
60938,straight pride! because the human race will go extinct otherwise
60971,drink responsibly?  shiiit... responsibility is why i drink.
60973,"""the squad... hasn't done squat"" in congress."
60981,trans-sports allowinging mediocre male athletes to finally become champions
60982,when you catch your goat with another man
60985,when you got an itch on your back that you can't reach but your white friend not you
61028,what's the difference between a cow and the holocaust?  you can't milk a cow for 75 years
61032,if being racist means that I don't want people of color in my country  then I am not a racist
61037,"a girl asks her mom, ""why am i black and you're white?"" she says, ""the way that party went, you're lucky you don't bark."""
61038,no wonder why the pipes are not working
61054,when you and your associate are ready to take your business to another level
61058,working in an office. just the intern life
61082,i know thats really roger from  american dad  but imma chill
61085,upper downer VICKS NyQuil MULTI-SYMPTOM COLD/FLU Relief VICKS NyQuil MULTI-SYMPTOM TRIPLE PACK 3 BOTTLES Good Night.
61089,"The text in the image says:  ""muslim nibba lost his bag, help to find"""
61092,think pedophil should be execut
61093,how the ancestors look at you  when you stupid
61094,my neighbour ordered a blow-up doll from a muslim sex shop
61097,monkey face monkey attitude
61204,greetings tranny time to die
61205,"The text in the image reads:  - ""nana addo 2016"" - ""compare the difference"""
61207,why don't n**gers celebrate thanksgiving?  kfc is closed on holidays!
61208,im not racist i love all my friends
61234,i could have annihilated all of them but i left some of them alive so you will know why i was killing them
61250,"go on, jump in only will kill a few  its ok, let them in only will kill a few"
61257,"my kid, when i say, ""stop, you're gonna get hurt!""  10 seconds later..."
61258,yup says so right here you got me fucked up
61259,The text in the image reads:  - Absolutely haram - Absolutely halal
61270,"The text in the image reads:  ""I am a gamer not because I don't have a life but because I hate women and minorities"""
61274,"with my pink hijab, looking fly"
61278,in a wolrd full of these people be this person
61280,ready for my job interview
61285,"if evolution is true then why are there still monkeys? if the internet puts the totality of human knowledge at your fingertips, then why are there still idiots?"
61289,when your teams down by 2 points and there's 43 seconds on the clock
61297,when you pick up the wrong suitcase at the airport
61298,not old enough to choose own bed time or daily diet  but old enough to choose to be trans or gender fluid or non-binary or...
61304,mom won't let me use the oven  with my friends
61342,and participate in our communities  take personal responsibility for our own lives we are never going to have social change
61345,"The text in the image says:  ""im gonna be a woman"""
61347,a few minutes after eating taco bell
61349,the proper way to pop a blackhead
61378,"when liberals defend islam  they defend beating women, killing homosexuals, rape,pedophilia, murdering babies, and beheading christians!"
61379,that face you make  when you're a bully and just got beat up by a girl
61380,who you gonna call? ghostbusters
61382,the face you make after you nut  and the goat keeps sucking
61395,when you have to have more than one kind of broom to keep your place clean
61407,i'll take shit that ain't ever gonna happen for $500
61408,when you don't know who to call the police or the rspca
61420,keeping your dishwasher clean will make it last longer
61423,"The text in the image says:  ""im white trash and im in trouble"""
61425,"The text in the image reads:  - ""its white it's a house"" - ""what difference at this point does it make?"""
61438,a 12 week old fetus. legal to kill in all 50 states  can you imagine that wrapped in bacon???
61450,"be fake, just to fit in  i can't, my life was hard, i been through to much""real"" shit"
61453,when you find the  cake your mum was hiding from you
61458,"The text in the image says:  ""me and the boys after killing innocent people in a bomb blast"""
61459,"""have you tried their food? neither have they"""
61480,why is it bad to be a black jew  because you have to sit at the back of the oven
61482,It's not a hijab It's a diaper for people with shit for brains
61483,nevermind... i'll just wait here
61485,"don't do the crime, if you can't do the time"
61492,serving food at the local farm cafe
61495,i'll never forget the time..  your grandad put me on his shoulders so i could show my tits to slayer.
61497,"when you realize most adults in the world still read this symbol ""#"" as ""pound""  ...and you named your women's movement against sexual harassment #metoo"
61502,when you raid area 51 to find aliens  but all you find are mexicans
61503,someone else used kids to push an agenda
61527,handjobs sold seperately
61532,"The text in the image reads:  ""claims to be pro-life dies"""
61537,happy cinco de porteded!
61538,slip 'n' slide the most fun you'll ever have getting hurt
61549,back in my day we didn't have cell phones
61570,you can't hate jews if there's no more jews
61578,still smiles even when they are scared
61580,"The text in the image is:  ""fuckin' slaves"""
61589,dementia  or just another lying democrat  it's hard to tell one from the other
61590,neve let a child go hungry
61597,when you realize you're pregnant because you pull out your tampon but all the cotton was mysteriously picked off
61702,"people think i go out of my way to piss them off  trust me, it's not out of my way at all"
61723,The text in the image reads:  - black people - mitochondria - being the powerhouse of the cell
61725,transgender female athlete biological female
61730,oh look my new wife arrived
61732,british judges wear wigs to avoid from being identified by criminals
61742,"The text in the image reads ""monkey blood."""
61743,same
61749,whenever the fbi is searching your room and one of your child slaves starts screaming for help
61752,"The text in the image reads ""partial arts."""
61753,i might be an asshole  but at least i push my cart back to the cart return when i'm done with it...you lazy piece of shit
61754,"patience, good things come come to those who wait"
61780,you may be a racist if..  your response to a question from an African American is to mention the inner city 25 times
61792,not the shower we deserved but the shower we needed
61793,black people anything that doesn't belong to them
61798,"hello honey! no, I promise I'm not playing golf again"
61802,black friday sale
61820,It's not rape if you're a democrat
61823,if they were really fighting for our frreedom  Legalizing  POT  is a good idea.  this is what it would look like
61825,i did the math we cant afford the cat
61827,things white people do mass shootings  smoke meth fuck their family members  fuck animals steal from blacks  suck as sports lie about being racist
61834,"The text in the image is:  ""trump can't swing it"""
61840,government?  should austrailia start helping out the black communist murdered and killed by  who are being brutally white south africans
61859,i'm really sorry you're not feeling well today... but i'm still gonna need a sandwich
61870,i have 5 genders  no. you have a personality disorder
61872,don't be a fool it is a bomb
61873,cinco de mayo isn't even celebrated by most Mexicans  it's just an excuse for white Americans to get drunk.
61890,The text in the image is:  - me posing for the paparazzi like - IMDB - AIDS FOUNDATION - Taste of BLUE - American Airlines - neuro - drink with a purpose
61892,"The text in the image is:  ""these people have to walk 20 miles a day for fresh water then why don't they move closer to the fucking water??"""
61894,when your put in fb jail..but your not...  even sweatin cause of your back up account
61904,latinos will do anything to get into trump's america
61905,i don't wanna get married! bitch please! i've got to go blow myself up tomorrow!  islam - none of it makes sense
61908,under section 44 of the australian constitution  any person having allegiance to a foreign power is not entitled to a seat in our government. the un is foreign power
61927,auditioneded for jazz band not enough soul
61928,because of this guy i have multiple profile disorder
61932,feminist literature? you mean cookbooks?
61935,woman are supposed to be like butterflies beautiful to look at and hard to catch. y'all are acting like a bunch of mosquitos
61937,why don't i get sunburnt  i use sunscreen
61940,when an indian goes for walk with his dog
61948,when your little car bomber brings home his first girlfriend
61950,"The text in the image is:  ""muslim at the entrance: 'hello brother!'""  ""Brenton Tarrant:"""
61952,what i say about the gunman  every time there's a mass shooting
61953,happy no russian collusion day!!!  time for  retribution!
61973,what do alcoholics and necrophiliacs have in common  they both love to crack open a cold one..
61980,"well, i guess we'll... beheading home now"
62017,fidget spinner for woman
62018,if you think tide pods are good  try the cotton candy in the attic
62019,when you forget to take out the trash and you threw our chinese the day before
62031,when they said we would be going for a spin  this wasn't what i expected
62035,thank god my ass needed a break
62043,trade you an already fucked chicken
62047,"don't be embarrassed mark  lots of guys yell ""harder daddy"" during a rectal exam"
62057,"whenever i go to a bar i shout out ""you cheating whore!!!"" whoever turns around is who i'm buying drinks for!"
62081,well let me tell you something brother fuck niccfps
62083,The author has around around 8000 page-views but still isn't as sensitive as a white male blue-skin on the internet
62084,the best way to get on your feet  is to get off your ass
62085,"""lynch said her greatest fear is the incredibly disturbinging rise of of - anti-muslim rhetoric'"" ....not the incredibly disturbing rise of radical islamic terrorists"
62097,walking with my homies
62105,"ah, i think we may have found the problem you appear to be a person of colour"
62108,you used so much thyme the doctor showed up to fix the paradoxes you created
62134,it's not right to judge someone by the color of their skin they might just be tan
62135,"when she says you're like a brother to her, but y'all live in alabama  so iz we fuckin or nah?"
62147,i am surprised to see you
62149,"The text in the image reads:  ""boy with progeria disease and his pet cat"""
62158,we've been at peace with japan since 1945 time to make peace with islam
62175,this is what it's like to be gay in iran
62178,"the best part about fucking a chemo patient... you don't have to pull out. even if she survives, the baby won't"
62184,the hardest part of breaking up with a japanese girlfriend is having to drop the bomb on her twice before she gets it
62197,life handed me lemons so i fucked them and gave them lemon-aids
62198,"The text in the image reads:  ""master chef with low rating master chef with high rating"""
62301,remember behind every one of us  is a policeman
62305,"when an indian man marries  he scratches the dot off his wife's forehead to see if he's won a gas station, a motel, or a subway restaurant"
62307,"The text in the image reads:  ""my favorite sex position is the jfk i splatter all over her while she screams and"""
62308,when you and your friends are having wine night and you're feeling sassy
62314,"The text in the image reads:  ""mandatory vaccinations with no exemptions i do nazi the problem....."""
62315,i'm arresting you for public intoxication
62319,"america in 2045  ""grandpa...why didn't you stop them?!"""
62340,"knock, knock. who's there not this bitch [ obviously ]"
62351,i see you what you did there
62354,when you ready for bed but bae won't leave you alone
62357,we should respect blacks
62358,when you enter the women's restroom by mistake
62374,when she calls you a 40sec man  but she paid own bride price to marry you
62375,im not saying i'm racist im just saying all muslims are terrorists
62381,i am hungry let's eat a dog
62384,whenever your owner walks to fast!
62391,"everyday i understand the phrase  ""I'm getting too old for this shit"" on an even deeper level"
62398,this is me tryna look cool  after learning how to shoot from the movies
62405,"The text in the image is:  - ""obama"" - ""trump"" - ""pewdiepie's wedding"""
62408,unless you want to be a stamp collector  then there's no reason to be mad with this
62409,"The text in the image reads:  - ""muslims did this"" - ""islam is not a religion!"" - ""it's the world's largest death cult"" - ""christian girl: killed for refusing to convert to islam"" - ""this is islam"""
62413,how muslims see us staring down the barrel of a.45……  how we see muslims
62417,"wait, mohammad come back!!  didn't mean to laugh, really size doesn't matter to me"
62418,this happens to 1/3 of women  2/3 aren't doing their job
62435,wing wing wing herro?  thats racist
62439,"selfish people never notice how you live and die, they never notice your love and care towards them  they notice when you left them and they realise they can't use you anymore"
62457,when the plantation owner invites you to a hunting session but everyone has a rifle except for you.  hol up
62458,happy and in love
62471,"pssst! the jews are the globalists that's what the term international jewry"" meant.  but don't tell anyone, you can't say ""it's the jews"""
62483,"The text in the image says:  ""when you sleep with a jewish girl"""
62485,ah the young they blow up so quickly
62490,1939-1945 bake off winner
62501,"say no.  it's not only the proper Christian stance, but the Christian's duty  ""God resisteth the proud…"" 1 Peter 5:5"
62504,we've taken this o we're taking it back!
62509,hot sports car for sale  includes partially rebuilt tranny
62510,"when your wife is secretly a dinosaur, and you don't find out before she givs birth to four crossbrereed raptors"
62514,idc about who has a problem with me spreading knowledge because i feel the same way about people spreading ignorance
62531,when one of your neighbor's needs help now this looks like a job for me
62537,charlie sheen after his tigers blood kicks in
62541,go shorty hit your birth weight
62571,who said that women can't park
62573,i just squirted tranny fluid
62578,another khuuun tiger woods claims hes not black despite his father being black
62580,lawdi what wrong with these cherr'n?
62589,what i say about the gunman every time there's a mass shooting
62590,your race card has been declined  do you have another form of argument?
62597,"The text in the image is:  ""whatever we once were we are still one nation."""
62703,they shot the wrong gorilla
62705,do you want to know the real reason  they don't want 5.7 million muslims  rioting in their streets  the french government  hasn't mentioned terrorism?
62710,"The text in the image reads:  ""what's shibe's favorite thing to eat? n_ggers a: nuggers"""
62713,"The text in the image is:  ""Israel must be destroyed no you scumbag piece of dogshit, daughter of a syphilitic pig you will be destroyed"""
62719,is it a boy or a girl?  we're waiting to find out
62731,"wait, mohammad come back!!  i didn't meah to laugh, really size doesn't matter to me lol"
62739,"The text in the image is:  ""Imao laugh my ass off"""
62745,"The text in the image reads:  ""you can be happy and smiling in any situation"""
62751,if being racist means i don't want my country  turned into a pile of rocks
62758,i am sikh and tired of being called muslim!  we're the 7-11 people. not the 9/11 people!
62789,vw owners be like hmm__must be a tdi meet
62790,that look when you high as fuck on dem chromosomes
62791,that's black people for ya what did you expect
62804,look at this throatagraph.
62805,"it hurts the poor muslim's feelings? well, whoopty doo... this aint' arabia meathead"
62814,"roses are red, violets are fuck i count to potatoe, then to firetruck"
62815,The text in the image reads:  - donald trump - wall cop - no mexicans - or muslims - don't mess with his wall!
62831,converted to muslim?  why would you think that?
62840,"schnazi the dachshund  ""I have eliminated the chews"""
62843,when u stop being shy around new people but u start getting annoying  why are you like this
62849,"The text in the image reads:  ""cumshot on jewish girl face - 1943"""
62850,when a cop gets his first gun
62851,"i need all stolen, funny & offensive memes  posted right here.. expeditiously!!!"
62854,The text in the image is:  - turn up - for what
62859,I've been told to take a shower all of my life
62891,everyone has a choice
62904,this  is why we shoot you guys
62913,nipsey hussle??? didn't that boy pick cotton for me
62931,I'm sure people who lived in the bible where whites there's no way black people would kill someone who turned water to wine
62934,when you strive to be a real life picasso painting
62941,brace yourself disappointment is coming
62947,"when your ex says  ""you won't find a b*tch half the woman i am"""
62948,"black lives matter  > ""how"", ""why"" and ""to whom"" is unclear"
62970,if you want to know how they were treated  illustration of man with four slaves chained together
62971,"anything * y o u * can do, i can do better  i can do anything better than you!!"
62981,i just chased 25 000 high paying jobs out of new york  imagine what i'll do for the rest of the country  hold my beer
62985,"The text in the image is ""no image."""
63012,they're just like eggs better when beaten well
63025,when the serb kid starts talking mad shit
63028,when your fifth wife eats grass from another guys hand
63029,someone collect this white trash
63041,minnesota rep. ilhan omar (d) calls to defund homeland security  well she is a terrorist so..
63042,how do you kill 1000 flies with one hit?  punch a somali in the face
63051,"The text in the image says:  ""life is like belgium some times you just have to march through it"""
63052,when your son claims he can lead the troop
63057,smh kids these days rely too much on technology
63074,when japan thinks you're gonna invade their mainland
63078,"when you fuck a black guy cuz you thought they all had big dicks, but it was small, and now your purse is missing"
63087,"illegal immigrants bring  United States Mission to the United Nations  drugs, crime, and rapists  yeah. we know"
63092,chances are that god was black because  he didn't even raise his son
63095,when you have errands to run but you're too tired to deal
63097,like and share if you want loretta lynch investigated
63104,i did the math we can't afford the cat
63105,new zealand: dozens dead in mass shooting  usa: -first time?
63124,"""never forget"" -you said.. i am the proof  you have forgotten"
63129,i'm awesome on the piano but i suck on the organ
63140,and then i said homosexuals can go to heaven
63150,my favorite vegetable is  me!
63159,i am racist i vote for donald
63174,"I had a little problem at school today, but I solved it. -oh, and here's your gun back"
63175,"if i was uncircumcised i'd hide candy in my dick skin so when a girl about to suck me up, she has a pleasant surprise..  oh my god, skittles"
63182,my wife just got a seashell tattoo on her inner thigh  if you put your ear to it you can smell the ocean
63185,when the prostitute's a tranny so you cut her dick off  improvise. adapt. overcome
63187,"The text in the image reads:  ""gaming in north korea if you die in game, you die in real life"""
63192,can i have my razor back please?
63201,open your heart for those in need
63207,a rare photo of obama's birth
63210,he looks hammered to me  better nail him!!!
63217,when you're facetimeing and accidentally fall down the stairs
63250,just found out  steroids make your dick small
63251,"when you're fuhrking her from the back and she says ""i'll pay the gas bill daddy."""
63275,what do you mean happy columbus day?
63280,"The text in the image is:  ""so you're never going to forgive the Germans because of the Holocaust? same"""
63281,"The text in the image is:  - ""muslims"" (appears twice, once in each section of the image."
63285,"he's like 20 and still plays video games  bitch please, y'all 15 and pregnant"
63289,"The text in the image reads:  ""captives being brought on board a slave ship on the west coast of Africa"""
63290,everyone else's butt vs my butt
63295,why isn't my drain working? probably cause the pipe's black
63410,"old people at weddings always poke me and say ""you're next."" so, i started doing the same thing to them at funerals"
63412,when duty calls!
63415,when the pope addresses the people  he does it with a smile
63417,joe: you were a mistake curious george  obama: you'll be a bigger one creepy joe
63418,damn! who am i gonna have to fuck to get this fixed
63451,the democrat agenda  1. impeach trump 2. raise taxes 3. shield illegals 4. gun control 5 weaken america  share immediately if you have had enough!
63452,this is nahir nahir is born in germany nahir is german  this is fluffy fluffy is born in horse stable fluffy is a horse
63472,still wondering why i was sweating watching cops
63490,"mommy, why am i getting christmas presents in august? because it's cheaper than chemotherapy"
63491,when you've just realised your son has taken the wrong backpack to school
63492,making america white again
63501,for just ten cents a day  you can have delicious hand jerky
63502,"In school trip to the zoo, i saw a monkey and had vegetable soup for lunch"
63507,"The text in the image reads:  ""evolution from peeling bananas to busting caps."""
63510,"for heaven's sake, somebody get her more barbecue sauce"
63517,they will have a surgery soon
63520,when black people make white jokes  when white people make black jokes
63524,"The text in the image reads:  ""islam is a religion of peace if you don't agree then you're ignorant"""
63547,i'm down.. ...with that
63548,we said we would never forget  why are you voting them into our governement?
63572,it's peanutbutter jelly time!!!!
63578,i don't think he understands  the gravity of his situation.
63579,53% of white women voted for trump  53% of white women should look like this
63580,great at making martinis  terrible at stealing tambourines
63581,wants you to accept him for being a girl couldn't accept himself at birth
63587,"enemies. was i right?! surrounded by perverts and now, you are bankrupt, after WWII, i said 'we defeated the wrong enemy.'"
63589,the look you give your mans when he's cute but kinda dumb
63594,new dishwasher came in today  missing a few parts though..
63702,"The text in the image is:  ""assad: my son is smarter than yours, lol hamid:"""
63709,i love pudding  pudding my dick where it doesn't belong
63710,literally nobody: white people sitting at the bar: can you put it on the golf channel??
63712,and that was the last nativity play my son was invited to take part in
63714,look at me i'm the president now
63715,this cat is getting raped tonight
63718,i should not be expected to pledge allegiance to any country including america  dem representative ilhan omar quote
63719,hey grandma what are you doing? im sewing a scarf for your trans brother ajay
63720,i dont like sandwiches. oh well nevermind...
63741,never again
63745,"The text in the image reads:  ""we could destroy all of them but we let some of them survive so you know why we did it"""
63749,"it looks like you're pregnant  i'm pregnant?! no, but it looks like you are..."
63758,lonely devil on halloween
63784,these were the faulty wires that caused the fire at notre dame cathedral
63795,when you wanna delete google chrome  but you accidentally delete your chromosome
63798,this is a long train  but it's still smaller than the ones we ran on your mom in high school
63804,this is the muslim brotherhood
63805,don't shoot im unarmed
63812,why did paul walker cross the road? he wasn't wearing his seatbelt if
63814,when you're at your batchelor party  and you realize that all the money in the stripper's g-string has your grandma's picture on it
63827,teacher of the year for black community
63845,when you move away from india and find out  you can't shit in the streets
63850,each color is a mental disease
63859,kkk member doing the nazi salute
63871,you can be any gender you want if you are mentally ill
63890,"they struck our colors and raised their own  if you are not pissed, then you are part of the problem!"
63894,"The text in the image reads:  ""gay conversion therapists hate this man learn how he cured the gay with this one weird trick"""
63902,how you look when you're black  and you celebrate the 4th of july
63905,i'm a feminist and i work to protect rights of women. calm down.. i didn't mean muslim women
63908,i'm sick of making excuses for him. i need to leave
63910,dude i'm joking  grandma didn't use your pacifier as a butt plug
63915,The text in the image is:  ``` i did nazi that bird fly by did you? ```
63917,if he's marrying me then why's he fucking a goat
63920,"The text in the image reads:  - ""my customer service face"" - ""CHILD'S PLAY"" - ""vs how i actually feel"""
63921,taking a photo with family
63924,how can this be allowed a free home and benefits?  when this man was allowed to die on the street after servinging this country
63941,girl problems? throw acid on that bitch
63952,on the way to go play
63954,bubbles of fun!
63957,man caught having sex with a feminist at the beach
63981,look son another terrorist attack by peaceful muslims!
63985,"The text in the image reads:  ""I am not a racist I just don't appreciate being moutheded off to by farm equipment"""
63987,the migrant caravan arrives!
64015,"The text in the image reads:  ""mandatory vaccinations with no exemptions i do nazi the problem...."""
64017,those fucking russians
64025,hitler giving his speech to german people
64027,"""islam is love!"" - ariana grande  yeah, if you're a goat"
64029,this goat is so raw muslims are trying to fuck it!!
64038,riding a horse backwards
64051,celebrating the ebt card. oh snap
64059,don't make me kill yourself because that's how you get me to kill myself
64071,when you have someone to help and take care of you  what could happen if you didn't
64072,"The text in the image reads:  ""trump said immigrants come here to steal your wife is a great example she stole my speech"""
64078,watch out  i'll put a bomb in your car
64087,"when you cousin gives you a christmas gift and it's not a blowjob  so, thanks for nothing. merry christmas"
64089,when you see a black guy in your store but he isn't trying to steal anything  impossible
64093,I married my brother to commit immigration fraud
64097,"The text in the image is:  ""caitlyn jenner is having a good hair day"""
64125,ooof. that's gotta hurt
64127,literally nobody:  white people sitting at the bar: can you put it on the golf channel??
64128,heeeeaad shoulders wheel and frame wheel and frame
64130,the look on your face after killing someone!
64137,just think of this as the day the bad music died
64138,The text in the image reads:  - proper plating - technique
64153,ancestry.com  the results are in
64157,damn they really out here thinking they making it to class
64172,bro you didn't go through extensive childhood trauma? that's pretty cringe
64175,"felt cute, might go sit down to pee idk"
64190,i hate when i see a black out in my neighborhood  but i still offer my neighbors a candle
64193,you just ran past full retard and went straight to potato
64197,"muslims  zombies  both carry a virulent disease that transforms the host into a mindless, irrational, and above all violent creature"
64198,no one: people when you nod at them:
64207,"The text in the image says:  ""me and the boys after killing innocent people in a bomb blast"""
64215,gays hanging out in the muslim world
64273,when cops see an unarmed black youth:
64278,they were uneducated false they all had their masters
64279,jew mad? get fuhrererious!
64280,"""i don't wanna, just get it, get it, get it, get it (that shit is so hard) chance the rapper ""the big day"""
64283,when you're caught staring at a goat and your wife gives you that face
64285,"The text in the image is:  - ""shut the fuck up incel"" - ""all are welcome"" - ""here, racist cuck"""
64287,seriously mate...  what's the f**kin point?
64291,if jesus rode ass why do christians hate gay people?
64293,that's what happens when you say you wanna catch these hands
64297,when the whole squad roasts the jewish kid
64301,gee elmo... i didn't think my long beak was promoting rape culture. but if you learned about feminism on the internet you must be right!
64309,kylie's pregnant  i'm gonna be a tranpa!
64312,"no, that's not his daughter.. that's his wife! yet the world is silent..."
64318,when they take too long to blow out the candle
64320,"The text in the image is:  ""I said glass of juice not gas the jews"""
64321,how i see a gorilla  when hes 100 years old
64325,i hurt my knee the other day but still gonna go christmas shopping
64327,black people then  black people now
64329,i like my coffee like i like my slaves extra dark
64350,"The text in the image is:  ""muslims and jews to the fuck off department muslims and jews to the fuck off department"""
64359,feeling cute may go out with my cousins later
64385,there must be some way  this victimizes me
64390,hot wax really whack
64391,"The text in the image reads:  ""a brief history of everything"""
64510,mohammad won the contest in putting underwear on goats
64513,yo dawg i heard you loved chinese food  so i ordered take out
64520,oh sike
64523,you've been hungerstruck!
64531,don't let that sit out for too long
64532,"these people are not human  they look like people walk and talk like people sort of but they are demonic entities in human form  you cannot rationalize this evil  they are under the spell of evil and have no emotion about rape, murder, torture rape of children or murdering you. your life means nothing to them get it?? nothing"
64571,wait a sec are u trying to  gas me again
64590,damnit! dishwasher's broke again
64592,what pelosi is saying in a nutshell  if you don't allow unvetted immigrants to illegally enter the country we'll take away your guns
64593,mr. wilson you have to take your pill with water  you can't crush it up and snort it off my tits
64701,"well judge, made me do it all remember it was me who first said was kenyan"
64705,who was the greatest prostitute in history?  ms. pacman for 25 cents she swallowed balls until she died
64708,spendinging quality time with dad
64709,you can say a lot of bad things about pedophiles  but at least they drive slowly past schools
64720,randomly deciding to bake something.
64721,danish bacon  ... it's gonna rock your world
64723,blowjobs buy one get one free
64730,look dude a second hand store!!
64735,this movie sucks i am thinking of another shooting
64752,when your dishwasher asks you to take out the trash  i think it has a mind of its own
64753,"life is hard, it's harder when you're stupid"
64758,when ur so excited to beat the essential oils out of a manbun  that you almost snap your hippie stick
64780,"whats the difference between ray rice, kareem hunt, tyreek hill and the man pictured here:  he played 14 game seasons"
64781,"The text in the image is:  - ""meanwhile"" - ""at the isis strip club"""
64789,black lab yellow lab chocolate lab meth lab
64803,when she asked for equal rights  so i gave her equal left
64805,"we will kill every man, woman, child shia, sunni..... zoroastrain, kurd or christian  but we don't touch israel why is that?"
64813,be careful who you call ugly in high school
64820,strike fear in the hearts  of the infide..  shut! up!
64821,hope and change  i built that
64825,what if i told you  dahyun is the best girl
64839,"The text in the image is:  ""run forrest!!!"" ""run!!! :d"""
64853,the black ranger do you really think they were just talking about his costume? your argument it's completely valid!  The black ranger do you really think they were just talking about his costume? your argument it's completely valid!
64870,they elect their enemy to rule over them stupid americans.
64890,this chicken is so rubbery  goodyear called and asked for the recipe!
64891,lebanon: before muslims after muslims but don't worry!  after islam takes over there'll be a golden age.. apparently
64901,"The text in the image says:  ""michelle obama sighteded sun bathing in afghanistan"""
64902,i'm dreaming of a white christmas
64905,constipation Blood in stool Epigastric/ Abdominal control Depression/ Anger control Anxiety/stress  when you get to choose your own mental illness
64907,"knock knock who's there?  america, mother fucker!"
64910,"The text in the image reads:  - ""the government"" - ""i can offer you security, i require only that you kneel"" - ""conservatives"" - ""now see, that's gonna be a problem"""
64913,get in loser we're invading poland
64918,we're his kids and he hasn't returned  yeah this makes sense
64925,when you have the privledge  to carry anything on
64935,why u add me troll no trolls allowed!!!  you the feds?
64957,when your dishwasher is ready for another load.
64958,look son an idiot
64978,free tommy robinson  hes are nashunal hero!!!  today I'll prove you're the dad!
64982,when the mueller report indicates  there will be no further indictments
65012,when you actually get a job in the same field that you majored in  child safety now child safety tips from a former pedophile
65017,when you get married to  the guy your parents didn't like
65019,when black dick just ain't cutting it anymore
65024,I don't always get called a homophobe but when I do the people saying it always look like retards
65037,muslims contributing to the very fabric of our nation
65041,"when it is time, rest assured america. when the enemy brings it to our soil, we will bring it to them  we dipped this shit in bacon grease mixed with bacon juice smothered in hate"
65043,"The text in the image says ""extra thicc."""
65071,"we are never going to have healthy life until we take our health seriously, have enough sleep, and pay attention to exercise"
65073,"The text in the image reads:  ""jews and americans will ruin the world"""
65078,didn't get bought today  success!
65087,when you're the gay friend and also the meme lord
65092,forcing children into religion is child abuse religion has to be taught. it's not natural
65093,"The text in the image says ""cookie kunty seen in paris."""
65094,"in 8 yrs i improved life for millions  of illegal aliens, every muslim terrorist group & basically everyone i could except the one country i was responsible for"
65098,and you think confederate statues are offensive?
65102,a muslim was here
65103,mornings be like
65108,has anyone seen gary? gary is about this tall
65124,"hmmm... who shall i arrest first brennan, clapper, comey or obama?"
65129,mixed vegetables
65139,they told me i would miss my family  i never miss at close range
65140,those fucking idiots
65147,look son a fucking idiot
65148,girl goes out with him blind date
65149,terrorist: islam  me: what do you do?  terrorist: slam slam my car car into people  me:
65178,america is for americans period!  i agree. why don't you go back to europe
65179,how i see kim burell everytime she grabs a mic
65183,poor children of every color picked cotton  open a book and gain some knowledge
65187,this is the result of letting muslims in
65189,i just sharted... my protein shake
65201,well split my dick and call me caitlyn
65203,"it looks like it was ultimately obama who was behind the entire plot to undermine the trump presidency  forget the russians, here is the real enemy!"
65204,wanna impress me bitch jump in the air and stay there
65207,it can't be homicide if there is no race
65213,"The text in the image is:  - ""what your ancestors were doing july 4, 1776"" - ""what dummies do today for july 4th"""
65217,an expensive gas bill?  i did nazi that coming
65231,why god created women? same reason it created men
65234,my neighbour ordered a blow-up doll from a muslim sex shop
65237,"showinging skin "" since you don't have anything else to offer'"
65238,little boy gets a new hand man loses a hand
65240,wing wing wing  herro? that's racist!
65248,when you have a small dick and tell a jewish girl to suck it.  i can't
65273,only israelis can knocks the teeth out of a 6 yr old girl!
65274,"for those of you ignorant to history there has already been a ""march for our lives"" and they were already disarmed!"
65283,"The text in the image reads:  ""a mother speaking ing to her deaf child using sign language"""
65289,the ruling on the field stands  mr. hernandez did not get both feet on the ground in time
65297,when your little bomber brings home his first girlfriend
65298,The text in the image is:  vegetable soup
65301,don't be racist hate everyone
65308,"hello, maria? yes your uber has arrived"
65312,flights now offered  directly to your office
65319,"when you forget who you are, you too forget who they are"
65320,"The text in the image reads:  ""what's the difference between a cow and the Holocaust? you can't milk a cow for 75 years"""
65328,how to get a black guy to see his baby
65341,"i'm offended, you can't say that!  nooooo, i can, i did and i probably will again!"
65342,"barn army enlist, and bomb ant hills  ""grab your pitchfork and meet at the barn"""
65349,"The text in the image says:  ""all woman or all tranny?"""
65371,good fences make good neighbors  bad neighbors make good fertilizer
65378,"The text in the image reads:  ""drink bleach.. then you can be white on the inside and out!"""
65380,is your name winter?  because you'll be coming soon
65389,"never take a man who takes a lot of selfies seriously either he's gay, thirsty, arrogant, or needs attention like a female"
65392,The text in the image says:  - Kylie's pregnant - I'm gonna be a tranpa!
65403,money is evil give it to us
65407,and there i was  giving epstein a blow job
65413,the thing about deeply depressed people is we don't smile with our teeth  we smile with our eyes
65429,"""why do you keep pressuring me to do anal?""  me: so much to do, so much to see, so what's wrong with taking the backstreets"
65432,rare photo of two us soldiers held up in japanese war camp
65473,ladies and gents i present you with miss islam 2015 contenders
65478,"when your wife is secretly a dinosaur, and you don't find out before  she givs birth to four crossbreed raptors"
65491,by allah you had better say islam is a religion of peace  or i'll kill you!
65703,"The text in the image says:  ""this is result or war."""
65704,when you find out there's an opening for the role of chewbacca
65708,i won a gift card for blockbuster
65712,how come you want me to remember what's important to you  but tell me to get over what's important to me?
65728,look son a dipshit that just made a nonpolitical post into a political one
65730,"Last year Tyrone got a new job, started building his credit, and spending more time with his kids  then something amazing started to happen!"
65732,"""white people be like.. ""hunting is a sport"""
65734,"aye, tone!  why would dey delouse 'em if dey was just gonna whack 'em?!"
65739,that look when you wanna cut a bitch but you're a better person than that
65740,how to pick up a girl from auschwitz:
65741,where's jaws  when you need him?
65743,mommy look! an indian man!  don't look at them ricky. i don't want you to be influenced by...ohgodino  rickyyy show bobs and vagene plis
65782,these were the men protesting there right
65789,so then i pied the corner  and smoked his ass
65794,"The text in the image says:  ""when you have a second hobby no one knows about"""
65801,first friday prayers  of the islamic holy day
65804,"""so i'm expected to walk on eggshells in my own country just so i don't offend some 7th century islamic goat humpers who ain't figured out yet this is the 21st century???""  ""what the hell kinda meat headed bullshittery do you call that?!??"""
65807,thanks for the shirt asshole.
65809,"The text in the image reads ""jewish invention""."
65814,impregnable to logic
65817,15 bucks for sex isn't normal but on meth it is. meth rollingback prices farther than wal-mart
65819,next time  don't get pregnant
65824,when you want to win but you're already 5 down before you even start.
65829,"about these ""russians"", do you see them often? are they in the room with us now?"
65832,why love one but eat the other?  i don't get it
65843,it is time.. to meet king arthur at the round table
65871,a brown girl studying for example
65892,so this is heaven?  i hate it
65904,The text in the image is:  ``` what do you do? I am a model. I do modelling on Instagram. what do you do? I am a soldier. I kill women and minorities. ```
65908,never had one before. what? a room to yourself? a white bitch
65914,good morning
65917,this is what science does for humanity  this is what islam does for humanity
65930,when you're losing an argument against your black friend
65931,"hey, me and ze boys are throwing a kegger at ze moon tower  all reich, all reich, all reich!"
65940,all animals are our friends!
65948,me watching the pride parade
65978,"black girl with green contacts? bitch, stop it. you look like an xbox"
65980,i just ran over nancy pelosi you're welcome
65981,ok bigger
67014,"""If I'm indicted, I'll take half of DC with me.""  Actually, I'll be sending half of DC with you"
67021,pork is unclean? ever smell one of these goatfuckers?
67024,shhh...the christians think this holiday is about jesus. wait until they discover it's traditionally celebrated with orgies!
67029,i only wear silk panties cotton ones remind me of slavery
67031,"""you forget to turn off your cooker in time and steam and water everywhere"""
67034,hitler led the first public anti-smoking campaign in modern history  i did nazi that coming
67041,that feeling you get when  a goat's hair tickles your balls
67043,the only time you can hang out with your best friend is when you go fishing
67048,now at home depot  check out the new kenyan fly strip
67051,"banned for life from twitter for criticizing a movie.  used twitter to promote a  hoax hate crime, risking an entire race war. still on twitter."
67054,if i identify as a dog can i poop in your yard?
67058,"The text in the image says:  ""what do you do when your dishwasher stops working? slap her on the ass and tell her to get to work"""
67059,"if you believe that, i've got a virgin goat to sell you!"
67082,"""1st day of 4th grade  sandy hook elementary school"""
67084,creeps into your childs room empties his sack
67091,"yeah bitches 6,000,000 kill streak"
67092,when your teacher and classmates make fun of you for being bad at math so you decide to teach them 7.62x39
67103,still better than mexican
67109,Iago stoibadan men are scum. men are scum but you still go 154km for cum
67124,when you're discussing serious libertarian issues and a trump supporter pops in to agree with you
67125,just ordered the new anne frank puzzle
67129,i only wear silk panties  cotton ones remind me of slavery
67130,when you eat her ass  and then she say that she don't suck dick... wayment
67132,...and there goes another hater
67138,the only fuck i have left to give  anddddd there it goes
67142,baby look like he pay h own child support
67143,sex is all fun and games until someone has to sleep in the wet spot
67148,when you're nuts deep in a nasty hooke and feel something bit your dick  there's a baby in this dumpster
67149,when mum tells you to rinse the vegetables
67159,christianity  making white people stupid for the past 2000 years
67180,ilhan omar sporting her beautiful purple hijab
67183,"jesus take the wheel. carlos, you take the stereo. and i'll take lookout"
67190,a fire cracker
67193,goes on ancestry.com instead of match.com
67194,a black chinese now i can die in peace chigga
67195,there's no better time to combine out efforts than now!  blacks whites  team - together everyone achieves more
67198,happy and stupid
67201,you're telling me i can't pick my bedtime but i can pick my gender?
67205,when your group has a bunch of inactive members in it... hey...  do stuff...
67208,YAN-NO ANY TIME  does nike also sell stones in case they take it off?
67214,"""do you have a moment to talk about bacon?"""
67219,that's right  white crackers
67241,smile  it's your birthday!
67243,no border walls and no voter i.d. laws...  ...figure it out yet??
67250,beats by dre  beats by tyrone
67254,xzhibit wearing new jewery
67259,"what a long day. i can't wait to get in the pool with my online friends  on habbo hotel on this date, july 12, 2006  what the fuck do you mean, ""pool's closed""? i fucking hate niggers"
67283,i'm trying to put a load in the dishwasher  him: let me help you!
67298,"The text in the image is:  - ""who is michael lavaughn robinson?"" - ""michelle obama?"" - ""the tranny revealed"""
67309,deport illegal immigrants? let's start with white people
67312,the 70's  $5 to see the greatest band live in concert  2000's $100 to see a laptop... live
67318,asked for romantic sex  sticks a lit candle up my ass
67319,happy birthday sister
67325,bombbbssss awayyyyyy
67328,happy president's day  mr. president!
67342,jihadi magazine's miss december
67348,"kevin durant is 12-8 without stephen curry stephen curry is 20-0 without kevin durant no curry, no chip"
67350,turn your dishwasher into a snow remover
67352,play stupid games win stupid prizes
67354,saved up for a new macbook  bought an equivalent pc and a car instead
67384,What's Hillary's favorite pizza? little seizures
67385,"dark humor is like hitler some people call it wrong, but i find it completely justified"
67394,once you go black so does your eye
67398,well look at you i've never fingered a potato
67402,i like my rice crispy please
67413,"when you find a shooter the same day you plan a bombing, so you team up"
67415,your girlfriend the tranny you been fucking
67420,The text in the image reads:  - human rights and democracy english style - australia 1904
67431,"when you go  to war with china, it's the fifth time i  killed that guy"
67435,when you ask a jewish girl for her number and she starts rolling her sleeve
67438,white parent  black parent
67439,disgusting if u have ever dated a nigger and ur white kill yourself  once you go black  you'll be a single mom for the rest of your life  disgusting
67481,"keep yelling, motherfuckers  allah be with you shortly"
67485,i'm going to prison aren't i?
67491,slave ship sailors when they found Africa for the first time  looks like these black creatures really mean business!
67492,"The text in the image is:  ""when you're given an n-word pass but you can't help but still be super white howdy-ho negroes"""
67498,The text in the image is:  - biggest mistake - in american history
67504,that moment you realize if you turn your head you're a dead man
67512,in alcohols defense  i've made some pretty shitty decisions while sober
67521,"The text in the image reads:  ""i am a gamer not because i don't have a life but because I hate women and minorities"""
67528,i am not racist i just don't like brown sugar
67531,apparently the british public can't put their finger on the problem
67541,turn down for what
67543,transgenderism used to be the subject of psychological horror films  now it's the new normal  and if you don't agree with the psychos... you're not normal.
67548,when you do a fat rail  but you still feel down
67580,why love one but eat the other?
67581,no one: white people when you nod at them:
67582,"The text in the image says:  ""arrest white babies before they become school shooters"""
67593,4 ways to boil vegetables
67801,if there is no race it can't be homicide
67802,america sucks.  conservatives are racists.  rich people are evil.  give me your money.  the 2020 democrats!
67809,"The text in the image says:  ""fuck tryin' to please people that can't be pleased life is too short!"""
67810,why are liberals so angry? its not like republicans can take their slaves away again.
67823,as much as abdul tried he could not get the fucker into first gear
67831,being republican is as easy as laundry  you just separate the whites from the colors
67835,i think i almost got my dishwasher working
67841,a beautiful day for picnic  in white mountains
67842,if he's marrying me then why's he fucking a goat
67843,would you look at that this dryer  comes with a free dishwasher
67849,"The text in the image is:  - ""fuck you"" - ""america!"""
67852,he asked me if its permissible to smoke marijuana in muslim country. so i told him in our contries only gays get stoned
67859,lets hope that one day our landfills don't look like this anymore
67892,"The text in the image is:  ""did you say dude blew his tranny???"""
67894,what's the difference between a jew and a pizza  a pizza doesn't scream in the oven
67904,good luck hillary don't blow it
67913,see here's your mistake  you added a fuck that i didn't give
67915,when you've finished with  your life of crime
67924,"""leave that one alone bill he's my weed man"""
67935,brett kavanaugh 17 christina ford 15 i'll take shit that never happened for 1000
67938,i haven't seen a taco this shitty  since my wife started wiping back to front
67943,"i'm making fuck off pie today  1 can of nobody cares, a dash of kiss my ass, add some fuck you's, stir, then shove it up your ass. now fuck off!"
67948,that's black people for you what did you expect?
67951,"roseanne barr? more like roseanne barred, amiright?"
67953,"The text in the image reads:  ""only 30's kids will remember this"""
67980,from 16 indictments to nothing! thanks 'white privilege!'
67983,"The text in the image is:  - ""burn them all"" - ""that's my girl"""
67984,The text in the image is:  ``` i'm not sexist sexism is wrong and being wrong is for women ```
68019,"""I'm pregnant with your son, I trust that you'll be a good father"" ""aight babe, I'm goin for a drive"""
68025,yeah okay nigger
68034,when you go to africa and a kid is roasting you  are you eatin though?
68039,when black people think it's funny to steal a white man's's bike
68042,i think i almost got my dishwasher working
68043,plays uno steals all the green cards
68079,what's the difference between a walrus and a lesbian? one smells like fish and has a moustache and the other is a walrus!
68094,The text in the image reads:  black boyfriend white boyfriend
68120,fleshlight
68127,all you guys think about is dope
68137,that friday vibe be like
68145,"you will never see refugees from america.  when things turn to shit, we don't run to another country. we dust off our guns and fix it"
68154,the look he gives you  when you're the new goat in town
68159,learning to ride a bike
68172,he went to jail for your sins
68179,opens ice cream shop only sells shakes
68190,is it a boy or a girl? it's a bomb
68192,scientist are working hard to cure them all
68193,when you wore the wrong thawb
68194,"barn army enlist, and bomb ant hills  ""grab your pitchfork and meet at the barn"""
68201,how does he drive his car? he hits the gas
68204,when you realize what you walked into
68213,victoria police introduces a new weapon to fight apex gang
68230,so you say 12 russians can influence an election  but 25 million illegal aliens in the usa cant?
68231,"The text in the image is:  - ""meanwhile"" - ""at the isis strip club"""
68245,when the lot lizard says  she'll do anything for 10$
68249,"told you back in 1980 the bushes were liberals in republican clothing, just like mccain."
68253,"The text in the image reads:  ""free blanket maybe white man not so bad after all"""
68254,i seriously need a good fucking from something other than life
68257,everyone is afraid of dark
68259,instructions on how to come for me  1. dont
68270,all part of satan's plan. the anti christ will come from this
68294,sweet home allahbomber
68307,just like that democrats who said you aren't mature enough to own a gun til 21  decided you are mature enough to vote on laws about guns at 16
68309,"The text in the image reads:  ""actually retard, the muslims aren't the problem the problem is that pussies are stopping us from killing the muslims"""
68321,"i don't know how it happened. one moment i was on my bike next thing i knew, i woke up in a hospital"
68324,The text in the image is:  ``` im living in downtown ```
68325,"it happennd mom, a black guy gave me complement  ohhh sweety i'm so sorry. that means you need to lose about 30 pounds"
68327,"the original people of americas then social status classifications negro & indian now same phenotype, different social status classifications"
68329,i just hear my girlfriend is pregnant
68342,this one time at camp we got so baked
68349,"this is the result of  lettinging muslims in "" """
68370,interviewer: can you demonstrate your problem solving abilities? me:
68371,thankfully youtube blocked those videos  or she might have popped even more people in their office
68374,oh boy i freaking hate niggers
68379,i can put up with muslims killing canadians but i absolutely will not tolerate canadians criticizing muslims
68390,we want sharia law!!  then go the fuck home
68391,where is the black guy?
68394,"a site of a tragedy, now a memorial"
68401,when you date an asian boy and you trynna get his family to accept you
68407,that look when your father sells you for a goat
68409,for the last time im not michelle obama
68417,don't be a pooper
68423,don't get me started  about your tranny problems
68429,it doesn't matter if you unlike my picture  i already got the notification
68431,if you lick a woman's clit for 20 minutes she will revert to factory settings and all's forgiven
68450,"""she said ""i want a ring"" i said ""bitch take your phone off silent! """
68459,family trip in mexico
68472,happy and stupid
68503,"The text in the image says:  ""when the muslim pulls out a bomb from his bag it's so fucking big"""
68507,The text in the image is:  black chicks even the white ones are ugly
68512,what's that smell?
68517,excuse me goy  do you have a minute to talk about the holocaust?
68520,white trash not marriage material
68521,not all men just want sex  some just want to walk and talk about how ridiculous our firearm laws are.
68527,pedal pedal
68530,a fast sandwich maker
68531,"The text in the image is:  ""killing black people is like saying the n-word.. they do it all the time, but get really angry when white people join in"""
68540,i'm sorry i made the chewbacca sound  but maybe if you shaved next time....
68549,"when she yells the safe word ""avocados"" but you don't stop cause what can she do about it"
68579,"we don't always die, but when we do, we don't."
68592,this red copper flipside can fit six wieners inside it  just like your mom
68594,when you make history  by locking up you diary
68597,when your heading out to a convention with buddies and you get misdirected  AN ngel ife nagoya is hiv prevention and other gay issues for gay volunteer group
68713,dad?!? the dishwasher and the sandwichmaker are on the fritz again
68715,joke time... 3 bomb technicians walk into a bar
68719,when everyone thinks you're the bomb
68720,why does helen keller only masturbate with one hand? so she can moan with the other!
68721,"The text in the image says:  ""abortion is a crime!!!""  This text appears to be a statement against abortion, suggesting that it is illegal or immoral."
68730,we said we would never forget why are you voting then into our government?
68731,years after this event  we have strong women  of color in congress  and it can only get better
68739,white people: all asians look the same also white people:
68742,"I've been told by a vegan that I should grow my food, not hunt it.  does anyone know how to grow bacon?"
68745,I'm a gnigger and you've been robbed
68749,"""my name is osama bin laden and this is jackass"""
68751,"until i invented the internet  there was no medium for widespread, theatrical, self-affirming expressions of moral superiority"
68752,very tired after group sex mohammed is
68753,now there's a guy Gronk FITNESS
68901,little girl holding her new adopted brother for the first time
68903,"he might only be here for part of your life  but for him, you are his whole life"
68913,"The text in the image says ""sorry, i only grope women."""
68917,what is the similarity between a matcha and a human? the black ones don't work
68921,when you see the gas bill
68934,relax... we're all crazy...  it's not a competition
68937,"for those of you ignorant to history  there has already been a ""march for our lives"" and they were already disarmed!"
68941,an australian man kills 50 people in new zealand ~arv~ and the main stream media blames trump
68943,"The text in the image says:  ""I'm not racist drug dealer is black"""
68947,"The text in the image is:  - ""fuck the enemy so hard"" - ""their eyebrows bleed"""
68950,"today in the news more ""peaceful muslims"" blowing up shit PEACE & LOVE IS ISLAM"
68951,"if i get compared to michelle obama one more time, i'm gonna lose it!!!"
68954,meanwhile at the isis strip club
68971,literally nobody: white people sitting at the bar: can you put it on the golf channel??
68973,and that was the last nativity play my son was invited to take part in
68975,when a white person sees a black person being arrested  our people are safe
69012,when you're peekingin on that 10 10 chick and about to nut but the school shooter pats you on the back and politely tells you to leave his corpses alone
69013,i killed a mouse for you.. i'll do anything for you...anything.
69014,The text in the image reads:  ``` i had a dream but james earl ray had a remington ```
69017,all was well in new york  until the fire nation attacked
69018,when you slap your dishwasher too hard
69024,is my smile creeping you out? you need to tell me if my smile is creeping you out
69025,apparently you can get a pull start on your dishwasher. who knew
69027,"The text in the image reads:  ""life handed me lemons and i fucked them.. now my pee hole burns"""
69035,"hello dispatch, white folks are celebrating killing other white folks for land that ain't theirs"
69041,The text in the image is:  - Justin Trudeau - the imam of canada
69042,"did i just hear grandma tell me ""no"""
69043,1 got 99 problems and chromosomes
69052,women should date men with beards beacuse growing a beard takes patience  the kind of patience it takes to deal with your shit
69054,when your crush says  love girls who smoke
69057,today in the news  more 'peaceful muslims' blowing up shit
69073,"The text in the image reads:  ""women rights in islamic countries"""
69074,mohammed  i'm pregnant....
69078,why did god create them?  so they could understand each other and hate each other
69081,The text in the image is:  - me - cis girls
69084,she said i couldn't go fishing coz i had to mind the baby.. challenge accepted!!
69085,The text in the image is:  ``` i hate women so much i'm not even joking bro ```
69087,i love pudding  pudding my dick where it doesn't belong
69123,heceadddd shoulders wheel and frame wheel and frame
69125,police academy graduation ceremony
69128,woman from tribe making flour
69130,how do you circumcise a trump voter? kick his sister in the jaw.
69134,my momma always said your a white trash whore
69137,new seat belt design 50% less accidents
69140,"The text in the image reads:  ""remember when illegal aliens just wanted to just go home? now they want free food, healthcare, and housing"""
69150,"""white privilege the privilege of being called ""racist"" by other people who see nothing else about you except the color of your skin"
69158,"i'm not an asshole, i'm a hemorrhoid. i irritate assholes."
69174,this was the text i sent my sister  fwd this to 10 ppl or u will die in a car crash  before she died in a car crash
69175,when your girl thinks it's cool to yell at you in front of company
69178,"The text in the image reads:  ""dammit i said ""glass of juice"" not ""gas the jews!!"""
69203,"The text in the image reads:  ""what hitler did was not just homicide he commited genocide Adolf Hitler phot. Gp. Pfring/177721"""
69205,"The text in the image says ""goatfuckers."""
69234,do i need to dig up hitler to show you how to use an oven
69235,looking at you sorry no cure
69237,"The text in the image reads ""temptations."""
69250,"if you're easily offended and looking for a ""safe place"" my page ain't it.  move along snowflake"
69251,when you're having an airheaded year
69253,"The text in the image reads:  ""an artistic rendition of jesus"""
69258,I'm really feeling it now
69304,"sharia law, it's not just for lunatics anymore...  unless we say hell no! n"
69305,travel size coffee maker
69307,who needs a human interaction  when you've  got a loyal animal companion
69308,textinging and flying  n what's the worst that could happen?
69312,"just like everything else in his life he's inherited,  trump inherited a strong economy from obama and took credit for it."
69324,aim. wait. fire.
69327,"The text in the image is:  ""say allahu akbar again... ...go ahead...say it!"""
69342,starving mexican monkey eating peanuts
69348,"Here's a simple grammar question, Leeroy! ""What comes between two intimate and independent clauses?"" A semicolon"
69351,hey muslim eat me!
69357,hey look at me! i'm a serial pedofile
69370,what did you have for dinner? we just had sausages it was the wurst
69380,adding coolant when the farm equipment overheats
69402,"socialists want to disarm us and make us use trains no thanks, i've seen where that leads, i'll keep my car"
69403,"The text in the image says ""every white man dream."""
69405,storm in  they can't rape us all
69410,thank you! for everything! for what?
69412,best part about a hooker dying on you? the 2nd hour is free
69415,The text in the image is:  - squad - goals
69418,rise of the planet of the apes (1963)
69421,when they laugh about your 9cm in the change room  but they haven't seen your 9 mm yet
69423,"The text in the image says ""denounce kkk to protect the country."""
69425,no little asian  lost dog  don't eat them raw
69427,of all things  this is how you use the power of the internet
69428,"The text in the image is:  ""islam is love!"" ariana grande august 2017 hillary clinton rally yeah, if you're a goat"""
69450,hey bro close your eyes bro  yes bro? ok bro go deeper o yeah abdul
69470,how black people fight here  how black people fight there
69472,"they named us after the land mass they shipped us to!  ""the only difference between a dominican, puerto rican, cuban, jamaican, haitian, bahamian and african american is a boat stop."""
69480,what i used to look for what i look for now
69487,"The text in the image says:  ""don't be racist black and white children are the same"""
69503,i heard we had a rat problem in the barn. time to clean house
69512,happy birthday you sexy beast
69518,you can see black lives matter
69520,those  fucking russians
69521,make sure the girl sitting passenger side in your car  is the same girl who'd be sittinging with you at the bus stop if life turned out differently
69523,"how do you do, fellow kids? i am your new highly approachable candidate eager to share a beer"
69524,has anyone seen gary? gary is about this tall
69528,when you're broke af but still gotta buy christmas gifts
69530,jews had to have stars sewn on to their shirts in order to identify them during the holocaust
69534,once you go black you deserve it
69542,stop testing the new me like    the old me ain't still in me.
69548,"wait, mohammad come back i didn't mean to laugh, really size dosen't matter to me lol"
69582,why can't you play uno with a mexican? because they'll steal all the green cards
69584,you either die an idiot who can't spell  or you live long enough to see yourself become a grammar nazi
69708,goes on a date gets stood up
69710,breaktime
69713,when you bout high as fuck!
69720,bestfrand!!  how my eyelashes look?
69728,america : * nukes japan* three days later:  ahhhh gettin kinda bored
69732,latinos for me! that's like roaches for raid!
69750,when you save it because you thought it was just burnt up
69751,"spiders be like black people.. not all of them are dangerous, but still, you don't want one in your house"
69752,it's almost the weekend!
69753,if you want good life for your children  kill them all
69758,cotton farm
69780,"a wife is like a hand grenade  remove the ring, and your house is gone"
69804,that's a little savage
69807,"The text in the image is:  ""If only Africa had more mosquito nets, less mosquitoes would have to die needlessly of AIDS."""
69813,"""a group of fish is called a school."" americans:"
69815,thank you for allowing me into your country  now we need to talk about the things that need to change around here to accommodate my beliefs
69823,what do you call a group of stoned mexicans? baked beans
69842,meanwhile  at the isis strip club
69870,when you want your passenger to stop talking
69873,i only wear silk panties cotton ones remind me of slavery
70123,when your boy starts  suckin her cock  anyways when you accidentally pick up a tranny hooker
70125,eat me!
70126,when i have an orgasm it's tranny fluid
70132,i am peacful! don't believe me? then i will blow you up
70136,The text in the image says:  - ask me a dumb question - again
70142,imagine a group of people filled with so much love they have to make laws so they can live at peace
70143,when you unlock a new skin for your character
70146,"lets erect a memorial to all the americans murdered by an illegal alien  make it 1,500 miles long 30 feet tall and put it on the southern border"
70148,black santa
70153,illegal aliens  immigrants
70158,"what did you hear on the wiretap, barry? he said he really is going to make america great again"
70162,when your baby is small enough to fit in a shoe box  so you take advantage of cute baby pictures
70164,there's a reason they have children. they are pedophiles
70169,diversity is our greatest strength
70183,terminigger
70189,this isn't even my final form.  
70193,that chiken is so black no one is going to eat it
70194,ancient problems require jewish solutions  needs to steal a bracelet becomes shlomo  ben-yisrael
70196,you boys ever  played hot potato
70213,"last year tyrone got a new job, started building his credit, and spending more time with his kids  then something amazing started to happen!"
70214,"let's not be hasty, the worldview of the guys who created this grisly spectacle of mass-murder  could be any number of- comedy aaaaaannnd it's these guys"
70231,"The text in the image says:  ""who wore the kufi best??"""
70235,what in the cornbread hell
70243,oh boy i cant wait to pray at my favorite mosque on march 15th 2019
70254,is that ass a school? b'cuz i want to shoot some kids in it!
70264,great at making martinis terrible at stealing tambourines
70269,meanwhile  at the isis strip club
70281,you stupid americans we are taking over your country and you can't stop us
70284,how to get a black guy to see his baby
70285,what doesn't kill you gives you a sick sense of humor  miss t
70294,"The text in the image says:  ""men that say they don't like a big fat booty probably prefer a big fat cock"""
70296,tell us again how bad  obama and hillary are  while that which-hunt lands everyone in jail
70315,i am a test dummy
70318,that blood you donated  could be in someone's boner right now
70319,allah akbar!  next thing you know everyone is dead
70324,"The text in the image reads:  ""there is widespread disagreement among Islamic scholars about whether homosexuals should be burned or thrown off buildings"""
70329,"The text in the image says:  ""I'm not gay, but for 20$ you can ramit inmah ashol"""
70346,shits about to get real
70352,on my way to the  maury show for the 8th time
70356,bruce jenner's cat
70362,"master chef with low rating  master chef with high rating """
70368,"The text in the image says:  ""I want my 72 virgins to be 66 goats, 5 boys and 1 bi-curious donkey"""
70381,wherever they go destruction follows
70384,all these flavors  and you choose to be salty
70385,lord please protect all of the bikers out there every day
70395,"The text in the image is:  ""arnold shootzanigger"""
70396,sometimes i crunch up my jizz when it dries  then i bring the white powder to parties and watch people snort my cock sand
70415,first  you add a handful of rice
70423,enough with the nazi jokes.. they make me führerious
70426,how long can he run? till the chain tightens
70429,don't worry  we put an exclusion for white males in our anti-hatred resolution
70432,It's National Hebrew Day go pick up a hot Jewish girl
70435,this one time at camp we got so baked
70452,you just went full goat fucker  never go full goat fucker
70456,jewish children today should remember how lucky they are today
70459,don't look back in the past continue to live in the future
70465,I know who my enemy is and I know he's watching us now and you're just his nigger
70492,what kind of punch can take out 20 kids and 6 adults? a sandy hook
70495,and then she said  i'm a blackbelt in mcmmap
70496,this guy just friended and unfriended me  45 times in 15 seconds anyone know him??
70512,your deportation bus has arrived
70519,when white folks announce the 2nd case of cured hiv patient  but you were murdered for already doing it
70528,the face my parents make  when i bring home a new pet hamster
70529,no i'm on my period  no i have diarrhea
70531,"jesus christ may have 2,000 people with 5 loaves of bread and 2 fish. but adolf hitler made 6 million jews toast"
70532,It's important to listen to your elders please don't forget!
70534,genocide is like christmas it's more fun when it's white
70539,2 years of trump in office: 37 indictments.  8 years of obama in office: 0 indictments.
70541,"The text in the image is:  - ""RAMADAN"" - ""a muslim was here """" """" """
70543,find differences
70549,the old lady shows arthur what she used to do during the war
70561,"The text in the image says:  ""fuck off!! you muslim bastards, we didn't win 2 wars just to hand england over to you!!!"""
70562,indian accent  finally finding  the right tutorial  you need
70564,"this is a declaration of war  ...on you, your family, your friends, and all you hold dear"
70582,the microscopic view of a hemorrhoid
70592,manual tranny  automatic tranny  rebuilt tranny
70594,where's this bird box everyone's taking about?
70598,i eat ass & dicks with my wahabi brothers
70612,share the meme instead of tagging your friends  you fucking niggers
70613,to all of you that are constantly in my notifications liking and sharing my posts it doesn't go unnoticed you fuckers are awesome
70614,burning them was a great public service
70623,mess with me  and you mess with the whole trailer park!
70624,how we see muslims  how muslims see us
70628,it's a piece of cake if she's not awake
70634,help me please! im stuck in  this dryer and can't get out
70643,this one's called dirty deeds done with sheep
70649,what's the hardest part of eating a vegetable?  the wheelchair
70652,when you her ass and then she say that she don't suck dick...  wayment
70654,future sex slaves welcome refugees! welcome their muslim masters
70658,when my name is in a math problem and all the class stares at me  me: that's right bitches. I bought 60 watermelons
70691,overdose
70821,cooooooooooooon!!!!
70825,trail mix?  you mean m&ms with obstacles
70826,this time. our president is not your muslim brother
70829,y'all wanna see a stupid post
70834,smh kids these days rely too much on technology
70835,when u forget to lock ur basement door and ur pets try to run away
70841,"as fbi director, i don't always overlook criminal activity but when i do..  it's because i found my suicide note while going through hillary's emails."
70842,"The text in the image says:  ""help the poor children in africa"""
70843,when you did something wrong *you unconscious mind:  you know what? maybe i need to go to the ranch
70845,slavery reinstated catch yourself a strong one
70849,head teachers given the power  POWER TO EQUALITY  to ban the burqa in british schools share if you want a full ban in britain!
70851,"feeling cute might fuck a tranny later, idk"
70864,"The text in the image says ""sea monkeys."""
70865,you know you're getting older when you walk by 3 priests and don't even get a handshake
70912,i see american troops coming this way
70914,tattoos are bad  for your health  i know 5 million  people that had tattoos and they all died
70923,for someone somewhere in america  today will be the last day they have ten fingers
70925,where did jimmy go during the bombing? everywhere
70928,when you drink and drive you will get busted
70932,when your dishwasher is broken so you take it back to walmart to get a new one
70934,how transgender kid and his family roll up to the court ruling about adding a gender inclusive bathroom to the school
70935,goat yoga is becoming very popular
70936,everybody having kids /getting engaged  and i'm over here like
70941,one last call for green cards  closing time you dont have to go home but you cant stay here
70942,"lesbians should not be allowed to buy dildos  you made your choice bitch,"
70948,little white person please leave before my ancestors tell me to kick you off this mountain
70953,"""god's chosen people"" according to the book they wrote"
70981,"""fuck it"" - my final thought before  making most decisions"
70984,when you're trying to impress your man
71028,have you ever lost all respect for someone?  you don't hate them but you don't t feel the need to associate yourself or say anything to them anymore.
71038,when all your troops are freezing in russia so you burn 6 million jews to keep them warm
71042,eww! your gayness is showing
71045,"The text in the image reads:  ""cutest little beagle in the whole wide world"""
71046,ever tried african food? niether have they
71048,in england they drive on the left in canada we drive on what's left
71052,when the teacher leaves the room and the retarded kid puts his dick in the pencil sharpener
71058,when you haven't stolen anything in a week
71063,the only way to deal with islam
71082,"why is it when your wife or girlfriend gets pregnant, all her friends rub he belly and say ""congratulations!""  but nobody rubs your dick and says ""good job"""
71083,i once dumped a cross eyed chick thought she was seeing someone else
71084,stop asking! we don't have to tell you where the money went  collected $13 billion for haiti built 6 houses laws are for little people
71086,"The text in the image says:  ""im arrested and im in trouble"""
71089,members-only gate non-members let me in. autistic reaction let me iiiiin
71095,"hijab babrie comes with stones, shovel and removable head"
71206,"my brother, the more girlfriends you have the more money you lose, the more you don't progress in life  find one girlfriend invest in her and build your future together"
71230,the enemy within  ilhan omar  linda sarsour  rashida  MS. OCASIO-CORTEZ  tlaib ocasto-cortez
71236,"dark humor is like hitler  some people call it wrong, but i find it completely justified"
71245,not sure if i should steal or purchase with food stamps
71249,"The text in the image reads:  ""islamic warrior's funeral in palestine"""
71253,The text in the image reads:  - baby making faces - babymaking faces
71259,a muslim ban would've stopped that
71263,listen up sweetheart and let this sink in I never owned any slaves and you never picked any cotton.  here ends the lesson. I don't owe you shit
71265,"""when i'm directing traffic at an accident scene and a citizen asks me ""what happened?"" ""shark attack."""
71280,"i'm not racist, racism is a crime. and crime is for black people"
71285,"The text in the image is:  - ""fuck islam"" - ""b==d~"" - ""shit on mohammed and koran"""
71289,after smelling that home cooked meal
71294,laughs in 52% of us crime rate
71302,why don't i hear the people who asked for my birth certificate asking for trump's tax returns?
71305,cracking open a cold one with the boys
71308,looking for peace  praying for peace
71309,hello there
71320,"The text in the image reads:  ""don't blame me fuel was expensive"""
71325,i dont lift so that doesnt make me sexy?  i bet its sexy when i lift my wallet and pay for all the shit you want
71340,The Black Man's Ament slaves got whipped back in the day
71348,oi!!! that's not the umbilical cord
71354,we got my blind cousin a puppy for christmas
71358,"""nobody is trying to take your guns!""  ""we only want to make you register them, restrict transfers, ban certain guns, limit magazine capacity, prohibit carrying them, ban or limit ammo, make other arbitrary laws, and, if we catch you violatingng any of these made-up rules, throw you in prison.... at which point we will take your guns!"""
71360,we will take your guns...  then your bibles
71364,obama voters
71365,"The text in the image is:  ""no more excuses european americans are generational squatters"""
71368,meanwhile  at the isis strip club
71380,we should learn from ocean how to treat refugees
71389,that's a liberal all they do is cry
71390,i googled my symptoms and it turned out i just needed a beer.
71392,men are like dogs  we're excited to see you... and have no clue what you're mad about
71396,"The text in the image is:  ""stand your ground law. i said ""nibber get"" """
71398,"hundreds have gathered at a volkswagen owners meet up  SAN DIEGO NEW YORK LONDON TOKYO  according to nasa, the glow from their check engine lights could be seen from space"
71403,"half my problems are caused by my tone of voice & sarcasm  everyone thinks i'm either mad, arguing, or just an asshole while actually i'm just talking"
71428,"the crusades  because nothing says ""love our religion or we will slaughter you with our swords and guns"" like assassins. ""Christianity"""
71429,when a white person tells you happy cinco de mayo but you know deep in their heart they want you deported. fucker
71430,when you see your ex having a seizure in public  shake it like a salt shaker bitch
71432,this makes me puke i want justice for all of them
71436,"The text in the image is:  ""trump supporters be like mexicans stole my teeth"""
71450,"The text in the image says:  ""I bit a Muslim I had to lick my ass for an hour to get rid of the taste"""
71452,"The text in the image says:  ""when you find out the blood of children is the secret to everlasting life"""
71453,leave that one alone bill  he's my weed man
71459,The text in the image is:  - partial - arts
71462,the porn again christian
71463,mamma! this goat scares me
71480,i may be blind  but at least i'm not black
71482,i felt a great disturbance in the force  as if a million snowflakes all melted at once
71483,"i was told to make a fb pregnancy pic. wife was not amused.  ""there are no mistakes, just happy little accidents"""
71485,hurry ladies he's still.. luke warm
71486,if you're constantly referring to your skin color or other people's skin color...  maybe you're the racist
71492,sour candy will have you like.
71502,"The text in the image says:  ""I don't see 'color' or 'race' because I make sure to surround myself only with white people"""
71503,not only is donald trump my president.....  but he's also barack obama and hillary clinton's president! don't you love it! :d
71506,knock knock.  who's there? your parent!  now open up this damn door
71509,"The text in the image is:  ""when black dick just ain't cutting it anymore"""
71524,when your boss calls on your day off  oh fuck you're gonna make me come
71528,"The text in the image says:  ""im not racist, but racist memes are still allowed"""
71529,if your man dresses like this there no doubt he's gay
71530,holocaust makes me sad!
71532,"The text in the image reads:  ""kills: 17 million, deaths: 1 fucking camper"""
71539,what do you call a black guy in a tree with a briefcase...  a branch manager
71562,there is always good and bad in this world
71568,raising goats is hard work
71583,breaking news  a zoo's chimpanzee escaped containment
71584,"look! we have a right to be angry, stop bombing our country."
71586,oh look. this thread again
71593,cheers to all my haters!  be patient. so much more is coming.
71596,rare photo of two us soldiers held up in japanese war camp
71602,"when i see other adults pouring wine and they only fill it half way, i'm like...  ...okay, one of us is doing it wrong, and i'm pretty sure its you."
71620,we are returning our broken coffee maker
71624,62.5 tons of get the fuck outta my way
71625,my new wife is like my car 12 years old and stolen from europe
71628,where's my water?
71630,my tits may be nice but my pussy is the bomb
71634,I'm really sorry you're not feeling well today... but I'm still gonna need a sandwich
71635,i don't need you to tell me how fuckin good my memes are... i get reported all the fuckin' time
71645,i don't need to use my hands to kick your ass
71649,workers taking the cotton at a plantation
71658,Meanwhile at the isis strip club
71659,no mommy nig i've no idea who did it
71680,"The text in the image says ""muslim strip club."""
71682,53% of white women voted for trump  53% of white women should look like this
71689,The text in the image is:  1st place ugliest tranny
71692,i did it for harambe
71823,"The text in the image says:  ""put an end to domestic abuse!"""
71825,a typical white man
71826,"white people dont shoot eachother in the streets like black people do  we do it in schools, because we have class"
71830,"""what's the difference between the 2? the first one can't sing when you put chains on it"""
71832,when a waitress dates the new dishwasher
71834,when your girl is giving you a handjob under the table
71836,"and I shit you not, this fucking eagle just comes out of nowhere..."
71839,let me be perfectly clear... i will never stop lying to you suckers!!!
71845,"finds ringtone that says ""amen""  no longer has to silence phone in church service"
71846,"The text in the image is:  ""fuck the jews the only religious extremists you can't make fun of because they print all the money slaves worship"""
71849,when you've finished with your life of crime
71863,"hello abdul, today  i'm alone at home.  *abdul  this is ultimate"
71869,jewish privilege  running all the banks and fleecing us with their usury  white privilege  getting blamed for the world's problems by Jewish supremacists
71892,note to self. if she is a squirter wait till it warms up outside
71902,"The text in the image says:  ""let this tranny suck you to completion for 3 billion dollars yes or no"""
71903,i love pudding  pudding my dick where it doesn't belong
71905,"when yo finna play w/ yo self, then you think about yo dead relatives  that's watching"
71906,when you feel beautiful no matter what the haters say
71920,"The text in the image is:  ""where is the black guy?"""
71925,confirmed  lynch told the fbi to drop the investigation against hillary
71930,big shout out to all those who haven't blocked or unfollowed me  i'm impressed
71938,goes on ancestry.com instead of match.com
71942,stepped on a landmine didn't weigh enough
71943,you say trump will be impeached  for what? making liberals cry?
71950,if they aren't meant to cook  why do they have eggs and milk inside them
71954,"crisis hotline, how can i help?  well...i'm feeling suicidal..  great! can you fly a plane?!"
71963,president trump is saying he will close the border. just do it! americans first!  illegalss are like sperm.  thousands get in.. only one works!
71986,"The text in the image reads:  ""When you meet that gender studies student again my genders have doubled since the last time we met"""
72014,"when people keep calling you a terrorist, but you identify as a firework"
72018,if it has tires or tits  you're gonna have problems with it
72019,"ugly mafuckas be like.. bru, i know she want me i got dreads"
72035,"when you see all the dems pushing ""medicare for all""  it's simply them ""lowkey"" admitting that they dont like obamacare along with the rest of us"
72046,you sicced all of your corrupt goons after me for 3 years and i came out clean.  now it's my turn to send my justice-seeking patriots after you and your corrupt goons. let's see how you all come out!!!
72048,hurry up barack will be home soon
72058,i went to ride my bike today!
72059,we've been at peace with japan since 1945 time to make peace with islam
72061,"The text in the image is:  - ""i like my rice"" - ""crispy please"""
72064,treaty of versailles: *exists* nazi germany: what the fuck is that even supposed to mean?
72084,if black lives really mattered..  they'd stop shooting eat other!
72093,"i am against gun, violence and discrimination"
72094,The text in the image reads:  ``` mama i just killed a man ```
72095,when you're the only ape at the furry convention
72130,you cant handle the truth
72136,"when you tell her to get ready to go, but you're just going to walmart"
72145,baboons and monkeys everywhere this is really a zoo
72146,here's to you obama! let's have a drink!
72160,"i'm not an asshole, i'm a hemorrhoid  i irritate assholes."
72164,having dinner after a long working day
72168,upper downer
72194,"they fear us waking up from the bull sh*t, and taking back what was stolen from us"
72195,if you don't like the way i do things  feel free to mind your own fucking business
72198,when he tells your mom you're all tied up  and you have to cancel on the dinner date
72301,when u forget to lock ur basement door and ur pets try to run away
72305,"when you really love someone, age, distance, height weight, well it's just a damn number"
72310,what do you get when you inject human dna into a goat? banned from the petting zoo
72318,"trayvon martin update  ever since he turned white, he stopped being a criminal"
72340,"The text in the image says:  ""When Muslims attack be prepared to fight back"""
72345,"The text in the image reads:  ""I hate when I see a black out in my neighborhood but I still offer my neighbors a candle"""
72354,this is my diary
72356,bomb disarmament is a hell of a job.  thank you for service
72358,"rich theft "" """
72361,when all the porn sites are down so you search for a holocaust documentary  improvise. adapt. overcome
72364,don't think this cream is working  maybe this will work?.... nothing's happening
72369,happy day of hatching from your jew egg
72380,i don't like to admit it but i have this mustache to hide a mole
72386,a moment before threesome:-
72396,"The text in the image is ""fucking queers."""
72406,"The text in the image says:  ""Speak out to end domestic violence"""
72413,"hey, you"
72415,"The text in the image reads:  ""What's the difference between the 2? The first one can't sing when you put chains on it."""
72418,when you play with your friends with your favorite toys
72419,"""nice watch must have cost an arm and a leg"""
72430,goes to the future  doesn't warn marty about parkinson's
72431,the aftermath of a van catching on fire
72450,the closest some of us will ever get to heaven
72451,hello mengele  i think one of your experiments has escaped
72456,"dumbass fucking white people marking up the internet with their opinions like dogs pissing on fire hydrants. ~ sarah jeong, nyt editor the new york times"
72459,terrorist attacks innocent people with guns leaders want innocent people to give up their guns and become even more defenseless.
72461,this one time at camp  we got so baked
72469,north american pavement ape
72486,"The text in the image says:  ""put'n the ""ham"" in mohamed"""
72489,"here's to you obama, your transgender agenda helped me fish out all the mentally ill on my friends list"
72490,hello is it me you're looking for?
72504,"""they can try removin this flag""  (dog) ""it cant be that hard, half the trailer park has already"""
72506,you call me a goat fucker like it's a bad thing
72508,why are there so many female archeologist? because bitches love digging up the past
72509,this chemical is called #astrazine  monsanto hired me to find out if it changes the sexual orientation of straight frogs into homosexual frogs... and it did. they then same chemical into the waters of the ghettos in the u.s.
72510,"if you see me in public looking a hot mess, just know; my bills are paid, my children have food, & i ain't trying to impress you"
72514,when each letter is a mental disorder
72531,"The text in the image reads:  ""indians evolution after 15august1947"""
72536,"friend: your phone is very slow, you should buy a new one  me: as long as it plays music and porn it's nasa to me"
72541,when you got a warrant out for your arrest
72561,back in my day blowing a tranny meant car trouble
72580,the hardest part to eat in a vegetable
72584,9 months before i was born  i went to a party with my dad and left with my mom.
72591,people of religion reading the book
72594,this transgender shit is getting outta hand
72598,texas churches be like... pew pew pew
72604,men are like dogs  we're excited to see you... and have no clue what you're mad about
72605,nazi war criminal gives one last sieg h owing his allegiance to his fuhrer befo being hung at the nuremberg trials colorized
72608,"dear lord,  thank you for making sure noah put turkey, white tail deer, elk and everything else we hunt on the ark! amen."
72609,breaking news billy goat announces his candidacy
72610,they were right blue really is my color!
72634,check out these sweet new scrubs
72638,only a few understand what it's like to be 19 and write your own will
72640,"is bribinging muslims for liberal votes justin trudeau's only skill?  why does justin trudeau love foreigners so much while openly disrespecting canadians, canadian values, our history and traditions, our seniors and veterans?  sharia law has no place in canada! never has... never will."
72641,"""do you have a moment to talk about allah?"""
72654,i will not let america turn into another nation of islam!!!!!!
72658,i'm not sorry
72680,thug life until 10pm
72685,are you feeling well? is there anything I can get for you?
72689,i'm getting some jello tonight!
72698,"that's right canada! we used your tax dollars to purchase the pipeline so it would never get built!"". the destruction of canada is the plan, just ask our boss!""  well done! who could imagine that canadians are that stupid?"
72801,"i will find you and..  and what..  my apologies, i have dialed the wrong number"
72805,i'm going to hate the way i sound  i guarantee it
72810,love is love
72814,yaaahhh africa!
72816,shut up you meathead
72819,"""no, this is no good. you could fit a mexican child through here"
72830,m'am stop resisting  your feet are crucial to the investigation
72834,we can kill as many as we want and your stupid government keeps bringing us in
72839,"I'm not always hooked on a feeling but when I am, I'm high on believing"
72850,the horrors of the holocaust three u.s. soldiers look at bodies  stuffed into an oven in a crematorium
72851,learn how to bite the bullet
72864,travelinging through chimney
72891,i burned the food so black you know i had to do it
72893,Islam is the religion of peace! don't believe me? then I will blow you up
72901,don't ever lie to me  if you tell me the truth no matter how fucked up it is i'll respect you more
72903,bombers under attack
72904,terrorist trojan horse enemy of the state
72910,"kim davis says what hurts most is when people say  god doesn' t love her. you know, what christians tell gay kids every single day"
72914,i don't see what's wrong with him other than he stole that wheelchair
72915,"when yo finna play w/ yo self, then you think about yo dead relatives thats watching"
72936,ever hear something so stupid it gives you forest whitaker eye
72940,lies that people say to themselves being human he thinks he's a equal rights they think they deserve normal they think they are
72941,hey liberals & democrats have you forgotten
72945,open up  for the enrichment
72946,"i love black people, think everyone should have one"
72951,october 31: this year i'm gonna get through no nut november november 1: so that was a fucking lie.
72956,dad?!?  the dishwasher and the sandwichmaker are on the fritz again
72958,when you're cutting onions infront of your wife and you're trying to hold in your tears
72964,thank you so much!  - ariana grande  you're welcome?
72965,don't shoot  im unarmed
72968,wow! a dishwasher that can also clean your car
72981,car accident on michigan ave
72984,The text in the image is:  slice and dice n1gg3r
73021,when mom asks where all the jews went
73026,where's the rescue ship when you need one?
73028,"so, 2 gay guys walk into a bar and pick up a tranny"
73045,where's jaws when you need him?
73049,"The text in the image reads:  ""I was asked who my favourite X-Men character was, apparently my answer was inappropriate."""
73056,grandparents be like one little snack before you go home
73059,"a phobia is an irrational fear a fear that muslims may be terrorists is not islamaophobia but a fear grounded in history, experience, and reality"
73069,immigration  invasion  learn the difference
73082,The text in the image reads:  - almost all terrorism is sponsored by saudi arabia - before - the solution to terrorism - after - problem solved
73091,"to all you liberal ""women"" in favor of islam  this young lady is being sold into sexual slavery as child bride."
73104,"what's big, yellow and  can't swim? a bus full of children"
73105,excitement across the capital
73125,"if you think we need protection  from these people...  but not these people,  you're a special kind of stupid."
73128,"""transgenderism"" is a mental illness, is sociopathic tyranny not an ""identity"" mandating public acceptance"
73146,you better not pout you beter not cry you better not scream i'm going in dry
73152,international women's day? bitch please back to kitchen
73154,when you want to enter islam  when you want to leave islam
73159,im really sorry that your not feeling well today but im still gonna need a sandwich
73160,i love muslims  point me to right direction
73162,we've ever seen  worst case of suicide hear about that black guy who was shot 38 times?
73164,what i'm really thinking when i like all your pictures
73168,we should respect blacks
73180,"the first time i got high was in the backseat of my older brother's car. it must have been some good shit too, because i am an only child."
73192,house of god
73198,"i told on you, she's pissed"
73204,muslims in 2001 defund homeland security!  muslim in congress 2019
73205,when you get a fish and just stare at it through the fish tank
73206,what if i told you common core was purposely designed to be confusing and frustrating  so parents will look ignorant and children will get confused and feel stupid because uneducated kids who've been programmed to depend on the state for answers make much better conformist debt slaves in the future
73218,let them pursue their happiness
73219,when you and your homie load each other's dishwashers
73241,"The text in the image is:  ""men can be frustrating why can't I ever get a date I'm so lonely"""
73248,i know how to knockout ronda rousey
73250,rep omar claims america is trying to 'eliminate' muslim voices.....  do you agree?
73251,i have no idea how to do your job but my book says you're doing it wrong
73256,"The text in the image reads:  ""im mixed with what? gorilla and rhino F363788 01: Linebacker Ray Lewis (52) of the Baltimore Ravens is seen during a November 29, 1998 game. Lewis was charged with murder January 30, 2000 in the killings of two people outside an Atlanta, Georgia nightclub hours after Super Bowl XXXIV. ( (Photo by Scott Halleran) - Copyright: Liaison Agency"""
73258,talk about everything is better in two's
73259,what the heck you mean  no shirt no service
73406,yeah if the lazy mexicans could quit raping everybody that'd be great
73416,making fans everywhere
73421,what if he was the second coming of christ  certainly would explain his issue with jewish people
73426,"The text in the image says:  ""If yo ancestors came to America on slave ships yo ass is a Israelite"""
73465,when you glue your  ass shut so your uncle  can't rape you  survival
73480,just bought my first slow cooker!
73482,It's time we took guns away and put them out of the reach of our children
73485,logan act arrest him now  john kerry is now a treasonous pos
73496,I asked for oranges not a melon!
73498,when the mexican lady at taco bell messes up your order
73506,look your dad fucked goats..  i capped him...sorry...
73508,"""democrats have a difficult time connecting with voters because of how smart we are... because we know so much."" ~ sen. mazie hirono (d hi"
73514,"it's ma'am!!  i can't give you a ma'am, but i can  give you a green eggs and haaaaaammmmmmm!"
73516,"The text in the image says:  ""when the jews genocide you so hard for 50 years that your population triples"""
73518,"The text in the image reads:  ""north korean operatives infiltratinging the ""storm area 51"" group: how do you do, fellow american pigs"""
73520,does this burka make my bomb look big?
73526,"if she's still making noises, you didn't hit her hard enough"
73549,"mindfuck  when you shit bricks, you'll see it"
73561,understanding terrorism:  ilhan omar democrat represents muslims  fanatical muslim terrorist represents all muslims
73562,i just started a company selling landmines that look like prayer mats  prophets are going through the roof
73568,gay friend asked for directions told him to go straight
73581,we are the knights who say nigger
73596,you idiot you threw shit at the wrong keeper
73598,that moment when she realizes  those guarana's & tequila were'nt free
73601,when you are white  and stole your first bike
73604,i can't leave my light beer alone in the fridge with the dark one anymore
73605,no matter what smile
73609,when you take a bottle of water to africa
73615,i think it is safe now  challenge accepted
73619,you mean i don't have to pick it and i can eat it?!
73620,"if one drop of semen contains more life than a drop of blood, then why  don't vampires suck cock? oh wait......twilight"
73652,"if trump isn't hitler, then i'm i'm a moron  well i'm certainly not gonna argue with that"
73659,in norway we rape after dinner
73680,"i haven't done anything in washington for almost 50 years  joe biden in iowa...june 2019  if you elect me president this time, i'll cure cancer"
73681,i like a good shower don't jew?
73690,""" wing wing wing """
73806,i've got 99 problems and downs syndrome is one
73810,"when i was a kid i found a vibrator in my parents room  they told me it was a muscle massager, i rubbed it on my sore muscles all the time"
73814,oh god oh fuck please  end my suffering
73816,"if you think we need protection  from these people...  but not these people,  you're a special kind of stupid."
73819,kids today  vs when i was a kid
73841,which jewish girl is hotter?
73842,international boxing day
73846,"you should thank me for what i've done, there would have been more of them"
73849,voting for hillary is like  lettinging casey anthony watch your kids because she's not guilty
73910,loses hair from chemo doesn't have to shave pussy
73914,be careful who you call ugly in highschool
73924,i'm voting trump  the last clinton left a bad taste in my mouth
73926,why are you so dumb
73945,jamal is holding a gun
73956,"i just got out of church... just kidding, i'm not that fucking retarded.."
73962,you should treat that the way you treat you vacuum cleaner  when it stops sucking change the bag.
73965,just a man and his dog his dog companion
73980,i caught my goat cheating on me
73981,bitch please we both know that's a lie
73982,adding coolant when the farm equipment overheats
73984,"""men's rights"" ""men's rights to shut the fuck up!"""
73986,when you and your best friend hate the same person
74013,"nurse: yes sir, we are having mashed potatoes today  alzheimer's's patient: I don't remember asking you a god-damn thing"
74016,fed five thousand jews with five loaves and two fish  made six million jews toast
74019,enjoyinging new loungewear when it's chilly outside
74021,ever notice christians are horrible drivers?
74025,"kills: 17 million , deaths: 1  fucking camper"
74029,"The text in the image reads ""nuclear bombs angles."""
74031,"their average iq is about 70-80, few points above being retarded"
74038,when it comes to acting scarlett johansson has amazing tits
74053,me and styrofoam... yup...both white trash
74058,"The text in the image reads:  ""he made millions of children homeless"""
74059,when you try to catch a dark type pokemon
74061,"The text in the image is:  ""when ancestry.com tells me that i'm 0.1% german rev up those fryers"""
74062,"being transgender  is a mental illness. it's a rejection of reality, leads to anxiety, depression, and in some cases self-mutilation and/or suicide. that's not healthy"
74083,ready for prom
74091,a natural beauty
74096,him:
74098,me: *turns the oven to 450 degrees* everyone else at auschwitz:
74126,rise and shine my fragile americans  what silly nonsense are we offended by today?
74132,"The text in the image says:  ""fuck allah, fuck muslims and fuck islam. and if you don't like what i say then fuck"""
74150,"In, I'm Sean Hannity and I'm destroying the conservative movement. Fox News gives me a platform for ignorant white trash anger."
74152,I'd like to report hello 911 emergency a misandry!  yes this girl came out of nowhere and totally ignored my man feelings!
74158,mississippi wind chime
74183,when you hear monsanto lost its 1st round up cancer trial and the jury awarded the victim $289 million dollars...  ...and thousands of cases are still awaiting trials...
74190,football season is once again upon us my brothahs  can i get an amen?!
74192,"someone stole my identity..  look, someone stole my identity  maybe they will make something out of my life"
74198,big bird scolds the negores for even daring to think that they were allowed to ride on a bus.
74203,The text in the image is:  - rebuilt tranny - blew a tranny - automatic tranny
74206,this is what we will evolve into  if we don't start watching what we eat
74215,handjobs sold seperately
74218,grab her by the.. nevermind
74230,"in 2014, i helped put together and signed a $25 billion dollar deal to fund a border wall.  now, trump wants $5 billion for a border wall well i'm gonna bitch, cry, piss and moan just because he's a republican and wants it."
74235,chloroform  puts the sensual back into non-consensual
74236,if you want good life for your children  send them here
74238,when your little one brings home a new pet
74250,white kids kids dreaming about their first day of school
74259,"The text in the image reads:  ""I'll have 72 virgins when I die I'll have 72 virgins before I die"""
74261,"happy birthday, gay boy!"
74265,"It's taekwondo,  loading 93%  not taekwondon't"
74268,"The text in the image is:  - ""trump supporters be like"" - ""fucking Mexicans"""
74281,hey frank my t-shirt doesn't fit shut up greg
74286,"The text in the image is:  ""make america great again!!!"""
74298,book about good and bad
74302,white boys do it better
74310,shhhhhhhh don't make this weird
74312,karen  get your shit together
74315,48 year old white women when they see an actually good meme  how can you read this? there's no minions
74318,oh my god...  i'm never drinking again
74326,"i have to stop saying ""how stupid can you be?"" some people are starting to take it as a challenge."
74350,a head diaper is required  when you have shit for brains
74351,go pluck yourself
74352,when you wipe 700 times and there is still shit  i have a question. for god.  why?
74356,when she's trying her hardest to make you cum but  you already visited your favorite goat
74359,you hated george w. bush for his illegal wars and assault on civil liberties  but you love obama?
74361,when the bell goes off on the first day of school and the autistic kid thinks it's the hunger games
74362,when someone asks me to remove a picture because they're offended
74368,when the weed man  throw in a little extra
74380,"The text in the image is:  - ""meanwhile"" - ""at the isis strip club"""
74385,what women do  VS  what people think they do
74386,we said we would never forget  why are you voting them into our government?
