id,text,prediction
1235,The content in the meme is hateful.,1
1236,"The content in the meme is non-hateful. It appears to be a humorous and satirical image, suggesting a fictional scenario at an ""ISIS strip club"" with a group of men looking shocked and surprised. The context and tone of the meme are intended to be comedic rather than hateful.",0
1243,"The content in the meme is non-hateful. It is a light-hearted and humorous observation about dogs, specifically about how dogs know when they are being praised.",0
1245,The content in the meme is non-hateful.,0
1247,"The content in the meme is hateful. The meme makes a reference to a historical figure known for his racist ideology and actions, and it implies that racism cannot exist if there are no other races, which is a false and harmful statement.",1
1256,The content in the meme is hateful.,1
1258,The content in the meme is hateful.,1
1264,"The content in the meme is non-hateful. It is a playful and light-hearted comment, likely intended to be humorous.",0
1268,The content in the meme is non-hateful. It is a positive message about the importance of father-daughter bonding time and encourages agreement and sharing.,0
1269,The content in the meme is hateful. It makes a derogatory and offensive statement about a specific group of people based on their religion.,1
1274,The content in the meme is non-hateful. It appears to be a humorous or satirical statement about how someone might perceive someone else differently based on their background or appearance.,0
1275,"The content in the meme is non-hateful. The text is a humorous and exaggerated response to a hypothetical threat, using a term that is often used in South Africa to express frustration or anger. The context provided at the bottom of the meme, ""stupid no drama here,"" suggests that the meme is intended to be comedic and not serious.",0
1276,The content in the meme is non-hateful. It is a positive and uplifting message that emphasizes the power of a smile.,0
1284,"The content in the meme is hateful. The text ""muslims offend me"" expresses a negative and offensive attitude towards Muslims.",1
1293,The content in the meme is non-hateful. It is a humorous and light-hearted reminder about the importance of washing hands.,0
1295,"The content in the meme is hateful. It uses derogatory language and makes false and harmful claims about a specific group of people, which is not appropriate or respectful.",1
1324,"The content in the meme is non-hateful. The meme features a group of men holding books and is labeled ""the great train robbers,"" which is likely a reference to a famous heist in British history.",0
1325,"The content in the meme is non-hateful. It is a humorous meme that uses a person's reaction to express excitement about a sports event, specifically a World Cup match.",0
1327,The content in the meme is non-hateful.,0
1329,"The content in the meme is non-hateful. The text ""saddle up motherfuckers it's time to play cowboys"" is a playful and humorous phrase, often used in a light-hearted manner to encourage someone to engage in a fun activity or role-play.",0
1348,"The content in the meme is non-hateful. It appears to be a humorous and satirical image, suggesting a fictional scenario at an ""ISIS strip club"" with a group of men reacting in shock to the presence of sheep. The context and tone of the meme are intended to be comedic rather than offensive.",0
1349,"The content in the meme is hateful. The text, combined with the image of a historical figure, creates a context that is intended to be offensive and derogatory.",1
1359,"The content in the meme is non-hateful. It appears to be a humorous and light-hearted image with the text ""area 51 naruto runners"" and ""let me in let me in!"" suggesting a playful request to enter a restricted area.",0
1364,"The content in the meme is hateful. The text at the bottom of the image suggests that the scene depicted is a nativity play, but the visual content shows a child being dressed in a manner that resembles a bomb, which is a highly offensive and dangerous representation.",1
1379,"The content in the meme is non-hateful. It describes an American teenage girl visiting children in Africa, which is a neutral and descriptive statement.",0
1382,"The content in the meme is non-hateful. The text ""my body my choice"" and ""Abortion"" are related to the reproductive rights and personal autonomy, which are generally non-controversial topics.",0
1389,"The content in the meme is non-hateful. It describes a person taking their cat to a mall and encouraging people to take pictures of them, which is a lighthearteded and playful confession.",0
1392,"The content in the meme is non-hateful. It appears to be a friendly and positive message directed towards Jesus, expressing gratitude for something.",0
1395,"The content in the meme is hateful. It makes a derogatory comparison between Mexican babies and Mexican food, which is a stereotype and can be considered offensive.",1
1423,"The content in the meme is non-hateful. It appears to be a light-hearted and humorous depiction of a couple relaxing in bed after a long day of mudding, which is a playful way of referring to a long day of off-road driving activities.",0
1436,"The content in the meme is hateful. It contains offensive language and makes derogatory assumptions about individuals with autism, suggesting that they have supernatural abilities that make them invulnerable to harm, which is a harmful stereotype.",1
1439,"The content in the meme is non-hateful. It is a humorous and light-hearted joke using the phrase ""get the goat hump on,"" which is a playful way to refer to having sex.",0
1452,The content in the meme is non-hateful.,0
1456,"The content in the meme is hateful. The top image depicts a historical figure and others in military uniforms, while the bottom image shows children in concentration camp uniforms. The text ""they see them rollin..... they hating..."" juxtaposes the two images in a way that is intended to be offensive and disrespectful.",1
1459,"The content in the meme is hateful. The text suggests a negative stereotype about a group of people, which is not appropriate or respectful.",1
1465,"The content in the meme is hateful. The text suggests a distinction between Muslims and other Muslims, implying that there is a difference in the way they should be treated, which can be interpreted as promoting discrimination and division.",1
1467,"The content in the meme is non-hateful. The phrase ""it's a great day to be a honky!"" is a playful and light-hearted expression, likely intended to be humorous and not offensive.",0
1468,"The content in the meme is non-hateful. It appears to be a humorous comparison between two children's accidents, with the text suggesting that one child's mishap is better than the other's.",0
1469,The content in the meme is hateful.,1
1472,"The content in the meme is non-hateful. It promotes the idea of freedom of choice regarding the wearing of a headdress, emphasizing that it is a personal choice and not restricted by country boundaries.",0
1475,"The content in the meme is hateful. It contains offensive language and makes derogatory comparisons, which are not appropriate or respectful.",1
1476,"The content in the meme is non-hateful. The text ""I'm confident in my own skin"" is a positive and empowering statement, expressing self-assurance and self-acceptance.",0
1483,"The content in the meme is non-hateful. The text suggests a lighthearteded or humorous approach to going to a mosque, implying that it might be a good way to pass the time if someone is bored.",0
1487,"The content in the meme is hateful. The phrase ""you're retarded"" is a derogatory term that is considered offensive and disrespectful.",1
1492,The content in the meme is non-hateful.,0
1497,"The content in the meme is hateful. The text references ""Islamic classic"" and ""married to children,"" which is a reference to child marriage, a practice that is often associated with negative stereotypes and harmful cultural practices. The use of such language in the meme is intended to be offensive and derogatory.",1
1498,The content in the meme is non-hateful. It is a political statement comparing the treatment of DACA recipients to the historical responsibility of white people for the actions of 17th-century slave owners. The meme is using humor and irony to make a point about political inconsistency.,0
1524,"The content in the meme is non-hateful. The phrase ""catch your goat with another man"" is a common idiom used to describe a situation where someone is caught in a compromising situation with another person. It is not intended to be offensive or hateful.",0
1526,The content in the meme is non-hateful.,0
1527,The content in the meme is non-hateful.,0
1529,"The content in the meme is non-hateful. The text ""acceptance of individuality is not a disgusting thing"" promotes inclusivity and individuality, which are generally positive and non-hateful themes.",0
1546,The content in the meme is hateful.,1
1547,The content in the meme is non-hateful. It is a humorous observation about the behavior of Mexican individuals when they hear that their friends' child is having a birthday party. The meme does not contain any offensive or derogatory language or content.,0
1548,"The content in the meme is non-hateful. It appears to be a humorous or light-hearted scenario involving a couple in a kitchen, with the woman looking upset and the man in the background. The options provided are all about minor, everyday conflicts that could happen in a relationship, such as running out of a specific food item or a disagreement over a small amount of money.",0
1564,The content in the meme is non-hateful. It is a humorous observation about the effectiveness of sunblock in protecting against harmful rays.,0
1568,"The content in the meme is hateful. The text suggests a negative stereotype about a specific group of people, implying that they are a threat to the government, which can be considered hateful and discriminatory.",1
1569,The content in the meme is non-hateful.,0
1576,The content in the meme is non-hateful.,0
1578,"The content in the meme is hateful. The term ""sea monkeys"" is a derogatory and offensive term used to refer to people of African descent, particularly in the context of the Caribbean and Latin America.",1
1579,"The content in the meme is hateful. It implies that the Muslim figure is demanding the exclusion of pork from menus, which is a religious dietary restriction, and then humorously suggests that this is a way to ""make America great again"" by excluding a specific cultural or religious practice. This is a form of hate speech that targets and discriminates against a specific religious group.",1
1589,The content in the meme is hateful.,1
1598,"The content in the meme is non-hateful. It uses a metaphorical comparison to dogs to describe the behavior of men, suggesting that they are excited to see someone and may not understand the reasons behind their anger. The humor is based on the idea that men might not always understand the complexities of human emotions and reactions.",0
1627,"The content in the meme is hateful. The text refers to ""jew jerky,"" which is a play on words that is intended to be offensive and derogatory. The instructions to ""leave out in the sun until all moisture is gone"" and ""store in a cool dark place for 3 days"" are meant to be interpreted as a metaphor for harm or degradation, which is a form of hate speech.",1
1634,"The content in the meme is non-hateful. It appears to be a humorous or sarcastic comment about the process of shearing sheep, suggesting that removing the wool (delousing) is unnecessary if the sheep are going to be sheared anyway.",0
1637,The content in the meme is non-hateful. The text is a humorous statement that does not contain any offensive or derogatory language.,0
1642,"The content in the meme is hateful. The statement implies that the ability to read is a characteristic that black people lack, which is a harmful and offensive stereotype.",1
1643,"The content in the meme is non-hateful. The text ""i'm not a racist"" followed by ""my shadow is black"" is a play on words, using the color of the shadow to humorously suggest that the person is not racist.",0
1649,"The content in the meme is hateful. The text contains explicit and derogatory language directed towards a specific race, which is not appropriate or respectful.",1
1653,"The content in the meme is hateful. The response implies that the girl's mother was at a party where something went wrong, and the girl's mother is lucky that she doesn't bark, which is a derogatory and offensive way to refer to the girl's skin color.",1
1658,The content in the meme is non-hateful.,0
1672,"The content in the meme is non-hateful. It is a humorous observation about the anticipation of new video games, specifically ""Call of Duty,"" and the person's readiness to engage in activities like camping.",0
1682,The content in the meme is hateful.,1
1694,The content in the meme is hateful.,1
1698,The content in the meme is hateful.,1
1726,"The content in the meme is non-hateful. It is a humorous and light-hearted statement about household chores, suggesting that a ""real man"" performs a specific task every night.",0
1734,"The content in the meme is non-hateful. It is a humorous take on a situation involving a relative babysitting, with a playful twist on a nursery rhyme.",0
1736,"The content in the meme is non-hateful. It appears to be a statement about the coverage of the return of Korean War soldiers by various news networks, suggesting that they should be ashamed for not providing adequate coverage.",0
1742,The content in the meme is non-hateful. It appears to be a humorous statement about the remaining time until the end of a workday.,0
1743,"The content in the meme is non-hateful. It appears to be a political statement or commentary, discussing a political figure and a recent vote in Utah regarding a presidential emergency declaration.",0
1746,"The content in the meme is non-hateful. The text ""everyone told me you gonna be a blessing"" suggests a positive and supportive message, indicating that the person is considered a blessing by others.",0
1749,The content in the meme is non-hateful. It appears to be a humorous statement about the perceived dangers of cannabis and the perceived benefits of pharmaceuticals.,0
1756,The content in the meme is non-hateful. It is a positive statement about someone's running ability.,0
1763,"The content in the meme is non-hateful. It is a playful and humorous caption that suggests someone might want to try a spin with a mop, which is a light-hearted and non-threatening joke.",0
1765,The content in the meme is hateful. It contains a sexualized joke that is inappropriate and offensive.,1
1793,The content in the meme is hateful.,1
1794,"The content in the meme is hateful. The text ""i beat children"" is a violent and harmful statement that promotes physical harm to children.",1
1796,The content in the meme is non-hateful.,0
1823,The content in the meme is non-hateful. It is a humorous and light-hearted joke that does not contain any offensive or derogatory language or content.,0
1827,The content in the meme is non-hateful.,0
1829,"The content in the meme is non-hateful. It is a humorous and exaggerated response to the dishwasher's behavior, using strong language for comedic effect.",0
1835,The content in the meme is non-hateful.,0
1836,"The content in the meme is non-hateful. The text ""can you hear me at the back?"" is a common phrase used to ensure that everyone in a group can hear the speaker clearly.",0
1842,"The content in the meme is non-hateful. It is a humorous play on words, using the term ""wiener"" to refer to a dog, and then making a joke about the dog's mouth resembling a human mouth.",0
1845,"The content in the meme is non-hateful. It uses humor to make a point about the effects of consuming too much trans fat, which is a type of unhealthy fat. The context is light-hearted and does not contain any offensive or derogatory language.",0
1854,"The content in the meme is hateful. The text ""when an Indian goes for walk with his dog"" is a derogatory and offensive statement that implies negative characteristics about Indians and their relationship with dogs.",1
1865,"The content in the meme is hateful. It implies that the person's attractiveness is due to their parents' race, which is a form of racial discrimination and prejudice.",1
1875,The content in the meme is non-hateful.,0
1892,The content in the meme is non-hateful. It appears to be a political statement expressing frustration with the actions of the Republican party in obstructinging the president's proposals to help the country recover from the financial crisis they caused.,0
1894,"The content in the meme is non-hateful. It is a humorous and light-hearted observation about the absence of Jesus appearances on pancakes, with a playful concern for his well-being.",0
1896,"The content in the meme is non-hateful. It presents a comparison between the prevalence of terrorism in London and the lack thereof in Tokyo, highlighting the difference in the number of people living in each city.",0
1924,"The content in the meme is hateful. The comparison between a feminist and a suicide vest is derogatory and disrespectful, using a sensitive and tragic subject (suicide vests, which are associated with terrorism, to mock and belittle a social movement (feminism.",1
1925,"The content in the meme is non-hateful. It uses humor to make a point about personal preference regarding brown sugar, rather than expressing any form of racism or discrimination.",0
1936,The content in the meme is non-hateful. It appears to be a political statement questioning the actions of the government rather than expressing hate towards any specific group or individual.,0
1937,The content in the meme is hateful.,1
1943,The content in the meme is non-hateful. It is a humorous expression of a common social situation where someone is chasing after someone else who is not interested in them. The meme uses humor to mock the situation and the person's reaction to it.,0
1953,"The content in the meme is hateful. The text suggests a harmful stereotype that associates Muslims with hunting, implying that hunting Muslims will result in fewer Muslims. This is a form of hate speech and promotes discrimination and prejudice.",1
1954,"The content in the meme is hateful. It contains offensive and derogatory language directed towards a specific group of people, which is not appropriate or respectful.",1
1956,"The content in the meme is non-hateful. It is a humorous and playful caption that suggests the dog is a crocodile, which is a light-hearted and amusing statement.",0
1962,The content in the meme is non-hateful. It is a humorous and light-hearted meme about putting makeup on for a profile photo.,0
1967,"The content in the meme is non-hateful. The text suggests a peaceful and symbolic action to combat racism, which is a positive and non-violent approach.",0
1972,The content in the meme is non-hateful. It is a humorous and lighthearted statement about a cat wanting to move into someone's home because they don't have a cat.,0
1974,The content in the meme is non-hateful.,0
1975,"The content in the meme is non-hateful. The text ""valentine in islamic countries"" suggests a cultural or religious context, but it does not contain any offensive or derogatory language or imagery.",0
2139,The content in the meme is non-hateful.,0
2143,"The content in the meme is hateful. The text implies a negative stereotype about a group of people, suggesting they are living in poverty and are proud of having nuclear weapons, which is a sensitive and potentially offensive statement.",1
2145,"The content in the meme is non-hateful. It is a humorous and light-hearted question about dinner, with no indication of any offensive or hateful language or content.",0
2146,"The content in the meme is hateful. The text suggests an apology for being ""white,"" which is a reference to race and can be considered offensive and discriminatory.",1
2153,"The content in the meme is non-hateful. It humorously depicts Kermit the Frog from the Muppets Show, who is known for his gentle and friendly demeanor, trying not to hit someone during an argument. The context suggests a light-hearted and comedic take on the situation rather than any form of hate or aggression.",0
2156,"The content in the meme is non-hateful. The text ""never forget"" is a neutral phrase that does not convey any form of hate or discrimination.",0
2157,The content in the meme is non-hateful. It is a humorous meme that uses a goat as a character and includes a playful and light-hearted message.,0
2158,"The content in the meme is hateful. The text uses derogatory language and promotes violence against women, which is not acceptable.",1
2165,"The content in the meme is hateful. It uses exaggerated and threatening language to differentiate between moderate and radical Muslims, implying that moderate Muslims are safe and radical Muslims are dangerous.",1
2168,"The content in the meme is non-hateful. It appears to be a humorous or sarcastic comment directed at someone or a group of people, using strong language to express frustration or disbelief.",0
2169,"The content in the meme is hateful. It makes a derogatory and offensive joke about Asians, implying that they have to switch to a ""fullscreen view"" to see better, which is a stereotype and a form of racial discrimination.",1
2185,"The content in the meme is hateful. The text ""wceeeeee! back over the border you go!"" is a derogatory and offensive statement, implying that the person in the image should be sent back to their country of origin.",1
2194,The content in the meme is non-hateful. It is a positive statement about a farmer who raises healthy animals.,0
2315,"The content in the meme is non-hateful. It appears to be a humorous or self-deprecating statement, suggesting that the person is aware of their own flaws and is not taking themselves too seriously.",0
2316,The content in the meme is non-hateful. It is a motivational message that emphasizes the importance of the message itself rather than the person delivering it.,0
2317,The content in the meme is hateful.,1
2351,"The content in the meme is hateful. The use of the term ""autistic child area"" in a negative context, associated with a crackhouse, is intended to be derogatory and offensive.",1
2356,The content in the meme is non-hateful.,0
2358,"The content in the meme is hateful. The meme makes a comparison between Anne Frank, a historical figure known for her experiences during the Holocaust, and ""Diary of a Wimpy Kid,"" a series of children's books. This comparison is inappropriate and disrespectful, as it trivializes the serious and tragic events of Anne Frank's life and the Holocaust.",1
2364,"The content in the meme is non-hateful. It depicts a Jewish shop owner wearing a kippah or yarmulke in his shop in Tehran, which is a neutral and respectful representation of Jewish culture and identity.",0
2365,"The content in the meme is non-hateful. It is a humorous and sarcastic meme that plays on the idea of a person trying to distinguish between a real gun and a BB gun, but the humor comes from the fact that the person is too late to make that distinction, as they are already dead.",0
2367,"The content in the meme is non-hateful. It is a humorous observation about the behavior of Dodge truck owners, suggesting that they do not want their vehicles to be photographed.",0
2371,"The content in the meme is hateful. The text uses derogatory language and makes a negative stereotype about people who work at T-Mobile, specifically targeting Mexican individuals.",1
2374,The content in the meme is hateful. It contains offensive language and makes derogatory remarks about a specific group of people.,1
2381,"The content in the meme is hateful. The comment ""you're so black, even your teeth are behind bars"" is a derogatory and offensive remark that uses racial stereotypes and language to mock the person's appearance and identity.",1
2384,"The content in the meme is non-hateful. It appears to be a light-hearted image of a person standing next to a purple sports car, with the text ""caitlin jenner showing off her new whip.""",0
2385,"The content in the meme is non-hateful. The text ""every life is precious"" suggests a message of respect and value for all life, which is a positive and non-hateful sentiment.",0
2389,The content in the meme is hateful.,1
2413,"The content in the meme is hateful. The image depicts a woman with a bruised face, and the accompanying text suggests that women's requests for equal rights are a result of their treatment. This is a form of gender-based violence and discrimination, which is inherently hateful.",1
2416,"The content in the meme is hateful. It makes a derogatory and offensive joke about female archaeologists, using a gender-specific item (a tampon, and implies that it is a source of humor to ask about its historical period. This type of humor is not appropriate and can be considered offensive.",1
2431,"The content in the meme is hateful. It makes a comparison between using subway services and prostitution, which is a derogatory and offensive comparison.",1
2435,"The content in the meme is non-hateful. It is a humorous play on words, using the autocorrect feature of a device to create a joke about the term ""fidget spinner"" being mistakenly changed to ""midget spinner.""",0
2439,"The content in the meme is non-hateful. It is a humorous take on the idea that Superman's flying class was popular but no one ever passed, suggesting that it might be a difficult class to pass.",0
2456,"The content in the meme is non-hateful. It is a humorous and sarcastic comment about the perception of veterans and their readiness to engage in conflict, contrasting with the public concern over terrorism.",0
2457,The content in the meme is hateful. The text and the image combined suggest a negative and discriminatory attitude towards a specific group of people.,1
2459,The content in the meme is non-hateful.,0
2461,The content in the meme is non-hateful.,0
2467,The content in the meme is hateful.,1
2471,"The content in the meme is non-hateful. It uses humor to make a point about the welfare office, suggesting that the presence of a gorilla and a child in the waiting area is unusual and amusing. The text ""hello monkeys"" is a playful way to express surprise or amusement.",0
2475,The content in the meme is hateful.,1
2476,The content in the meme is non-hateful.,0
2478,The content in the meme is hateful.,1
2481,The content in the meme is hateful.,1
2483,The content in the meme is non-hateful.,0
2485,"The content in the meme is non-hateful. It is a humorous and sarcastic statement about the nature of real friendship, suggesting that true friends share traumatic experiences together.",0
2497,"The content in the meme is non-hateful. The phrase ""you're a wizard motherfucker"" is a playful and affectionate way to express admiration or amusement, often used in a friendly or humorous context.",0
2514,"The content in the meme is non-hateful. It is a humorous observation about the dynamics of relationships and responsibilities, specifically in the context of making sandwiches.",0
2518,The content in the meme is non-hateful.,0
2519,"The content in the meme is hateful. The phrase ""it's funny because he's fat!"" is an example of weight-based harassment and is considered offensive and derogatory.",1
2536,"The content in the meme is non-hateful. It is a message about the dangers of drinking and driving, which is a serious public safety issue.",0
2537,"The content in the meme is hateful. The text ""arrest george soros for crimes against europe"" suggests a call for legal action against George Soros, implying that he has committed crimes against Europe. This type of language is often associated with hate speech and can be considered hateful.",1
2538,The content in the meme is non-hateful. It uses a humorous and light-hearted tone to express frustration in a playful manner.,0
2543,The content in the meme is non-hateful.,0
2548,"The content in the meme is non-hateful. It is a humorous meme featuring a chameleon with a dragonfly on its head, and the text is asking if the dragonfly is looking at it.",0
2561,"The content in the meme is hateful. It contains threatening and derogatory language, expressing a hostile and violent intent towards a specific group of people.",1
2568,The content in the meme is non-hateful.,0
2571,The content in the meme is non-hateful. It appears to be a light-hearted moment during an interview involving a former first lady.,0
2576,The content in the meme is non-hateful.,0
2581,"The content in the meme is hateful. The use of the term ""Mussie"" is derogatory and refers to people of Muslim descent, which is intended to be offensive and discriminatory.",1
2584,The content in the meme is hateful. The text suggests that the person depicted is so disgusting that laws are needed to prevent normal people from hatinging them. This is a derogatory and offensive statement.,1
2594,"The content in the meme is non-hateful. The texts ""jamal!"" and ""im pregnant!!!"" are displayed in a humorous and non-threatening manner, with no indication of hate or discrimination.",0
2613,The content in the meme is hateful. The text uses derogatory language and makes a negative and offensive joke about a specific religion and its followers.,1
2614,The content in the meme is hateful.,1
2631,"The content in the meme is non-hateful. It is a humorous and exaggerated expression of surprise or shock, often used in memes to convey a reaction to an unexpected situation.",0
2634,The content in the meme is non-hateful.,0
2647,"The content in the meme is hateful. It contains derogatory language and makes a reference to a person's nationality and ancestry, which is intended to be offensive and discriminatory.",1
2649,The content in the meme is non-hateful.,0
2653,"The content in the meme is hateful. It contains derogatory and harmful language directed towards a specific group of people based on their religion, and it promotes misinformation and fear.",1
2654,The content in the meme is non-hateful.,0
2657,"The content in the meme is non-hateful. It is a humorous observation about someone returning a broken sandwich maker to Walmart, which is a common and relatable situation.",0
2674,The content in the meme is non-hateful.,0
2687,The content in the meme is non-hateful. It is a humorous and light-hearted joke about using a sock on a doorknob to indicate that someone is busy.,0
2691,"The content in the meme is hateful. The phrase ""teaching them how to hunt young"" is a derogatory and offensive expression, often used to refer to the act of grooming or exploiting young people, particularly in a sexual or predatory manner.",1
2716,The content in the meme is non-hateful. It is a humorous and light-hearted statement that does not contain any offensive or derogatory language.,0
2718,"The content in the meme is non-hateful. It is a humorous and light-hearted situation involving a child's demand for dessert, which has led to a humorous outcome.",0
2719,The content in the meme is hateful. It uses derogatory language and imagery to stereotype and discriminate against a particular racial group.,1
2735,"The content in the meme is non-hateful. It is a playful and creative way to represent the word ""anxiety"" using Scrabble tiles, each of which is labeled with a mental disorder. The context is light-hearted and does not contain any offensive or hateful elements.",0
2751,The content in the meme is hateful. It promotes a divisive and exclusionary narrative by suggesting that a particular racial group had a better past.,1
2761,The content in the meme is non-hateful.,0
2763,"The content in the meme is hateful. The use of the term ""illegal aliens"" to refer to immigrants is often considered derogatory and pejorative, as it implies that these individuals are not legally entitled to be in the country and are therefore somehow inferior or undeserving of respect. The contrast between the two images, with one showing immigrants celebrating and the other showing people crossing a border illegally, further emphasizes this negative characterization.",1
2764,"The content in the meme is hateful. The text suggests a discriminatory message, implying that individuals should not stay in a certain place but do not have to leave. This type of language is often associated with hate speech and can be considered offensive and discriminatory.",1
2768,"The content in the meme is hateful. It implies a negative stereotype and discrimination against immigrants, particularly those who are illegal.",1
2769,"The content in the meme is non-hateful. It appears to be a humorous play on words and images, with the phrases ""cop crack"" and ""bacon wrapped donuts"" being used in a light-hearted manner.",0
2783,"The content in the meme is hateful. The text refers to the individuals as ""tractors"" and implies a dehumanizing comparison, which is a form of hate speech.",1
2789,The content in the meme is non-hateful. The meme humorously suggests that someone is so preoccupied with their appearance that they continue to apply makeup even while on the run from an arrest warrant.,0
2793,"The content in the meme is non-hateful. The term ""sea monkeys"" is often used humorously to refer to a type of toy that resembles a monkey and is sold as a novelty item. It is not intended to be offensive or derogatory.",0
2795,The content in the meme is non-hateful.,0
2814,"The content in the meme is non-hateful. The text ""want to party? yeah I'm down"" is a casual and friendly expression of interest in participating in a party.",0
2815,The content in the meme is hateful. It uses derogatory language and makes a comparison that is intended to be offensive and discriminatory.,1
2816,"The content in the meme is non-hateful. The text ""help im downing"" appears to be a playful or humorous expression, possibly indicating that the person is struggling or in need of assistance in the pool.",0
2831,"The content in the meme is non-hateful. The meme is a humorous play on the classic movie ""Jaws,"" suggesting that a shark (from the movie) would be useful in a situation where a large boat is overcrowded with people.",0
2841,"The content in the meme is non-hateful. It is a humorous statement about someone's birthday, suggesting that the person does not care if it is a happy occasion.",0
2845,"The content in the meme is hateful. It contains derogatory and offensive language, making it inappropriate and disrespectful.",1
2846,The content in the meme is non-hateful.,0
2849,The content in the meme is non-hateful.,0
2853,"The content in the meme is hateful. The text includes a quote from the Quran that is often misinterpreted and used to justify violent actions, which is a common tactic used by hate groups to spread their ideology. The meme also juxtaposes this quote with the statement ""muslims are not terrorist,"" which is a false and misleading claim.",1
2854,The content in the meme is hateful.,1
2857,"The content in the meme is hateful. It contains offensive language and makes derogatory comparisons, which are not appropriate or respectful.",1
2863,"The content in the meme is hateful. The text explicitly makes a distinction between ""white men"" as a general group and an individual who is described as a ""white boyfriend,"" implying that the latter is not considered a threat despite the general statement about white men being the biggest terror threat. This creates a harmful stereotype and promotes division based on race.",1
2867,"The content in the meme is non-hateful. The hashtags ""#freesentsov"" and ""#freekolchenko"" suggest a call for the release of individuals from Russia, which is a political statement rather than hateful content.",0
2876,"The content in the meme is hateful. The phrase ""tards"" is a derogatory term used to refer to people with intellectual disabilities, and the overall message of the meme is offensive and discriminatory.",1
2891,"The content in the meme is hateful. The text ""a blow up doll!"" is derogatory and implies that the person in the image is a non-human object, which is a form of dehumanization and can be considered hateful.",1
2894,"The content in the meme is non-hateful. It is a humorous and light-hearted exchange between a person and an officer, with the person playfully responding to a common police question with a friendly greeting.",0
2914,The content in the meme is non-hateful. It is a motivational message encouraging individuals to focus on their own motivation to overcome any hindrances in their path.,0
2917,"The content in the meme is hateful. The text uses offensive language and expresses a negative sentiment towards a specific group of people, which is indicative of hate speech.",1
2918,"The content in the meme is non-hateful. It depicts a religious leader surrounded by his followers, with one of them holding a firearm. The context suggests a peaceful gathering or a routine event in the leader's life.",0
2935,"The content in the meme is hateful. The phrase ""copsuckers"" is a derogatory term used to express disdain or hatred towards police officers.",1
2943,"The content in the meme is non-hateful. It appears to be a humorous reference to a ""hide and go seek champion"" with dates, which is likely intended to be a light-hearted joke rather than a hateful statement.",0
2945,"The content in the meme is non-hateful. The text ""you've been hungerstruck!"" is a playful and humorous way to describe someone who has been overwhelmed by hunger, using a play on words with ""hungerstruck.""",0
2946,The content in the meme is non-hateful.,0
2947,The content in the meme is non-hateful. It appears to be a humorous and light-hearted image with no indication of hate or discrimination.,0
2951,"The content in the meme is non-hateful. The text ""protesters throwing smoke bombs"" suggests a peaceful protest action, which is generally not considered hateful.",0
2956,The content in the meme is non-hateful. It is a humorous and light-hearted statement about the idea of sleeping peacefully despite the belief in going to hell in various religions.,0
2958,"The content in the meme is hateful. The text suggests that the person is making a derogatory and offensive remark about their blind friend's sense of smell, which is a form of discrimination and disrespect.",1
2965,"The content in the meme is hateful. The text implies a negative stereotype about people with physical characteristics, which is not only offensive but also promotes discrimination and prejudice.",1
2967,"The content in the meme is hateful. The text ""when the black kids start fighting at school"" is a racial stereotype and promotes negative stereotypes about black children.",1
2971,"The content in the meme is hateful. It uses derogatory language and makes a harmful comparison, which is inappropriate and offensive.",1
2973,"The content in the meme is non-hateful. It appears to be a humorous or sarcastic comment about a dog's perspective on running, suggesting that the dog is asking how long it can run before the leash becomes taut.",0
2974,The content in the meme is non-hateful.,0
2975,The content in the meme is non-hateful. It is a humorous observation about the irresistible nature of chips and salsa at a Mexican restaurant.,0
2983,"The content in the meme is non-hateful. It appears to be a request for a specific order of a popular fast-food item, specifically asking for a ""large Big Mac"" without onions.",0
2984,"The content in the meme is non-hateful. The text ""stop racism"" and ""black children and white children are the same"" promotes the idea of equality and unity among children regardless of race.",0
2987,"The content in the meme is non-hateful. The text ""not my president"" and ""not my residents"" expresses a sentiment of disapproval or rejection towards the person being referred to, but it does not contain any direct hate speech or derogatory language.",0
3124,"The content in the meme is non-hateful. The meme humorously suggests that someone named Muhammed is fixing his calculator, which is a neutral and non-controversial topic.",0
3128,The content in the meme is non-hateful.,0
3145,"The content in the meme is hateful. The phrase ""when each letter is a mental disorder"" is a play on the acronym LGBTQ+, which stands for Lesbian, Gay, Bisexual, Transgender, Queer, and Plus. By associatinging each letter with a mental disorder, the meme is making derogatory and harmful statements about the LGBTQ+ community.",1
3146,"The content in the meme is hateful. The text refers to an inhumane operation and implies that the image of the event will remain for years, which can be interpreted as a reference to the lasting impact of harmful actions or experiences.",1
3148,"The content in the meme is hateful. The statement ""fact: ethiopian food is so rare that locals don't even eat it"" is a false and offensive claim that suggests a lack of appreciation or consumption of Ethiopian cuisine by the local population. This type of statement can be seen as derogatory and disrespectful.",1
3162,The content in the meme is non-hateful. It is a light-hearted observation about the possibility of a serious professional relationship developing on LinkedIn.,0
3164,The content in the meme is non-hateful. It appears to be a humorous or light-hearted image with text that suggests someone is ready for a party.,0
3172,"The content in the meme is hateful. The phrase ""im white trash and im in trouble"" is derogatory and offensive, using racial slurs to make a negative statement about the person who created or is associated with the meme.",1
3178,"The content in the meme is hateful. The text suggests a violent act and implies a negative sentiment towards a specific group of people, which is inappropriate and offensive.",1
3185,The content in the meme is hateful. It contains offensive and derogatory language and makes derogatory assumptions about a specific ethnic group.,1
3186,"The content in the meme is hateful. It makes a comparison between a person removing polish with chemicals and a historical figure committing crimes against the Polish people, leading to World War II. This comparison is intended to be offensive and derogatory.",1
3187,"The content in the meme is non-hateful. It is a humorous observation about the common practice of fathers shaving their beards, which is often done to make their babies' faces easier to see. The text at the bottom is a humorous statement about the character's unfamiliarity with the situation.",0
3189,The content in the meme is non-hateful.,0
3197,"The content in the meme is non-hateful. It is a humorous observation about the gender of baby birds, with the person making the guess stating they are not a bird expert.",0
3214,"The content in the meme is hateful. The text suggests a discriminatory and offensive question about the gender of a 12-year-old, which is inappropriate and disrespectful.",1
3217,"The content in the meme is non-hateful. It is a metaphorical comparison using the concept of sperm to illustrate that many ideas are generated, but only one is effective or successful.",0
3241,"The content in the meme is non-hateful. It humorously contrasts the reactions of different racial groups to jokes, suggesting that the reactions are based on perceived cultural norms rather than hate.",0
3246,"The content in the meme is non-hateful. The term ""mobile nun"" is a humorous play on words, likely referring to someone who is mobile and possibly dressed in a nun's habit, but it is not intended to be offensive.",0
3248,"The content in the meme is non-hateful. It is a humorous meme that plays on the idea of someone being unable to stop thinking about a particular topic, in this case, former President Barack Obama.",0
3251,"The content in the meme is non-hateful. The text expresses a message of empathy and support for individuals experiencing gender dysphoria, suggesting that laughing at it is inappropriate and disrespectful.",0
3254,The content in the meme is hateful.,1
3256,"The content in the meme is non-hateful. It is a humorous and sarcastic response to the advice ""just be yourself,"" suggesting that the person is being asked to do something extreme or unrealistic.",0
3257,"The content in the meme is hateful. The phrases ""white trash"" and ""not marriage material"" are derogatory and offensive, promoting negative stereotypes and discrimination.",1
3258,"The content in the meme is hateful. It uses a stereotype and makes a derogatory comparison to suggest that the person is a refugee and needs help because of their appearance, which is a form of racial discrimination.",1
3267,The content in the meme is non-hateful. It is a humorous and positive expression of relief and satisfaction after completing homework quickly.,0
3268,The content in the meme is non-hateful.,0
3271,"The content in the meme is non-hateful. It humorously depicts a situation where a man's wife and girlfriend do not get along, which is a common and relatable scenario in relationships.",0
3275,The content in the meme is hateful.,1
3276,"The content in the meme is non-hateful. It is a humorous and sarcastic statement about the importance of having the right ingredients to make something successful, in this case, lemonade.",0
3279,"The content in the meme is non-hateful. It appears to be a humorous statement directed at someone, suggesting that they are tired of the speaker's jokes.",0
3281,The content in the meme is non-hateful.,0
3285,The content in the meme is non-hateful.,0
3289,"The content in the meme is hateful. The phrases ""fuck banks"" and ""fuck indians too"" are derogatory and show a lack of respect for both banks and the Native American community.",1
3291,"The content in the meme is hateful. It promotes a specific political stance regarding immigration and religion, which can be seen as divisive and exclusionary.",1
3296,The content in the meme is non-hateful.,0
3298,"The content in the meme is non-hateful. The text ""thanks for visiting"" is a polite and neutral message, typically used to express gratitude to someone who has visited.",0
3418,"The content in the meme is non-hateful. The text ""i got a flat on my way to the store"" suggests a humorous or light-hearted situation where someone experienced a flat tire on their way to a store.",0
3421,"The content in the meme is hateful. The text suggests a sense of entitlement and blame shifting, which can be interpreted as hateful or disrespectful.",1
3429,"The content in the meme is non-hateful. It appears to be a lighthearteded reflection on a past experience, possibly related to a personal or group achievement.",0
3468,The content in the meme is non-hateful.,0
3472,"The content in the meme is hateful. The use of the term ""niguana"" is a derogatory and offensive term that is used to refer to African Americans in a derogatory manner. The meme is also making light of the situation by suggesting that the baby is being sold as a pet, which is not appropriate or respectful.",1
3479,"The content in the meme is non-hateful. The text ""just waterin' the dirt"" is a playful and light-hearted phrase, likely referring to the child playing in the sprinkler, which is a common and innocent activity.",0
3482,"The content in the meme is non-hateful. The text ""i try not to be bias"" suggests an attempt to be fair and unbiased, which is a positive and non-hateful message.",0
3495,The content in the meme is non-hateful. It is a humorous and light-hearted message encouraging someone to respond to a heart reaction on their status by kissing their friend.,0
3519,"The content in the meme is non-hateful. It appears to be a humorous or ironic statement, possibly implying that the pig is going home because it is from Russia.",0
3524,"The content in the meme is hateful. The text suggests a negative stereotype about people from a certain country, implying that they can easily become terrorists. This kind of language is harmful and promotes discrimination.",1
3528,"The content in the meme is non-hateful. It is a humorous comment about a dog's appearance, suggesting a positive perspective on the dog's coloring.",0
3547,"The content in the meme is non-hateful. The image shows a group of people, including one who appears to have dwarfism, engaging in a playful and lighthearted argument. The context of the meme is meant to be humorous and does not contain any offensive or derogatory elements.",0
3567,"The content in the meme is non-hateful. It is a humorous and playful statement about someone's favorite color being ""potato,"" which is not a real color but a playful reference to the word ""potato.""",0
3568,"The content in the meme is non-hateful. It appears to be a political statement or commentary, possibly related to a debate or discussion about wealth and constitutional rights.",0
3574,"The content in the meme is non-hateful. It is a humorous and light-hearted message, likely intended to be funny rather than offensive.",0
3591,"The content in the meme is hateful. It contains derogatory and offensive language, making it a form of hate speech.",1
3615,The content in the meme is hateful.,1
3624,The content in the meme is non-hateful. It describes a traditional Muslim man with a beard in a neutral and respectful manner.,0
3629,The content in the meme is non-hateful. It is a humorous and relatable meme about a dog experiencing family conflict.,0
3642,The content in the meme is non-hateful. It is a playful and humorous phrase that is often used in a light-hearted manner to describe a situation where someone is caught in a compromising position with another man.,0
3659,"The content in the meme is non-hateful. It is a humorous and sarcastic comment about the electoral college system in the United States, suggesting that it should be defeated in a hypothetical NCAA tournament.",0
3675,The content in the meme is non-hateful. It expresses a personal experience related to political circumstances without targeting any specific group or individual.,0
3678,The content in the meme is non-hateful.,0
3681,"The content in the meme is non-hateful. It is a humorous observation about the stereotype that some Muslims are associated with having access to oil, which is a common resource in the Middle East. The meme does not contain any offensive or derogatory language or imagery.",0
3685,The content in the meme is non-hateful. It is a motivational or inspirational message that suggests that those who fight and protect others can be considered as heroes or angels in a metaphorical sense.,0
3691,"The content in the meme is non-hateful. The text refers to a ""Koran class with the Rohingya people,"" which suggests a positive and educational context.",0
3715,"The content in the meme is non-hateful. It is a humorous comparison between a washing machine and its supposed abilities to make martinis and steal tambourines, which is intended to be funny rather than offensive.",0
3718,"The content in the meme is non-hateful. The meme uses a playful and humorous tone, with the word ""baaaa-utiful"" being a playful variation of ""beautiful,"" combined with the image of a sheep, which is often associated with the word ""baaa."" The overall context is light-hearted and not intended to be offensive.",0
3728,"The content in the meme is non-hateful. It is a humorous take on the historical events involving Stalin and Hitler, using the context of a video game meme.",0
3745,"The content in the meme is hateful. It uses a derogatory term (""white privilege"") in a way that is intended to be offensive and discriminatory.",1
3751,The content in the meme is non-hateful.,0
3756,"The content in the meme is hateful. It contains a discriminatory and racist statement that suggests that white people do not have the right to live in Africa, while it is acceptable for black people to live in any European country they choose. This kind of language promotes racial prejudice and discrimination.",1
3759,"The content in the meme is non-hateful. It is a humorous comparison between Hillary Clinton and Vladimir Putin, suggesting that Putin wins elections because he rigs them, while Clinton's laughter implies she might not be as successful in that regard.",0
3764,The content in the meme is hateful.,1
3765,The content in the meme is hateful. It contains derogatory language and makes negative assumptions about a specific group of people based on their location and activities.,1
3789,"The content in the meme is hateful. The text ""anne frankly"" and ""i don't care"" is a play on words that is intended to be offensive and disrespectful.",1
3794,The content in the meme is hateful.,1
3795,"The content in the meme is hateful. The phrase ""you're a cunt"" is a derogatory and offensive term.",1
3798,The content in the meme is non-hateful. It appears to be a playful and casual invitation to go camping with someone they just met.,0
3841,The content in the meme is non-hateful.,0
3845,The content in the meme is non-hateful. It appears to be a statement about a specific incident involving a 17-year-old black individual who was unarmed.,0
3847,"The content in the meme is non-hateful. It appears to be a humorous and satirical image, suggesting a fictional scenario at an ""ISIS strip club,"" which is intended to be a joke rather than an expression of hate.",0
3849,The content in the meme is non-hateful.,0
3854,The content in the meme is non-hateful.,0
3861,The content in the meme is non-hateful. It is a humorous observation about a hypothetical situation where someone realizes they fought on the wrong side during World War II.,0
3864,The content in the meme is non-hateful. It is a humorous observation about the paradoxical nature of being a school shooter.,0
3865,"The content in the meme is non-hateful. It humorously contrasts the evolution of humans and gorillas, suggesting that despite millions of years of evolution, both species still enjoy relaxing activities.",0
3869,"The content in the meme is non-hateful. The text ""a mother's love for the child is a divine thing"" expresses a positive sentiment about the love between a mother and her child, which is a universal and non-controversial topic.",0
3871,The content in the meme is non-hateful.,0
3874,"The content in the meme is hateful. It uses derogatory language and stereotypes to depict the subject as a criminal, which is a form of hate speech.",1
3875,"The content in the meme is hateful. It uses a derogatory and offensive stereotype about Russians, implying that they are responsible for a negative action.",1
3896,The content in the meme is hateful.,1
3917,The content in the meme is hateful.,1
3924,"The content in the meme is hateful. The text ""three k's a day keeps the minorities away"" is a reference to the Ku Klux Klan (KKK), a white supremacist organization, and is used here in a derogatory and offensive manner.",1
3927,The content in the meme is hateful.,1
3942,"The content in the meme is non-hateful. The text ""they're just like anyone else"" suggests a positive and inclusive message, emphasizing that the person in the wheelchair is like anyone else.",0
3947,"The content in the meme is non-hateful. It appears to be a humorous comparison between a chair and a well-known figure, usinging the figure's's name to create a joke.",0
3957,"The content in the meme is non-hateful. The text ""lawn darts muslim style"" suggests a playful and light-hearted comparison, possibly indicating a unique or creative way of playing lawn darts. There is no indication of any negative or offensive connotations.",0
3962,The content in the meme is non-hateful.,0
3968,"The content in the meme is non-hateful. It humorously addresses the experience of being in an interracial relationship while watching a remake of the ""Roots"" miniseries, which is known for its historical significance and impact on the representation of African American history. The meme plays on the idea of the miniseries's themes of racial unity and the personal connection of the characters, suggesting a moment of shared understanding and celebration of their own relationship.",0
3971,The content in the meme is non-hateful.,0
3976,"The content in the meme is hateful. It contains derogatory language and makes harmful and false claims about the impact of Muslim immigration on countries, suggesting that countries that have become involved in Muslim immigration will eventually become Islamic states and implying that Islam is a negative influence.",1
3981,The content in the meme is non-hateful.,0
3984,The content in the meme is non-hateful. It is a humorous meme that uses a visual of a person holding a gun to make a joke about someone's brother's driving skills.,0
3987,"The content in the meme is hateful. The text ""the newest hate group the dumb stupid klan"" is a derogatory and offensive reference to a historically racist organization, the Ku Klux Klan.",1
4125,"The content in the meme is hateful. The text suggests that the person is making a racist comment, which is a form of hate speech.",1
4126,"The content in the meme is hateful. The meme makes a reference to the Holocaust, a historical event in which six million Jews and others were systematically murdered by the Nazi regime during World War II. The phrase ""they aint up here"" is a reference to the victims of the Holocaust, implying that they are not present in the afterlife, which is a disrespectful and offensive way to discuss the victims of the Holocaust.",1
4127,"The content in the meme is non-hateful. It appears to be a statement about the behavior of the US Paralympics team during a national anthem, which is a common topic of discussion and debate.",0
4132,"The content in the meme is non-hateful. It appears to be a humorous and affectionate message from a daughter to her father, expressing that she accomplished something without his direct involvement.",0
4135,"The content in the meme is hateful. It uses derogatory language and stereotypes to describe a person of a different race, referring to them as ""a monkey in human clothes."" This type of language is intended to be offensive and is considered hateful.",1
4138,"The content in the meme is hateful. It contains a racist and offensive joke that compares a bicycle to a person of a certain race, using the term ""nigger,"" and implies that both require ""chains"" to function. This type of language and comparison is derogatory and promotes harmful stereotypes.",1
4152,The content in the meme is non-hateful. It describes a tragic event where over 50 South Africans lost their lives during a protest after police opened fire.,0
4153,"The content in the meme is non-hateful. It promotes the message of ending racism and references Martin Luther King Jr.'s famous ""I have a dream"" speech, which is a powerful call for racial equality and justice.",0
4156,"The content in the meme is non-hateful. It is a humorous and exaggerated depiction of a person's reaction to drinking McDonald's Sprite, with the word ""kwispy"" added for comedic effect.",0
4157,"The content in the meme is non-hateful. It is a humorous and light-hearted statement about a man who does household chores, specifically loading the dishwasher every night.",0
4162,The content in the meme is non-hateful. It is a tribute to a person recognized for their brilliance in the field of science.,0
4163,The content in the meme is hateful.,1
4175,The content in the meme is hateful.,1
4183,"The content in the meme is non-hateful. The sign reads ""FAT POWER"" and ""we fight for justice,"" which suggests a message of empowerment and advocacy for justice rather than hate or discrimination.",0
4185,"The content in the meme is non-hateful. It is a humorous and light-hearted joke about needing a diaper, which is often used to describe someone who is still immature or acting like a child.",0
4187,"The content in the meme is non-hateful. It depicts a cultural practice of Muslims celebrating the new year through a dance called whirling dervishes, which is a traditional Sīriyeh dance. The text in the image is informative and does not contain any offensive or derogatory language.",0
4217,"The content in the meme is non-hateful. It appears to be a humorous take on a Coca-Cola advertisement, with the text and response suggesting a playful interaction between two individuals.",0
4239,The content in the meme is non-hateful. It is a humorous and light-hearted meme that uses a cartoon mouse to depict a common social situation.,0
4253,"The content in the meme is non-hateful. The text ""sad world history"" refers to a somber and tragic aspect of world history, likely related to a historical event or period.",0
4256,"The content in the meme is hateful. The phrase ""both white trash"" is a derogatory term used to describe people of lower socioeconomic status, often in a racist context.",1
4257,"The content in the meme is non-hateful. It is a critique of certain beliefs and values, using humor and sarcasm to express the absurdity of some viewpoints.",0
4263,"The content in the meme is non-hateful. The text expresses an opinion about Holocaust jokes and the character named Ann, stating that Holocaust jokes are offensive and that Ann is not funny. There is no explicit hate speech or derogatory content in the meme.",0
4265,"The content in the meme is non-hateful. The text ""farming simulator 1800"" suggests a historical context, likely referring to a farming simulation game set in the 1800s.",0
4267,"The content in the meme is hateful. The text suggests that the event or incident in question was caused by Muslims, implying a negative stereotype and promoting discrimination against the Muslim community.",1
4268,"The content in the meme is hateful. It makes derogatory and offensive assumptions about the individuals based on their attire and appearance, using language that is intended to be provocative and discriminatory.",1
4273,The content in the meme is non-hateful.,0
4278,The content in the meme is non-hateful. It is a motivational statement encouraging people not to seek advice from those who have not accomplished anything themselves.,0
4281,"The content in the meme is non-hateful. The text appears to be nonsensical and humorous, with phrases that are not intended to be offensive or derogatory.",0
4287,"The content in the meme is hateful. It contains gender stereotypes and dismissive language, suggesting that women should be confined to the kitchen and that their ""Women's Day"" is over, implying that women's rights and equality are no longer important.",1
4295,"The content in the meme is hateful. The text suggests a negative stereotype and discrimination against Native Americans, implying that it is inappropriate for black people to claim Native American heritage.",1
4296,"The content in the meme is non-hateful. The meme humorously imagines a scenario where Native American cowboys rode bicycles, which is a playful and imaginative concept rather than a harmful or offensive one.",0
4316,"The content in the meme is non-hateful. It is a humorous and light-hearted comment about the nature of algebra, geometry, and graphing, using a cat wearing glasses as a visual aid.",0
4319,The content in the meme is non-hateful. It is a humorous and light-hearted observation about the importance of maintaining farm equipment by keeping it hydrated to prevent overheating.,0
4321,The content in the meme is hateful. The quote suggests a threat of violence and is intended to provoke fear and hatred towards a particular individual.,1
4325,The content in the meme is non-hateful.,0
4326,The content in the meme is non-hateful.,0
4328,"The content in the meme is non-hateful. The text is a humorous observation about dogs not picking up after themselves, which is a common complaint among pet owners.",0
4356,The content in the meme is non-hateful. It is a humorous statement about personal preferences regarding underwear.,0
4361,"The content in the meme is hateful. It makes derogatory and offensive statements about Islam, suggesting that it has negatively impacted every country it has touched for over 1400 years.",1
4372,The content in the meme is non-hateful.,0
4379,The content in the meme is non-hateful.,0
4387,The content in the meme is non-hateful.,0
4397,"The content in the meme is hateful. The phrase ""auschwistic"" is a play on words that combines ""Auschwitz"" ( a concentration camp during World War II where many Jews were killed, with ""auschwitz"" which is a term used to describe someone who is mentally disabled. This type of humor is considered offensive and derogatory.",1
4529,"The content in the meme is hateful. It implies that sharing the image of a pig could upset Muslims, which is a form of discrimination and hate speech.",1
4536,"The content in the meme is non-hateful. It expresses support and admiration for a political figure, highlighting their qualities as a true American patriot and their potential to clean up America.",0
4538,"The content in the meme is non-hateful. It is a humorous observation about the prevalence of bows in various contexts, including pets and children.",0
4563,"The content in the meme is non-hateful. It appears to be a humorous or satirical comparison between two individuals, with the top part showing a person with the text ""yeah, we know"" and the bottom part showing another person with the text ""no president has done what I have done."" The context suggests a light-hearted or critical commentary rather than hate speech.",0
4568,The content in the meme is non-hateful.,0
4569,The content in the meme is non-hateful.,0
4579,"The content in the meme is hateful. It makes a derogatory comparison between Christianity and Islam, suggesting that Christianity protects pedophiles because the last time it happened, a person converted to Islam. This type of language is intended to provoke and is considered hateful.",1
4582,"The content in the meme is non-hateful. The text ""this has no place on american soil"" is a statement expressing a strong opinion or stance against burning the American flag, which is a symbol of national pride and respect. It does not contain any direct expressions of hate or discrimination against any group or individual.",0
4583,The content in the meme is hateful.,1
4591,"The content in the meme is non-hateful. It is a response to a statement made by Rep. Ilhan Omar regarding the 9/11 attacks, using a visual representation of the event to emphasize the severity and impact of terrorism.",0
4597,"The content in the meme is non-hateful. It discusses the issue of gun control and the impact of terrorist attacks on innocent people, along with the perspective of leaders on gun ownership.",0
4615,"The content in the meme is hateful. The text ""it's the religion of peace. join exclusive islam!"" implies a negative and exclusive view of Islam, suggesting that it is a religion of peace and that only certain individuals can join it. This kind of language is often used to spread misinformation and promote a negative stereotype about a particular religion.",1
4619,"The content in the meme is hateful. It uses derogatory language and stereotypes to describe a particular group of people, which is not appropriate or respectful.",1
4621,"The content in the meme is non-hateful. It uses humor to make a light-hearted comment about the idea that one's diet reflects their identity, with a playful twist on the phrase ""you are what you eat."" The context ""meanwhile in Africa"" suggests a comparison or contrast, but it does not contain any offensive or derogatory elements.",0
4623,"The content in the meme is non-hateful. It appears to be a factual statement about a family's financial situation, including the number of children, the absence of a husband or job, and the receipt of food stamps, which resulted in a tax refund.",0
4629,The content in the meme is non-hateful.,0
4637,"The content in the meme is non-hateful. It is a humorous expression of frustration about receiving uncooked Chinese food, which is a common issue with food delivery services.",0
4639,"The content in the meme is hateful. The phrase ""pound the fucking vagina"" is derogatory and objectifies women's bodies, promoting harmful and disrespectful attitudes towards women.",1
4651,"The content in the meme is non-hateful. It depicts a group of individuals taking a selfie, with the text ""what every Muslim looks like to me."" The image does not contain any explicit hate speech or derogatory content.",0
4658,The content in the meme is hateful. It contains threatening and derogatory language directed towards a specific group of people based on their religious beliefs.,1
4675,"The content in the meme is non-hateful. It is a humorous meme with a cat and a lion, where the cat is reacting to the lion's appearance with a playful and non-threatening comment.",0
4682,"The content in the meme is non-hateful. It is a social commentary on the allocation of funds, suggesting that more money should be spent on education rather than on drugs.",0
4683,"The content in the meme is non-hateful. The phrase ""no es mucho, pero es trabajo"" translates to ""it's not much, but it's work"" in English. This is a neutral statement that does not contain any offensive or hateful language.",0
4689,"The content in the meme is hateful. It uses a stereotypical and derogatory depiction of a cowboy to convey a message about illegal immigration, which is often associated with racism and xenophobia.",1
4695,"The content in the meme is non-hateful. It appears to be a humorous or satirical comment, suggesting that someone's sense of self-worth and masculinity is so fragile that they need to resort to the violent and aggressive tactics depicted in the movie ""Roadhouse."" The meme does not contain any explicit hate speech or targeted offensive content.",0
4712,The content in the meme is non-hateful. It is a humorous and sarcastic comment about someone's realization that they have been misled by someone named Trump.,0
4716,"The content in the meme is non-hateful. It is a humorous comparison between the salaries of a makeup artist and a personal stylist, suggesting that the difference in their services is not easily discernible.",0
4718,"The content in the meme is hateful. The phrase ""goat fuckers"" is a derogatory term used to refer to Muslims, and the context of the meme, which includes the mention of ISIS, further emphasizes the negative and offensive nature of the content.",1
4719,"The content in the meme is non-hateful. It humorously contrasts the perspective of a person with the perspective of a turkey, suggesting that the turkey might not see the situation in the same way as the person.",0
4726,"The content in the meme is hateful. The text suggests a call to kill all, which is a violent and harmful message.",1
4729,"The content in the meme is non-hateful. It is a humorous comparison suggesting that punk rock, which is often associated with a rebellious and aggressive subculture, is similar to gangsta rap, which is a genre of music that originated in African American and Latino communities. The meme is making a light-hearted observation rather than expressing any form of hate or discrimination.",0
4732,The content in the meme is non-hateful.,0
4735,"The content in the meme is non-hateful. The text ""smile even in the worst of times"" is a positive and encouraging message.",0
4758,The content in the meme is non-hateful. It appears to be a humorous or ironic statement about the tension between one's's emotional sensitivity and sexual desires.,0
4759,"The content in the meme is non-hateful. The text ""im ready to have some fun"" suggests a positive and friendly message, indicating that the person is open to having a good time.",0
4762,The content in the meme is non-hateful. It appears to be a positive message about scientists working hard to find cures for illnesses.,0
4765,"The content in the meme is hateful. The text suggests a negative stereotype and implies that the person in the image is responsible for disrupting a religious or political event, which is a form of hate speech.",1
4768,The content in the meme is non-hateful. It is a humorous comparison between the societal norms around eating pork and the norms around marriage to a minor.,0
4769,The content in the meme is non-hateful. It is a humorous and sarcastic statement that is not intended to be offensive or hateful.,0
4782,"The content in the meme is non-hateful. The text describes the child as ""adorable"" and ""appreciating life,"" which are positive and non-offensive terms.",0
4783,The content in the meme is non-hateful.,0
4786,"The content in the meme is hateful. It contains harmful and inaccurate statements about transgender individuals, suggesting that being transgender is a mental illness and implies that it leads to negative outcomes such as anxiety, depression, self-mutilation, and suicide. These statements are not only false but also promote harmful stereotypes and contribute to a hostile environment for transgender people.",1
4791,"The content in the meme is hateful. It makes derogatory and offensive remarks about men who are described as ""hungry sex maniacs,"" implying that they are not worthy of respect or protection. The use of such language and the comparison to women's clothing further reinforces negative stereotypes.",1
4798,"The content in the meme is hateful. The text uses derogatory language and implies that people with disabilities should be excluded or given special privileges, which is offensive and discriminatory.",1
4813,"The content in the meme is non-hateful. It appears to be a humorous or sarcastic statement about someone who hasn't stolen for over two weeks, possibly implying that they have been trying to avoid getting caught.",0
4819,The content in the meme is hateful.,1
4823,"The content in the meme is non-hateful. The text ""definitely a new cultural era!"" suggests a positive and progressive perspective on the cultural changes being depicted.",0
4827,"The content in the meme is non-hateful. It humorously depicts a situation where a person at a senior center is surprised by someone putting a bag of popcorn into the microwave, suggesting that it is an unusual or unexpected action for someone at a senior center.",0
4857,"The content in the meme is hateful. The phrase ""even the dumb jews know that!"" is derogatory and implies that Jews are not capable of understanding or recognizing racism. The overall tone of the meme is negative and offensive.",1
4859,"The content in the meme is hateful. The use of the term ""nigger"" is considered offensive and derogatory, and the phrase ""i'll be black"" is intended to be provocative and offensive.",1
4861,"The content in the meme is non-hateful. It is a humorous and sarcastic comment about anti-Trump friends, using the phrase ""another order of crow"" as a play on words, implying that anti-Trump friends are always negative or critical.",0
4863,"The content in the meme is non-hateful. It appears to be a light-hearted or humorous reference to someone's appearance or style, combining elements of ""hood"" and ""hippie.""",0
4873,"The content in the meme is non-hateful. It is a humorous comparison of different types of transmissions, with the third one being a playful reference to a person who has undergone a significant transformation, which is a common theme in memes.",0
4876,The content in the meme is non-hateful.,0
4879,The content in the meme is non-hateful. It appears to be a light-hearted joke about dishwashers.,0
4891,"The content in the meme is non-hateful. The text ""cannibalism"" refers to a biological behavior where animals eat their own kind, which is a natural and common occurrence in many species. The image of a bird eating a piece of food does not convey any form of hate or discrimination.",0
4892,"The content in the meme is non-hateful. The text ""send him to... meowschwitz"" is a playful and humorous reference to the word ""meowschwitz,"" which is a pun on the word ""Holocaust."" It is intended to be a joke rather than an expression of hate.",0
4912,"The content in the meme is hateful. It uses language that is derogatory and inflammatory, suggesting that immigrants are not welcome and are somehow inferior or threatening. The use of the term ""invaders"" and the comparison to waving a flag are intended to provoke a negative reaction and reinforce stereotypes.",1
4915,The content in the meme is non-hateful. It is a factual statement about the need for rhinos to mix breeds to preserve their species.,0
4917,"The content in the meme is hateful. The phrase ""similar to sharks because all the great ones are white"" is a form of racial stereotyping and discrimination, suggesting that only certain groups are superior based on their skin color.",1
4918,"The content in the meme is hateful. The text in the image makes a derogatory and offensive comment about the appearance of Asian eyes, suggesting that it is difficult to see, which is a stereotype and a form of racial discrimination.",1
4923,The content in the meme is non-hateful. It is a humorous and light-hearted expression of the pleasure one might experience after a long day when enjoying a first sip of beer.,0
4926,"The content in the meme is hateful. It makes a derogatory assumption based on the race of the individuals in the image, suggesting that the father of the baby is likely white. This type of language is harmful and promotes racial stereotypes.",1
4928,"The content in the meme is non-hateful. It appears to be a humorous or ironic statement about a dishwasher being sold with missing parts, which is not related to any form of hate speech or discrimination.",0
4938,"The content in the meme is non-hateful. It appears to be a humorous or ironic statement, possibly making light of a situation involving vaccination and survival.",0
4958,"The content in the meme is hateful. The image of a gorilla with the caption ""how I see black people getting trolled on the internet"" is a form of racial stereotyping and can be considered as offensive and discriminatory.",1
4971,The content in the meme is non-hateful. It appears to be a friendly birthday greeting with a playful and affectionate tone.,0
4975,The content in the meme is non-hateful.,0
4976,The content in the meme is non-hateful. It is a humorous observation about a common household mishap involving too much soap in the dishwasher.,0
4986,"The content in the meme is hateful. The phrase ""the enemy within"" is often used in a negative context to describe someone or a group as a threat from within. The names of the individuals listed are associated with political movements and issues that have been the subject of controversy and criticism.",1
5123,"The content in the meme is hateful. The text suggests that the police are questioning the victim about their appearance, specifically mentioning ""something black,"" which is a reference to race. This type of questioning is often associated with racial profiling and can be considered discriminatory.",1
5126,"The content in the meme is hateful. The text references the Holocaust, which is a deeply sensitive and tragic event in history. Using such imagery and language in a meme is inappropriate and disrespectful.",1
5127,The content in the meme is hateful.,1
5129,"The content in the meme is non-hateful. It appears to be a humorous and exaggerated statement about the discomfort of sleeping in a sleeping bag, with a playful reference to a scout master.",0
5134,"The content in the meme is hateful. The phrase ""the banality of evil"" refers to the idea that evil can be committed by ordinary people without any particular moral or ethical distinction, often in the context of historical atrocities. The image of a person in a suit, which is often associated with Adolf Hitler, is used to evoke this concept.",1
5138,The content in the meme is non-hateful. It expresses a political viewpoint regarding the expectation of pledging allegiance to a country.,0
5148,"The content in the meme is hateful. It contains offensive and stereotypical language, suggesting that breaking up with a Japanese girlfriend is particularly difficult because it requires repeating the breakup twice before the partner understands. This type of content is harmful and perpetuates negative stereotypes.",1
5162,The content in the meme is hateful. It contains offensive language and makes derogatory remarks about a specific religious group.,1
5164,"The content in the meme is non-hateful. The text is a metaphorical statement comparing dark humor to food, suggesting that not everyone understands or appreciates it. It does not contain any explicit hate speech or offensive content.",0
5172,The content in the meme is hateful. The text includes a threatening statement that promotes violence and is intended to intimidate those who do not agree with the claim that Islam is the religion of peace.,1
5174,"The content in the meme is non-hateful. The text ""when you start burning calories instead of people"" is a humorous and ironic statement, likely intended to be a light-hearted joke rather than an expression of hate or prejudice.",0
5183,"The content in the meme is non-hateful. It is a humorous observation about a common everyday situation, using humorously exaggerated to create a meme.",0
5189,The content in the meme is non-hateful.,0
5198,The content in the meme is non-hateful.,0
5213,"The content in the meme is non-hateful. It appears to be a critique of the legal system, highlighting a perceived inconsistency in the treatment of individuals involved in the Hillsborough tragedy and Shamima Begum's case. The meme uses humor to express frustration with the system, as indicated by the quote ""our system is a sick joke!"" by Martin Costello.",0
5214,"The content in the meme is non-hateful. The text is a humorous and exaggerated command, likely intended to be taken in a lighthearted manner.",0
5218,The content in the meme is non-hateful.,0
5219,"The content in the meme is hateful. The text suggests a negative and exclusionary view of ""white America,"" implying that it was better than the current state of affairs.",1
5231,The content in the meme is non-hateful.,0
5241,"The content in the meme is non-hateful. It appears to be a positive message about Tyrone's life improvements, such as getting a new job, building credit, and spending more time with his kids.",0
5249,The content in the meme is non-hateful.,0
5261,"The content in the meme is hateful. The text ""i'm deportinging all mexicans!!! except the ones in baldwin park you fuckers are crazy!!!"" expresses a discriminatory and xenophobic sentiment, targeting a specific group of people based on their nationality.",1
5264,"The content in the meme is hateful. It contains a derogatory and harmful stereotype about Muslims, suggesting that they are not a threat to women.",1
5269,The content in the meme is non-hateful. It appears to be a political commentary or meme that is making a joke about the reactions of certain individuals to criticism.,0
5273,"The content in the meme is non-hateful. It is a humorous and sarcastic comment that plays on the idea of a fictional ""whorefax"" to mock the concept of a ""carfax"" for vaginas. The humor is derived from the absurdity of the situation rather than any harmful intent.",0
5276,The content in the meme is non-hateful. It appears to be a casual and friendly team photo with no indication of any offensive or hateful behavior.,0
5279,"The content in the meme is hateful. The text implies a racist stereotype about white people, suggesting that the father of the pregnant woman's baby is likely a white person. This is a derogatory and offensive statement.",1
5283,"The content in the meme is non-hateful. It is a humorous statement about the challenges and traits that the person has experienced in life, without targeting any specific group or individual.",0
5294,"The content in the meme is non-hateful. It is a humorous and light-hearted meme that uses a play on words, where ""it"" refers to the bird, and the cat is humorously responding that it has been ""eaten"" by the bird.",0
5297,"The content in the meme is non-hateful. It appears to be a humorous or ironic statement about a situation, rather than expressing hate or prejudice.",0
5316,"The content in the meme is non-hateful. The text ""doing o's with the smoke"" suggests a playful or casual activity involving smoke, likely a reference to a popular smoking trick.",0
5327,The content in the meme is non-hateful. It promotes self-acceptance and the importance of being true to oneself regardless of external circumstances.,0
5329,The content in the meme is non-hateful. It promotes the idea that judging someone based on their skin color is not appropriate and that people might have a natural tan.,0
5349,"The content in the meme is non-hateful. The text ""normal day in a Islamic country"" suggests a neutral or positive perspective on life in an Islamic country. The image shows two individuals in a casual setting, which alignss with the idea of a normal day.",0
5362,"The content in the meme is non-hateful. It is a humorous and exaggerated response to someone liking something that the speaker does not enjoy. The use of a gun and the phrase ""disgusting prepare to forfeit your life"" is meant to be taken as a joke rather than a serious threat.",0
5369,"The content in the meme is non-hateful. It humorously depicts a situation where someone is chasing after someone who clearly does not want to be involved, and the person chasing decides to pretend they didn't see the rejection.",0
5372,The content in the meme is non-hateful. It presents a political argument about the role of the government in providing healthcare and the cost of guns.,0
5376,"The content in the meme is non-hateful. It appears to be a humorous and possibly offensive joke, but it does not contain any hate speech or targeted discrimination.",0
5379,The content in the meme is non-hateful.,0
5384,"The content in the meme is non-hateful. It depicts a heartwarming scene of a father and daughter spending quality time together, which is a positive and non-controversial theme.",0
5387,The content in the meme is non-hateful.,0
5389,"The content in the meme is non-hateful. It is a humorous statement about the quality of a pizza, suggesting that taking it to Italy would result in arrest due to its supposed disgust.",0
5398,"The content in the meme is hateful. The text implies a racist stereotype, suggesting that a white person being stopped by the police is a cause for celebration or relief, which is offensive and perpetuates harmful racial biases.",1
5421,"The content in the meme is non-hateful. It is a statement about a tragic event involving a car pile-up in Mexico, with a mention of the number of people who died.",0
5429,"The content in the meme is hateful. The text suggests a connection between the NAACP (National Association for the Advancement of Colored People) and Adolf Hitler, which is intended to be offensive and derogatory.",1
5436,The content in the meme is non-hateful.,0
5437,The content in the meme is non-hateful.,0
5438,The content in the meme is non-hateful.,0
5439,"The content in the meme is non-hateful. The text appears to be a humorous or ironic statement, possibly suggesting a product that combines the functions of a portable dishwasher and a sandwich maker.",0
5461,The content in the meme is hateful. The use of derogatory language and stereotypes about military personnel and individuals from a specific country and gender is intended to be offensive and disrespectful.,1
5462,"The content in the meme is hateful. The text expresses a negative sentiment towards white liberals, which can be considered hateful speech.",1
5463,"The content in the meme is non-hateful. It is a humorous observation about dressing up for a dinner at a girlfriend's house, suggesting that it might be at her parents' house.",0
5468,"The content in the meme is non-hateful. It is a humorous observation about the situation when someone loses their jewelry, suggesting that they might have lost it at the beach.",0
5471,The content in the meme is hateful.,1
5476,"The content in the meme is hateful. The text ""greetings white person"" and ""time to die"" are derogatory and racist, targeting individuals based on their race.",1
5479,"The content in the meme is non-hateful. It provides information about a person named Steve, his family situation, and a specific detail about his family's Facebook names. There is no indication of any hateful or offensive language or content.",0
5482,"The content in the meme is hateful. The text ""stupid you are"" and ""breed you should not"" are derogatory and offensive, expressing negative and discriminatory sentiments.",1
5483,"The content in the meme is hateful. It contains derogatory language and makes negative comments about a specific group of people, which is not appropriate or respectful.",1
5489,"The content in the meme is non-hateful. It is a humorous take on the political affiliation of Donald Trump, suggesting that his stance on suppressors might be influenced by his political party.",0
5498,"The content in the meme is hateful. The phrase ""step one: turn on the gas"" is a reference to a historical event where gas was turned on in concentration camps to kill prisoners, particularly Jewish people. This is a sensitive and offensive topic, and using it in a meme is not appropriate.",1
5612,"The content in the meme is non-hateful. It is a playful and humorous statement about a child dressed as a chef, suggesting that the child is the ""most underrated cook of all time.""",0
5614,The content in the meme is non-hateful.,0
5617,"The content in the meme is non-hateful. It is a humorous meme that plays on the phrase ""Netflix and chill"" and adds a twist with a reference to a pill, which is a play on words rather than any form of hate speech.",0
5619,"The content in the meme is non-hateful. It refers to ""official white house holiday ornaments,"" which suggests that the ornaments are related to the White House and are likely part of a holiday celebration.",0
5642,"The content in the meme is non-hateful. The phrase ""blew his tranny"" is a slang term used to describe a car that has experienced a mechanical failure, specifically a transmission failure. It is not intended to be offensive or hateful.",0
5643,"The content in the meme is hateful. It makes a derogatory and offensive comparison, suggesting that the solution to the problem of hunger in Africa is for children to eat flies, which is both cruel and disrespectful.",1
5649,The content in the meme is non-hateful. It appears to be a political statement expressing a desire for justice and retaliation against perceived corruption.,0
5672,The content in the meme is non-hateful. It is a humorous and light-hearted joke about someone pushing their life alert necklace and waiting for emergency medical technicians (EMTs) to arrive.,0
5689,"The content in the meme is hateful. It makes a derogatory and offensive statement about people who cry ""racist"" and implies that they are the most racist individuals. This type of language is intended to provoke and incite hostility towards a particular group of people.",1
5712,"The content in the meme is non-hateful. It conveys a message of forgiveness and encouragement, suggesting that God will forgive anyone regardless of their past actions.",0
5716,"The content in the meme is non-hateful. It appears to be a humorous or satirical image that juxtaposes a dog with a human, possibly making a light-hearted comment about the relationship between dogs and humans.",0
5719,"The content in the meme is hateful. It contains derogatory and offensive language, promoting negative stereotypes and harmful attitudes towards women and Islam.",1
5726,"The content in the meme is non-hateful. It is a humorous play on the common children's story about storks delivering babies, which is often used to explain the concept of birth. The phrase ""but a swallow never will"" is a playful twist, suggesting that swallows, like storks, are involved in the delivery of babies, which is a humorous and light-hearted joke.",0
5734,The content in the meme is non-hateful.,0
5736,The content in the meme is non-hateful.,0
5741,"The content in the meme is non-hateful. It is a humorous question about the music someone might be listening to during a speed chase, which is not related to any form of hate speech or discrimination.",0
5743,"The content in the meme is non-hateful. It is a humorous and light-hearted joke about the effects of eating at Taco Bell, using a visual of a nuclear explosion to exaggerate the impact.",0
5749,"The content in the meme is hateful. The phrase ""he's too explosive"" is a derogatory term that implies violence or aggression, which is used to stereotype and negatively stereotype individuals based on their name or perceived ethnicity.",1
5761,"The content in the meme is non-hateful. It is a humorous and light-hearted meme that uses a scenario to encourage people to post and comment on a platform. The humor comes from the contrast between the character's confident pose and the actual situation, which is a playful way to engage with the audience.",0
5762,"The content in the meme is non-hateful. It appears to be a humorous or confrontational statement, possibly from a character in a TV show or movie, where the character is asserting their power or influence.",0
5781,"The content in the meme is hateful. The meme is making a reference to Adolf Hitler, who was a leader of the Nazi Party and was responsible for the Holocaust, which resulted in the deaths of millions of people, primarily Jews. The use of his name and the context of the meme are intended to be offensive and disrespectful.",1
5782,"The content in the meme is hateful. The phrase ""piggers"" is a derogatory term used to refer to people of African descent, and the context of the meme, featuring a character from ""Aqua Teen Hunger Force,"" is often associated with offensive humor.",1
5784,"The content in the meme is non-hateful. The text is a statement of admiration and comparison, expressing that if the person had a son, he would resemble Harambe, the beloved gorilla from the Cincinnati Zoo.",0
5789,"The content in the meme is non-hateful. It is a humorous statement about self-trust, suggesting that even trusting oneself can be uncertain at times.",0
5791,"The content in the meme is non-hateful. It is a humorous meme that plays on the name ""Mohammed"" and the idea of a goat being pregnant, with a playful tone.",0
5792,The content in the meme is non-hateful.,0
5793,The content in the meme is hateful.,1
5798,The content in the meme is non-hateful. It humorously suggests a scenario where three friends become best friends but end up competing for the same person's attention.,0
5813,The content in the meme is non-hateful. It appears to be a humorous or satirical take on a news story involving a man attempting to trade a kidnapped baby for Big Macs at McDonald's.,0
5824,"The content in the meme is non-hateful. It appears to be a humorous or satirical comment, likely referencing the popular video game ""Call of Duty"" and suggesting that the person is not taking the situation seriously.",0
5826,"The content in the meme is hateful. The text suggests that being wrong is a characteristic that applies specifically to women, which is a form of sexism.",1
5832,The content in the meme is hateful.,1
5841,"The content in the meme is non-hateful. It is a humorous play on words, using the phrase ""ants in your pants"" to suggest that uncles are worse than the feeling of ants crawling under your pants.",0
5846,"The content in the meme is hateful. The image depicts individuals in Ku Klux Klan robes, which are associated with hate groups and racism. The text ""our insurance"" is likely a reference to the Ku Klux Klan's insurance policy, which is a historical and controversial topic related to their activities and beliefs.",1
5847,"The content in the meme is non-hateful. It is a humorous observation about a common response to someone asking for a fire extinguisher, which is often used as a joke because fire extinguishers are typically used to put out fires, not to extinguish smoking.",0
5863,"The content in the meme is non-hateful. It appears to be a humorous or playful interaction between two individuals, possibly using a dog as a metaphor or a playful reference to a shotgun.",0
5864,"The content in the meme is hateful. The text suggests a negative stereotype about a group of people, which is inappropriate and offensive.",1
5869,"The content in the meme is non-hateful. It is a humorous response to a question about burial preferences, with a playful and slightly risqué answer.",0
5872,The content in the meme is hateful.,1
5874,The content in the meme is non-hateful.,0
5879,"The content in the meme is non-hateful. The signs and text in the image promote messages of love, equality, and peace, which are generally considered positive and supportive.",0
5912,"The content in the meme is non-hateful. It appears to be a humorous or ironic statement, possibly making light of cultural stereotypes or playing on the idea of someone taking on a different identity or appearance.",0
5914,"The content in the meme is non-hateful. It appears to be a humorous and satirical image, likely intended to be funny rather than offensive.",0
5916,The content in the meme is non-hateful. It is a humorous and exaggerated statement that is meant to be taken as a joke.,0
5917,"The content in the meme is non-hateful. It is a humorous play on the idea of a famous person reincarnating in a different form, in this case, as a chair.",0
5918,"The content in the meme is hateful. The text refers to a historical event that is widely recognized as a horrific event in history, but the phrasing ""burning them"" is likely intended to be provocative and offensive.",1
5926,The content in the meme is hateful.,1
5928,"The content in the meme is non-hateful. It is a humorous and light-hearted joke about the weight of a person and the possibility of a threesome, without any intention to cause offense or harm.",0
5931,The content in the meme is non-hateful. It is a humorous and sarcastic comment about the inconsistency between someone's appearance on social media and in real life.,0
5936,"The content in the meme is non-hateful. The text expresses a desire to have been present and to have been able to help during a historical event, without any explicit or implicit hateful language or sentiments.",0
5938,The content in the meme is hateful. It uses a derogatory and offensive phrase to stereotype and mock individuals based on their sexual orientation.,1
5941,The content in the meme is non-hateful.,0
5942,The content in the meme is hateful. It contains offensive language and makes derogatory remarks about a specific religion.,1
5943,The content in the meme is hateful. The text uses derogatory language and makes a negative and offensive statement about a group of people based on their race and socioeconomic status.,1
5947,"The content in the meme is non-hateful. It appears to be a humorous or satirical statement about the number of confirmed sightings of a certain creature (referred to as ""28 nosler ammo"" in a playful manner.",0
5948,"The content in the meme is hateful. The phrase ""redneck sh*t"" is a derogatory term that is used to stereotype and demean people based on their regional or cultural background.",1
5968,The content in the meme is non-hateful.,0
5972,"The content in the meme is non-hateful. It appears to be a humorous and light-hearted observation about the common experience of having to take another picture for someone, likely a parent, who wants more photos.",0
5973,The content in the meme is non-hateful. It appears to be a question or statement about the history or process by which black people became Christians.,0
5976,"The content in the meme is non-hateful. It is a humorous joke that plays on the idea of a hand grenade being dangerous and potentially destructive, similar to how a ring can be a symbol of commitment and security in a marriage. The joke is intended to be light-hearted and not offensive.",0
5978,The content in the meme is non-hateful.,0
5984,The content in the meme is non-hateful.,0
5986,The content in the meme is non-hateful. It is a humorous statement suggesting that the person should follow New Zealand's ban on certain rifles and then move to New Zealand.,0
5987,"The content in the meme is hateful. The text and the imagery combined suggest a negative and dehumanizing portrayal of an individual based on their race, which is inappropriate and offensive.",1
6123,"The content in the meme is non-hateful. The text ""a group of men"" refers to a group of male individuals, and there is no indication of any negative or offensive connotations in the image or the text.",0
6125,The content in the meme is non-hateful. It is a humorous and expletive-filled question directed at someone who has the lighter.,0
6127,The content in the meme is non-hateful.,0
6135,The content in the meme is non-hateful. It is a positive message encouraging everyone to take care of their skin.,0
6147,The content in the meme is non-hateful. It is a simple statement identifying the Quran as the Islamic sacred book.,0
6153,"The content in the meme is hateful. The text references the Ku Klux Klan, which is a historically known group associated with racism, white supremacy, and violence. The phrase ""had a bad dream about the Ku Klux Klan"" is likely intended to evoke a negative reaction due to the historical and controversial nature of the group.",1
6157,"The content in the meme is non-hateful. The text is a light-hearted observation about dark humor, comparing it to food and stating that not everyone understands it.",0
6158,"The content in the meme is non-hateful. It appears to be a humorous reference to a video game, ""Call of Duty,"" with a playful twist indicating a ""New Zealand edition.""",0
6175,The content in the meme is non-hateful.,0
6179,The content in the meme is non-hateful.,0
6194,"The content in the meme is non-hateful. The text ""burning things that don't mean anything to you"" suggests a metaphorical or symbolic action rather than a literal one. It implies discarding or letting go of items that hold no personal significance, which is a common sentiment and not indicative of hate speech.",0
6195,The content in the meme is non-hateful. It is a humorous observation about the inconvenience of a dishwasher malfunctioninging and suggesting that one might have to revert to manual dishwashing as a result.,0
6197,"The content in the meme is non-hateful. It is a humorous and sarcastic comment that plays on the stereotype that firefighters are better at certain things than police officers. The phrase ""ask a police officer's wife"" is a play on words, suggesting that firefighters are better at something related to police officers, but it is presented in a way that is meant to be funny rather than offensive.",0
6198,"The content in the meme is non-hateful. It appears to be a statement about military activities in Vieques, a U.S. territory, in March 2019, mentioning constant bomb explosions.",0
6213,The content in the meme is hateful.,1
6218,"The content in the meme is non-hateful. The phrase ""that's a little savage"" is used humorously to describe someone who is being playful or mischievous, rather than expressing hate or prejudice.",0
6231,"The content in the meme is hateful. The phrase ""do i need to dig up hitler to show you how to use an oven"" is a reference to the Holocaust and is intended to be offensive and derogatory.",1
6237,The content in the meme is non-hateful. It uses a metaphorical and humorous approach to express frustration or irony about a situation where something is not mandatory but strongly encouraged.,0
6239,"The content in the meme is non-hateful. It appears to be a humorous situation where a child predicts that a family photo will be funny in the future, and the cameraman is unsure.",0
6243,"The content in the meme is hateful. The phrase ""laughs in goat f**ker"" is a derogatory term that is used to mock and degrade people based on their race or ethnicity.",1
6248,"The content in the meme is hateful. The text ""your black neighbor after you called the cops"" suggests a negative stereotype and implies that the neighbor is being targeted by the person who called the police, which is a form of racial profiling and discrimination.",1
6273,"The content in the meme is hateful. The term ""the jihad squad"" is a derogatory and offensive label, implying that the individuals are associated with or support jihad, which is a term often used in a negative context to refer to violent extremism. This kind of language is intended to stigmatize and discriminate against a group of people.",1
6275,"The content in the meme is non-hateful. It is a humorous observation about the inconsistency in listening to rap music while being offended by the phrase ""baby it's cold outside"" from the song ""Baby It's Cold Outside.""",0
6291,The content in the meme is non-hateful.,0
6293,The content in the meme is hateful.,1
6295,"The content in the meme is non-hateful. It is a playful and humorous question, ""are u a wizard?"", which is often used in internet culture to express admiration or to make someone feel special.",0
6315,The content in the meme is hateful.,1
6319,"The content in the meme is non-hateful. The text is a political statement that suggests a different method of causing harm to a nation, which is a form of political commentary rather than hate speech.",0
6325,"The content in the meme is non-hateful. It appears to be a political statement or commentary, expressing an opinion about a public figure's's donation to alcoholism research.",0
6329,"The content in the meme is non-hateful. The meme shows a president expressing a position on capital punishment, which is a political or social issue, not a hateful one.",0
6345,The content in the meme is non-hateful. It is a humorous and light-hearted exchange between a driver and a police officer about a speeding ticket.,0
6348,"The content in the meme is hateful. It contains offensive language and makes derogatory assumptions about a specific group of people, which is not appropriate or respectful.",1
6349,The content in the meme is non-hateful. The text in the image is a humorous statement about the perception of the individuals depicted.,0
6352,The content in the meme is non-hateful.,0
6357,"The content in the meme is non-hateful. The text ""it's time to stop this"" suggests a call for action or a request to cease a particular behavior or situation.",0
6359,The content in the meme is non-hateful. It is a humorous comparison between what women think they will do in the event of an economic collapse versus what they actually do. The meme does not contain any offensive language or stereotypes.,0
6374,"The content in the meme is hateful. The phrase ""islamic windchimes"" is a derogatory term that implies that the sound of a mosque's call to prayer is compared to the sound of windchimes, which is a disrespectful and offensive comparison.",1
6375,"The content in the meme is non-hateful. The meme humorously contrasts the peaceful act of giving ashes in a religious context with the idea of ""giving wars,"" which is a play on words rather than a literal statement.",0
6378,"The content in the meme is non-hateful. The text ""let's end racism"" promotes a message of unity and anti-racism.",0
6387,"The content in the meme is hateful. It contains offensive language and makes a derogatory comparison, which is not appropriate or respectful.",1
6392,The content in the meme is non-hateful. It is a humorous and light-hearted message encouraging people to buy their wives a new gun in May.,0
6412,The content in the meme is non-hateful. It appears to be a humorous or sarcastic comment about a situation involving a romantic encounter at a rehabilitation facility.,0
6415,The content in the meme is hateful. It contains a derogatory statement that is intended to insult and demean individuals based on their race and cultural heritage.,1
6418,"The content in the meme is non-hateful. It appears to be a statement or statistic about the frequency of bomb incidents, without any explicit hate speech or targeting of any particular group.",0
6425,The content in the meme is non-hateful. It is a humorous and confident statement that suggests the person is so well-known that they do not need to worry about having problems with people who do not know them well enough to have a problem.,0
6427,"The content in the meme is hateful. The phrase ""little girls are the devil"" is a derogatory and harmful statement that promotes negative stereotypes and discrimination against girls.",1
6431,"The content in the meme is non-hateful. It is a humorous and light-hearted meme that plays on the idea of an employee asking about someone's bra size, which is a common and non-controversial topic.",0
6435,"The content in the meme is hateful. The text describes the slave salesman as saying something derogatory and offensive about the enslaved people, which is a form of hate speech.",1
6439,"The content in the meme is non-hateful. It appears to be a reference to a popular television show, ""Back to the Future,"" and is related to the Rock and Roll Hall of Fame.",0
6458,"The content in the meme is non-hateful. It is a humorous and sarcastic response to someone who is tired of anti-Trump posts, suggesting that they should pray for the author to stop posting instead of expressing any form of hate or hostility.",0
6471,"The content in the meme is hateful. The text uses derogatory language and makes a false accusation about Colin Kaepernick's parents, which is intended to be offensive and discriminatory.",1
6479,The content in the meme is hateful.,1
6481,"The content in the meme is non-hateful. It is a humorous and light-hearted joke about someone needing to wash their car, with a playful reference to Colin Kaepernick.",0
6482,"The content in the meme is hateful. It contains a derogatory and sexist statement, implying that the person making the statement is not capable of making sandwiches because of their gender.",1
6483,"The content in the meme is non-hateful. It is a humorous and light-hearted statement about a woman who did not complain, nag, or be negative, but it is presented in a way that acknowledges that such behavior was not common in the past. The meme does not contain any offensive or derogatory language or content.",0
6489,"The content in the meme is hateful. The phrase ""a head diaper is required when you have shit for brains"" is derogatory and uses offensive language to mock and degrade the individual named in the image.",1
6491,The content in the meme is hateful.,1
6513,The content in the meme is non-hateful.,0
6514,"The content in the meme is hateful. The text ""halal... is it meat you're looking for?"" implies a negative stereotype about halal food and suggests that the person is only interested in meat, which is a form of discrimination against individuals who follow halal dietary practices.",1
6519,The content in the meme is hateful.,1
6524,"The content in the meme is non-hateful. It appears to be a neutral or positive depiction of black women in law enforcement, with the text ""how black women fight crime"" suggesting a focus on their role in crime prevention and law enforcement.",0
6531,"The content in the meme is non-hateful. It is a humorous and exaggerated statement about sweating, using hyperbolic language to make a joke.",0
6534,"The content in the meme is hateful. The text ""sorry white guys but I only date black guys"" is a form of racial discrimination and prejudice.",1
6537,"The content in the meme is non-hateful. The image shows two individuals in suits, likely groomsmen or grooms, with the text ""lust and love"" above them. The context suggests a celebration of love and affection, which is generally considered a positive and non-hateful message.",0
6539,"The content in the meme is non-hateful. The text ""excuse me! anyone can wear a dress!"" is a playful and light-hearted statement, suggesting that wearing a dress is a common and simple action that anyone can do. It does not contain any offensive or derogatory language or imagery.",0
6541,The content in the meme is hateful.,1
6543,The content in the meme is hateful.,1
6547,"The content in the meme is hateful. The text ""hide and seek European champion 1942-1944"" is a reference to the Holocaust, specifically the Holocaust in Europe during World War II. The term ""European champion"" is used humorously to refer to the mass extermination of Jews and other groups during this period. This type of content is intended to be offensive and disrespectful.",1
6579,"The content in the meme is hateful. The text suggests a lack of comfort or familiarity with interacting with black people, which is a form of racism.",1
6582,The content in the meme is hateful.,1
6584,"The content in the meme is non-hateful. It is a humorous observation about the effects of consuming too much trans fat, which is a type of unhealthy fat. The meme uses a visual metaphor to illustrate the exaggerated reaction to consuming too much of this type of fat.",0
6589,"The content in the meme is hateful. The phrase ""i will fuck ur goats"" is a derogatory and offensive statement directed at a specific group of people.",1
6593,The content in the meme is non-hateful.,0
6597,"The content in the meme is non-hateful. The phrase ""we're all here cause we ain't all there"" is a humorous and light-hearted statement, often used to express the idea that people are present but not fully engaged or present in the moment. It does not contain any offensive or hateful language or content.",0
6712,The content in the meme is non-hateful.,0
6714,"The content in the meme is hateful. The phrase ""free kfc, grape kool aid, & watermelon"" is a reference to racial stereotypes and is intended to be offensive.",1
6715,The content in the meme is non-hateful.,0
6723,The content in the meme is non-hateful.,0
6725,The content in the meme is non-hateful. It is a humorous and exaggerated scenario that plays on the idea of receiving a provocative message from an ex-partner.,0
6728,The content in the meme is hateful.,1
6739,The content in the meme is non-hateful. It is a humorous statement that uses a metaphorical phrase to express a sense of superiority or disdain.,0
6749,"The content in the meme is non-hateful. It appears to be a humorous or sarcastic comment about someone's height, suggesting that they are being laughed at for being short, but the person making the comment has not even reached puberty yet. The context is light-hearted and not intended to be offensive.",0
6752,"The content in the meme is non-hateful. It is a humorous and light-hearted observation about the Amish community, highlighting their devotion to their religion, modest dress, and rejection of modern society. The meme does not contain any offensive or derogatory language or content.",0
6759,"The content in the meme is hateful. The response uses offensive language and makes derogatory comparisons, which are not appropriate or respectful.",1
6781,"The content in the meme is hateful. It uses a visual metaphor to suggest that the way police subdue different racial groups is different, implying that police treat whites and blacks differently. This is a form of racial stereotyping and discrimination.",1
6791,"The content in the meme is non-hateful. It is a humorous statement about IQ tests, suggesting that the person has a negative result, which is intended to be funny rather than offensive.",0
6793,"The content in the meme is non-hateful. It is a humorous and light-hearted response to the question ""What did you do over the weekend?"" The response, ""Why, what did you hear?"" is a playful and non-threatening way to avoid answering the question.",0
6794,"The content in the meme is non-hateful. It is a pun-based joke that plays on words, specifically using the word ""sea"" to create a play on the phrase ""sea mine."" The humor is intended to be light-hearted and amusing, rather than offensive or hateful.",0
6795,The content in the meme is non-hateful. It is a humorous meme that uses a goat with a surprised expression to convey a light-hearted message about a common experience.,0
6798,"The content in the meme is non-hateful. The text ""news from 20th century"" suggests that the image is related to historical events from the 20th century, which is a factual and non-controversial topic.",0
6823,"The content in the meme is hateful. The comparison between the treatment of a historical figure and a modern celebrity regarding the removal of polish with chemicals is intended to provoke a negative reaction, highlighting a double standard in societal response.",1
6824,"The content in the meme is hateful. The text uses derogatory language and makes offensive remarks about the individuals in the image, promoting negative stereotypes and discrimination.",1
6825,The content in the meme is non-hateful. It presents a personal choice regarding the wearing of a hijab and acknowledges the influence of a husband's perspective.,0
6832,"The content in the meme is hateful. The phrases ""government shills hate him!!!"" and ""you are fucking accelerated!"" are derogatory and imply a negative bias against a specific group of people.",1
6842,"The content in the meme is non-hateful. It appears to be a humorous take on a common situation where someone is trying to explain their whereabouts to a partner, using a phrase that might be considered a bit of a stretch or exaggerated.",0
6845,"The content in the meme is hateful. It contains derogatory and offensive language directed towards a specific group of people (antifa and Islam, and it also ascribes negative characteristics to them. The use of terms like ""cuck"" and ""goatshaggers"" is also derogatory and intended to insult and degrade.",1
6847,The content in the meme is non-hateful. It simply describes two different types of black finishes: matte and gloss.,0
6852,"The content in the meme is hateful. It contains derogatory statements about a specific individual and their actions, using strong language and negative connotations.",1
6859,"The content in the meme is hateful. It implies that Germany is responsible for the deaths during the Great War, which is historically inaccurate. The meme is making a false and offensive claim about Germany's role in the war.",1
6871,"The content in the meme is non-hateful. It appears to be a humorous or sarcastic comment, likely referencing a cooking show or a cooking-related context, where the speaker is correcting someone who misunderstood their instruction.",0
6873,The content in the meme is hateful.,1
6874,The content in the meme is non-hateful.,0
6875,"The content in the meme is non-hateful. It appears to be a statement about an event or situation, suggesting that the outcome was the result of collective actions rather than the actions of a single individual.",0
6892,"The content in the meme is non-hateful. It humorously depicts a situation where a foreign exchange student is crying, which is causing a distraction in the classroom. The meme does not contain any offensive or derogatory language or imagery.",0
6893,"The content in the meme is hateful. The text ""you rape em we scrape em no fetus can defetus"" is a derogatory and offensive statement that implies harm and violence towards fetuses.",1
6897,"The content in the meme is non-hateful. It appears to be a humorous or satirical statement about language and time, suggesting that the language used today is not fundamentally different from what it was 500 years ago.",0
6914,The content in the meme is hateful.,1
6927,The content in the meme is non-hateful.,0
6931,The content in the meme is hateful. The use of derogatory language and the reference to a historically racist organization (the Ku Klux Klan (in a negative context) indicates that the meme is intended to be offensive and discriminatory.,1
6934,The content in the meme is hateful.,1
6937,"The content in the meme is hateful. It contains derogatory language and makes exaggerated and harmful claims about a specific religious group, suggesting that they are a threat and demanding changes to suit their religion.",1
6945,"The content in the meme is non-hateful. It appears to be a reference to a news event involving military bomb explosions in Culebra, a U.S. territory, in March 2019.",0
6948,The content in the meme is non-hateful.,0
6951,"The content in the meme is non-hateful. It is a tribute to the events of September 11, 2001, with the message ""never forget united we stand,"" which promotes unity and remembrance.",0
6952,The content in the meme is hateful. It makes negative assumptions about individuals based on their interest in motorcross and associates it with gang membership and involvement in the illegal drug trade. This type of language is harmful and promotes stereotypes.,1
6973,"The content in the meme is non-hateful. It appears to be a humorous or satirical take on the intersection of cancer and AIDS, using the term ""AIDS"" to describe a situation that is not related to the actual disease.",0
6985,"The content in the meme is hateful. The statement implies that the average intelligence quotient (IQ) of a certain group is low, suggesting that they are intellectually disabled or mentally impaired, which is a derogatory and offensive characterization.",1
6987,"The content in the meme is non-hateful. It appears to be a humorous or satirical statement about the priorities of someone who has just used drugs, contrasting their own actions with their responsibilities towards their children.",0
7124,"The content in the meme is hateful. The text ""how to wink at a muslim"" is a form of hate speech, promoting negative and harmful attitudes towards Muslims.",1
7125,"The content in the meme is non-hateful. The text refers to the representation of Muslims in Congress in 2019 and 2001, which is a factual statement about political representation.",0
7126,"The content in the meme is non-hateful. It is a humorous comparison between a group of kids and a group of pigs, with a playful warning to not get confused.",0
7134,The content in the meme is non-hateful. It appears to be a playful and affectionate expression of love and admiration.,0
7135,"The content in the meme is hateful. The text ""this is the greatest news manufacturing in 20th century"" implies a negative and derogatory view of the event depicted in the image, which appears to be a historical event involving forced displacement or deportation.",1
7159,"The content in the meme is hateful. It makes a callous and insensitive joke about a tragic event, which is inappropriate and disrespectful.",1
7164,"The content in the meme is non-hateful. It appears to be a political-themed meme comparing three individuals making promises, with the bottom individual claiming to ""deliver.""",0
7192,The content in the meme is hateful.,1
7193,"The content in the meme is non-hateful. The text ""things I love to hunt"" suggests a list of things that the person enjoys, which is a neutral and positive statement.",0
7194,The content in the meme is non-hateful.,0
7198,The content in the meme is hateful. The text implies that the religion of Islam is peaceful and suggests that criticism of Islam is unwarranted. This can be seen as an attempt to silence criticism and can be considered hateful due to its implication of a negative stereotype about Islam.,1
7215,"The content in the meme is non-hateful. It is a humorous and light-hearted statement about the benefits of dogs as companions and protectors, suggesting that they are a better option than guns.",0
7218,The content in the meme is hateful. It depicts a scenario involving a school shooter and uses a character from a children's show in a context that is violent and harmful. The text accompanying the image is also inappropriate and offensive.,1
7219,"The content in the meme is non-hateful. It is a humorous and light-hearted image that plays on the idea of a gorilla dreaming about being someone else, in this case, Kim Burrell.",0
7234,The content in the meme is non-hateful. It is a humorous statement about taking a break from Facebook and implying that the person is too busy or lazy to make a sandwich themselves.,0
7236,"The content in the meme is hateful. The phrase ""ginger"" is used to refer to people with red hair, but it is also being compared to the term ""n-word,"" which is a derogatory term for people of African descent. This comparison is intended to be offensive and is used to highlight the harmful nature of the term ""ginger"" by equating it to a racial slur.",1
7238,The content in the meme is non-hateful.,0
7239,The content in the meme is non-hateful. It is a humorous and sarcastic statement that uses a metaphorical comparison to suggest that someone has poor judgment or intelligence.,0
7241,The content in the meme is non-hateful. It expresses a positive sentiment about fathers spending time with their children.,0
7248,"The content in the meme is non-hateful. The text expresses a message of empathy and support for individuals experiencing gender dysphoria, suggesting that laughing at it is inappropriate and disrespectful.",0
7249,The content in the meme is non-hateful.,0
7254,"The content in the meme is hateful. It contains offensive and discriminatory language, making derogatory statements about Muslims and suggesting violence against women.",1
7258,"The content in the meme is hateful. The phrase ""rez girls"" is a derogatory term used to refer to Native American women, and the message implies that these women would resort to violent self-harm and falsely accuse others of violence as a way to manipulate others. This is not only offensive but also promotes harmful stereotypes and can be considered as hate speech.",1
7259,The content in the meme is non-hateful.,0
7261,"The content in the meme is hateful. It makes derogatory and offensive remarks about a specific group of people, using racial slurs, and promotes negative stereotypes.",1
7265,"The content in the meme is hateful. It makes false and divisive statements about the frequency and efficiency of terror attacks based on race, which is a form of hate speech.",1
7268,"The content in the meme is hateful. The text ""middle eastern prostitute"" is derogatory and promotes negative stereotypes about Middle Eastern individuals.",1
7269,"The content in the meme is non-hateful. It is a humorous and exaggerated statement about the freshness of the salad, usinging a play on words with ""Bel Air"" to imply that the salad is very fresh.",0
7285,"The content in the meme is non-hateful. The text appears to be a playful and humorous statement, possibly a pun or a joke, rather than expressing hate or discrimination.",0
7286,The content in the meme is hateful.,1
7291,"The content in the meme is hateful. The phrase ""if she's not awake"" is derogatory and implies a lack of respect and consideration for the person being referred to.",1
7293,"The content in the meme is hateful. It makes a derogatory and offensive comparison by linking the act of jumping from the Twin Towers on 9/11 to a stereotype about the ability of white people to jump, which is a form of racial profiling and discrimination.",1
7294,"The content in the meme is hateful. It contains anti-Semitic and racist language, promoting harmful stereotypes and encouraging violence against Jews and foreigners.",1
7312,"The content in the meme is non-hateful. The meme humorously suggests that totalitarianism is a sham, using a well-known figure to make the point.",0
7314,"The content in the meme is non-hateful. It depicts a positive scene of a woman and a child spending time with their dog, which is a common and non-controversial activity.",0
7318,"The content in the meme is non-hateful. It humorously addresses the idea that calling someone ""illegal"" is not the same as calling them a member of a racial group.",0
7319,"The content in the meme is hateful. It uses derogatory language and makes threatening statements about a political figure, which is intended to incite fear and hostility.",1
7325,"The content in the meme is non-hateful. The text ""but i need you"" is a common phrase used to express a need or a request for assistance or support.",0
7345,"The content in the meme is non-hateful. It expresses a strong negative sentiment towards banks and their fees, but it does not contain any hate speech or discriminatory language.",0
7351,The content in the meme is non-hateful. It appears to be a humorous statement about someone playing the game Uno and taking all the green cards.,0
7354,The content in the meme is non-hateful. It is a positive statement expressing admiration for the Islamic call to prayer.,0
7356,The content in the meme is non-hateful. It is a humorous and light-hearted exchange between a husband and wife about making a sandwich.,0
7382,"The content in the meme is non-hateful. It is a humorous take on the classic fairy tale ""Hansel and Gretel,"" where the characters are depicted in a way that is not intended to be offensive or hateful. The text is meant to be a light-hearted joke rather than a source of hate or discrimination.",0
7385,The content in the meme is hateful.,1
7389,"The content in the meme is non-hateful. It is a humorous and light-hearted message about bullying, using a cute pug with a bandage on its head as a visual aid.",0
7391,"The content in the meme is hateful. The sign in the image promotes fear and intimidation towards racists individuals, which is a form of hate speech. The meme also questions the legality of racist memes, which further emphasizes the negative and harmful nature of the content.",1
7392,The content in the meme is hateful. It contains a racist stereotype and is intended to be offensive.,1
7396,"The content in the meme is hateful. The text ""this project is tough but it will save the world"" combined with the image of people being forced to work under harsh conditions suggests a message of oppression and exploitation, which is inherently hateful.",1
7412,"The content in the meme is hateful. The phrase ""white trash nation"" is a derogatory term used to describe people of lower socioeconomic status, often in a pejorative manner. The use of this term in the context of the image, which features a person in a provocative pose, is intended to be offensive and discriminatory.",1
7413,"The content in the meme is non-hateful. It is a humorous and sarcastic comment, likely intended to be funny rather than offensive.",0
7419,"The content in the meme is hateful. The meme references the Black and Tans, a paramilitary force used by the British during the Irish War of Independence, and implies a negative reception by the Irish people.",1
7429,The content in the meme is non-hateful.,0
7431,"The content in the meme is non-hateful. The phrase ""leave no dog behind"" is a call to action, emphasizing the importance of rescuing pets during emergencies.",0
7436,"The content in the meme is non-hateful. It is a statement about the importance of gun ownership, suggesting that if the government advises against it, it implies that one should consider owning a gun for personal protection or other reasons.",0
7438,"The content in the meme is non-hateful. It appears to be a humorous take on how women might win an argument, suggesting that they do so by holding up a magazine featuring Beyoncé.",0
7451,"The content in the meme is hateful. The text refers to actors dressed in the full regalia of the Ku Klux Klan (KKK), which is a group known for its racist and discriminatory practices. The image depicts a scene that is likely intended to be offensive and harmful to certain groups of people.",1
7452,"The content in the meme is non-hateful. It appears to be a historical or factual statement about Germany's development of the first jet aircraft and their inability to produce a steel door for a gas chamber, which is a reference to the Holocaust. The meme is using humor to expose a historical lie, rather than promoting hate or discrimination.",0
7456,"The content in the meme is hateful. The top image uses a derogatory term (""bitch"") and the bottom image depicts a scene of domestic violence, which is a serious issue that should not be trivialized or normalized.",1
7458,"The content in the meme is hateful. The phrase ""transgender satan"" is a derogatory and offensive term that combines elements of transphobia and religious hatred.",1
7463,"The content in the meme is non-hateful. It is a humorous and satirical image that uses the context of an ""ISIS strip club"" to create a comedic effect. The text in the image is not intended to be offensive or hateful.",0
7465,The content in the meme is hateful. It contains offensive language and makes derogatory statements about a specific group of people.,1
7469,The content in the meme is non-hateful.,0
7481,"The content in the meme is non-hateful. It is a humorous play on words, using the term ""goat"" to refer to a person who is admired or desired, often in a romantic context. The phrase ""with another man"" is a playful way to suggest that the goat is being admired by someone else.",0
7486,"The content in the meme is hateful. It makes derogatory and offensive comparisons between a walrus and a lesbian, usinging language that is intended to be offensive and disrespectful.",1
7496,"The content in the meme is hateful. The text ""this muslim guy is in heaven"" implies a negative and derogatory view of Muslims, suggesting that being Muslim is associated with being in a negative place, which is a form of discrimination and hate speech.",1
7516,"The content in the meme is hateful. The meme humorously implies that the student named Mohammed is using a bomb instead of a calculator, which is a form of hate speech and discrimination.",1
7521,The content in the meme is hateful. The text suggests that the person was not expecting to encounter a gay clubbing experience and implies a negative or unexpected reaction to it.,1
7523,The content in the meme is hateful.,1
7528,"The content in the meme is non-hateful. It is a humorous and light-hearted joke about a truck that comes with a dishwasher, which is not a real feature of a truck.",0
7539,"The content in the meme is non-hateful. It appears to be a humorous take on a ""redneck word of the day"" with a playful and light-hearted tone.",0
7561,The content in the meme is hateful.,1
7562,"The content in the meme is non-hateful. The phrase ""rest in peace"" is a common expression used to convey sympathy and respect for someone who has passed away.",0
7582,The content in the meme is non-hateful. It is a light-hearted and humorous statement about being both a gay friend and having the best memes.,0
7591,"The content in the meme is non-hateful. It is a political statement comparing the treatment of DACA recipients, who are not responsible for their parents' actions, to the historical responsibility of white people for the actions of 17th-century slave owners. The meme is using humor to highlight the inconsistency in the argument.",0
7592,The content in the meme is hateful. The use of derogatory language and the reference to a specific group of people in a negative manner indicates that the meme is intended to be offensive.,1
7594,The content in the meme is non-hateful. It is a political statement expressing an opinion about gun control and nuclear proliferation.,0
7596,The content in the meme is non-hateful. It is a humorous and light-hearted meme that uses a monkey wearing headphones to make a joke about someone's show being canceled. The text is playful and does not contain any offensive language or imagery.,0
7612,The content in the meme is hateful.,1
7615,"The content in the meme is hateful. The phrase ""I put the ape in rape"" is a derogatory and offensive term that is used to mock and degrade people based on their race or ethnicity. It is important to avoid using such language as it promotes harmful stereotypes and can lead to discrimination and violence.",1
7618,"The content in the meme is hateful. The text ""protesting death to the middle east"" suggests a negative and hostile attitude towards the Middle East, which is likely to be perceived as hateful by many people.",1
7623,The content in the meme is non-hateful. It expresses a political viewpoint about the role of rich people and politicians in running the country.,0
7628,"The content in the meme is hateful. The text suggests a discriminatory attitude towards Muslims, implying that they should not be allowed to share the same space or travel together, which is a form of prejudice and discrimination.",1
7632,The content in the meme is non-hateful. It is a humorous observation about the discomfort one might feel when someone makes eye contact while they are exercising.,0
7634,"The content in the meme is non-hateful. The text ""talking about animal rights is fun"" suggests a positive and engaging conversation about animal rights, which is not related to any form of hate or discrimination.",0
7645,"The content in the meme is non-hateful. It appears to be a political statement made by a Democratic representative, and the response is asking for a reaction to this statement.",0
7649,"The content in the meme is non-hateful. The text ""i see no difference"" is a humorous statement comparing two vacuum cleaners, suggesting that they look the same.",0
7651,"The content in the meme is hateful. The phrase ""how you gotta treat girls with smart mouths"" implies a negative stereotype and suggests that girls with intelligence or confidence should be treated poorly or differently. This is a form of gender discrimination and is not a positive or respectful way to interact with women.",1
7652,"The content in the meme is hateful. The text ""ban the burka"" suggests a call for the prohibition of a specific cultural or religious practice, which can be seen as discriminatory and offensive. The phrase ""you must be fucking joking"" further emphasizes the strong negative reaction to this suggestion.",1
7653,"The content in the meme is hateful. The text suggests that in the future, there will be people who hate God, ridicule others, deny religious beliefs, and mock others, all following their own desires. This message is often associated with negative and derogatory attitudes towards religious beliefs and practices.",1
7658,The content in the meme is non-hateful.,0
7659,"The content in the meme is hateful. The text suggests a negative stereotype about Latinos, implying that they are willing to do anything to enter the United States, which is a country associated with a particular political figure. This kind of language is often used to spread misinformation and can be harmful and offensive.",1
7685,"The content in the meme is non-hateful. It appears to be a humorous and sarcastic response to someone who has been expressing suicidal thoughts for a long time, suggesting that they have finally taken action.",0
7689,"The content in the meme is non-hateful. The text in the image is a humorous statement about wanting to trade in an old car for a newer one, which is a common and non-offensive topic.",0
7692,"The content in the meme is non-hateful. The text ""hurry up son, the owner is coming"" suggests a playful or humorous scenario where the father is encouraging the child to ride the bike quickly because the owner of something (likely a pet or a toy) is approaching. There is no indication of any harmful or offensive content.",0
7693,"The content in the meme is non-hateful. The text ""marokko speed dating"" is a playful and light-hearted reference to the idea of speed dating in Morocco, without any negative or offensive connotations.",0
7694,"The content in the meme is hateful. The phrase ""convert this fruit to vegetable"" is a derogatory and offensive term used to refer to the idea of changing someone's sexual orientation or gender identity.",1
7698,The content in the meme is non-hateful.,0
7824,The content in the meme is non-hateful.,0
7825,The content in the meme is non-hateful. It is a message of gratitude and recognition for the sacrifices made by men and women in the military to ensure peace and comfort in homes.,0
7826,"The content in the meme is non-hateful. It is a humorous observation about the situation where someone has to rely on their enemy for a job, suggesting that this is a disadvantageous and difficult position to be in.",0
7834,The content in the meme is non-hateful. It is a political meme making a joke about a specific individual and their house not being raided by the FBI.,0
7836,"The content in the meme is non-hateful. It appears to be a friendly greeting from a group of people, possibly members of the Muslim Brotherhood, and does not contain any explicit hate speech or derogatory language.",0
7839,"The content in the meme is non-hateful. It is a humorous statement that plays on the idea of a significant political figure being married to another significant political figure, in this case, Vladimir Putin. The humor comes from the absurdity of the situation rather than any intent to cause harm or offense.",0
7849,"The content in the meme is hateful. It promotes racial discrimination by suggesting that someone only dates individuals of a particular race, which is a form of racial prejudice.",1
7851,"The content in the meme is non-hateful. The text ""feeling fresh for picture day"" is a light-hearted and positive message, indicating that the individuals are looking forward to a photo session.",0
7852,The content in the meme is non-hateful. It is a humorous observation about the behavior of old people at weddings and a playful response by the person to that behavior at funerals.,0
7853,"The content in the meme is hateful. It expresses a harmful and discriminatory view by comparing the mourning of 9/11 to the celebration of LGBTQ+ pride, and by implying that homosexuality is a bigger tragedy.",1
7865,"The content in the meme is non-hateful. It is a humorous and light-hearted statement about a ""real man"" who does household chores, specifically loading the dishwasher every night.",0
7893,"The content in the meme is non-hateful. It refers to a wax figure reconstruction of Anne Frank, a historical figure known for her diary and her experiences during the Holocaust.",0
7895,The content in the meme is non-hateful. It is a humorous and relatable observation about the discomfort of dry skin.,0
7912,"The content in the meme is non-hateful. It humorously references historical rats in the 15th century and playfully suggests that they were about to ""end man,"" which is a playful exaggeration rather than a serious or hateful statement.",0
7915,"The content in the meme is hateful. The phrase ""they're just like eggs, better when beaten well"" is a derogatory and violent comparison that promotes harmful and abusive behavior.",1
7916,The content in the meme is hateful. It makes derogatory and biased statements about a specific group of people based on their religion and suggests that their political actions are motivated by personal gain rather than adherence to constitutional principles.,1
7924,The content in the meme is non-hateful. It appears to be a positive message about accepting one's sexual preferences and being happy with one's life.,0
7926,"The content in the meme is non-hateful. It appears to be a humorous take on political and legal matters, with a focus on political figures and their actions.",0
7931,"The content in the meme is hateful. The text suggests a negative and derogatory perspective on the history of black people becoming Christians, implying that their conversion was a result of violence and oppression.",1
7935,The content in the meme is hateful.,1
7956,The content in the meme is non-hateful.,0
7965,The content in the meme is hateful. It promotes a divisive and harmful narrative by suggesting that the absence of one race would lead to the destruction or negative outcomes of the other race. This type of language is racist and perpetuates harmful stereotypes.,1
7968,The content in the meme is hateful.,1
7983,"The content in the meme is hateful. The text suggests a harmful and offensive implication, which is not appropriate or respectful.",1
7984,"The content in the meme is hateful. It contains derogatory statements about Islam and Africa, promoting negative stereotypes and discrimination.",1
8125,The content in the meme is non-hateful.,0
8126,"The content in the meme is hateful. The phrase ""kenyan shit"" is a derogatory term that implies a negative stereotype about people from Kenya.",1
8134,"The content in the meme is non-hateful. It appears to be a humorous statement that suggests approval from Mark Zuckerberg, the CEO of Facebook.",0
8137,"The content in the meme is non-hateful. The image shows a praying mantis, and the word ""cannibalism"" is written above it. This is likely a reference to the behavior of praying mantises, which are known to eat their own young. The context is related to the natural behavior of the animal and does not involve any form of hate speech or discrimination.",0
8146,The content in the meme is hateful.,1
8147,The content in the meme is non-hateful. It is a humorous meme that uses a dog's expression to make a light-hearted joke about someone coming home from being away.,0
8162,"The content in the meme is non-hateful. It appears to be a humorous expression of frustration or annoyance, likely related to a common experience of parents or caregivers.",0
8163,The content in the meme is hateful.,1
8164,The content in the meme is hateful.,1
8172,The content in the meme is non-hateful. It is a humorous meme that uses a flooded street scene to make a joke about bosses and their expectations regarding employees' arrival times.,0
8173,The content in the meme is hateful. It contains a derogatory and offensive statement about a specific group of people based on their religion.,1
8175,"The content in the meme is hateful. The text is derogatory and offensive, using a pejorative term to describe someone's social behavior.",1
8176,"The content in the meme is hateful. The phrase ""kenyan skidmark"" is a derogatory term that is used to insult someone's nationality and heritage.",1
8196,"The content in the meme is non-hateful. It is a statement advocating for the right of women to wear what they want, including the burqa, and suggests that banning it is a violation of basic democracy.",0
8219,The content in the meme is hateful.,1
8234,"The content in the meme is hateful. It contains derogatory and offensive language directed at various groups of people, including a ""mass murderer,"" a ""tranny,"" and a ""satan's's daughter.""",1
8241,"The content in the meme is non-hateful. It is a humorous and satirical comment about the priorities of the public and media, suggesting that the recent mass shootings are more significant than the ongoing discussions about Epstein's alleged pedophile ring. The phrase ""you're going to need a bigger"" is a playful reference to the idea that the public's attention is needed for more pressing issues.",0
8243,The content in the meme is non-hateful.,0
8251,"The content in the meme is hateful. The text ""the name's todd... retodd"" is a play on the name ""Todd"" and the term ""retard,"" which is considered offensive and derogatory.",1
8254,"The content in the meme is non-hateful. It appears to be a humorous or satirical observation about the concept of being ""saved"" and questioning the necessity of critical thinking in that context.",0
8259,"The content in the meme is non-hateful. It is a description of an old yearbook photo of a cute child, which is a positive and non-controversial subject.",0
8261,"The content in the meme is non-hateful. The text is a humorous comparison, suggesting that life is like Belgium and sometimes you have to ""march through it,"" which is a light-hearted way of saying that life can be challenging.",0
8267,The content in the meme is non-hateful.,0
8275,"The content in the meme is non-hateful. The text appears to be a playful or humorous statement, possibly referencing a stereotype or a cultural reference, but it does not contain any explicit hate speech or derogatory language.",0
8276,The content in the meme is non-hateful.,0
8291,"The content in the meme is hateful. The text ""white people is this a shooting range"" is a racial slur and is intended to be offensive and derogatory towards white people.",1
8294,"The content in the meme is hateful. The text uses a derogatory term to mock the cat, which is inappropriate and offensive.",1
8295,"The content in the meme is non-hateful. It is a call to action for people to consider donating water to children in need, which is a humanitarian effort.",0
8297,The content in the meme is non-hateful.,0
8317,"The content in the meme is hateful. The text uses derogatory language and makes a negative comparison, which is intended to be offensive and disrespectful.",1
8345,"The content in the meme is non-hateful. It is a reminder to set the clock forward one hour, which is a common practice in many regions to adjust for daylight saving time.",0
8349,"The content in the meme is hateful. The top image suggests that honor killings are part of a culture, and the bottom image responds with a threatening statement, implying a willingness to kill those who engage in such practices.",1
8357,The content in the meme is non-hateful. It is a historical fact about the use of flame throwers by Nazi soldiers during World War II.,0
8367,"The content in the meme is non-hateful. The text ""you may kiss the bride"" is a common phrase used to signal that it is appropriate to kiss the bride, typically in a wedding setting.",0
8369,"The content in the meme is non-hateful. It appears to be a political statement or commentary, expressing a change in focus regarding the ""caravan"" issue in the context of Fox News and Donald Trump.",0
8372,"The content in the meme is non-hateful. It encourages a positive and friendly gesture, which is universally positive and inclusive.",0
8375,"The content in the meme is hateful. The text refers to Rashida Tlaib, a politician, in a manner that is intended to be offensive and derogatory, using the term ""palestinian garb"" in a way that implies she is not authentically Palestinian.",1
8376,"The content in the meme is non-hateful. It is a humorous and light-hearted joke comparing debris from tornadoes to the ""snake pit"" at the Indy 500, a popular car race.",0
8395,The content in the meme is non-hateful.,0
8415,"The content in the meme is non-hateful. The text ""all people should be protected by those in blue"" suggests a message of protection and support for everyone, regardless of their background or situation.",0
8423,"The content in the meme is non-hateful. The text ""true love is an emotion"" is a positive statement about love, which is a universal and non-controversial topic.",0
8439,The content in the meme is non-hateful.,0
8451,The content in the meme is hateful. The image of Holocaust victims is used inappropriately to make a light-hearted or insensitive joke about asking for a number. This is disrespectful and trivializes the suffering of those who endured the Holocaust.,1
8452,"The content in the meme is hateful. The text expresses a threat of violence against someone who gave the speaker's child a whistle, which is a serious and violent statement.",1
8462,"The content in the meme is hateful. The statement ""I will not let America turn into another nation of Islam"" implies a negative sentiment towards Islam and suggests that the speaker is against the idea of America becoming more influenced by Islamic culture or religion.",1
8469,"The content in the meme is hateful. The text suggests a negative stereotype about Mexican people, implying that they are responsible for a personal issue related to the individual's teeth. This type of language is derogatory and promotes harmful stereotypes.",1
8471,"The content in the meme is hateful. It contains offensive and derogatory language and makes derogatory comparisons, which are not appropriate or respectful.",1
8476,The content in the meme is non-hateful.,0
8495,The content in the meme is non-hateful.,0
8516,"The content in the meme is non-hateful. It appears to be a commentary on media coverage of different events, highlighting the discrepancy in how certain incidents are covered compared to others.",0
8517,The content in the meme is non-hateful.,0
8523,The content in the meme is hateful.,1
8524,"The content in the meme is non-hateful. The text ""yellow black red and normal"" appears to be a list of colors, and there is no indication of any negative or discriminatory intent.",0
8531,"The content in the meme is non-hateful. It is a humorous play on words, using the phrase ""dirty deeds done with sheep"" to create a pun.",0
8534,"The content in the meme is hateful. The first statement is a religiously based threat, which can be considered hateful due to its use of fear and punishment to discourage belief in a particular deity. The second statement is about child abuse, which is a serious social issue, but it is not inherently hateful. However, the context of the meme, which combines religious threat with a statement about child abuse, can be seen as hateful due to the way it it is presented and the potential to cause harm or fear.",1
8537,"The content in the meme is hateful. The text ""allah is watching you!"" is a statement that is often used to intimidate or threaten individuals, particularly those who are not Muslim, by implying that they are being monitored by a deity. This can be perceived as a form of religious harassment or persecution.",1
8541,The content in the meme is non-hateful. It is a humorous and light-hearted meme that uses a playful tone to express excitement about a test score.,0
8546,"The content in the meme is hateful. The text makes a comparison that is intended to be derogatory and offensive, using a historical figure to make a negative and disrespectful statement about someone.",1
8563,"The content in the meme is hateful. The text refers to actions that are described as ""terrible"" and attributes them to a single individual, which can be interpreted as blaming a specific person for broader societal issues. The context and language used suggest a negative and potentially harmful message.",1
8564,The content in the meme is non-hateful. It is a humorous observation about the process of returning a broken dishwasher to Walmart to get a new one.,0
8567,"The content in the meme is hateful. The text implies a stereotype about Asian people, suggesting that they have difficulty seeing and need to switch to a full-screen view to see better. This is a harmful and offensive stereotype.",1
8569,"The content in the meme is non-hateful. It depicts two individuals walking together and enjoying a weekend friendship brunch date, which is a positive and friendly context.",0
8571,The content in the meme is non-hateful.,0
8591,"The content in the meme is non-hateful. The text ""teacher of the year for black community"" suggests recognition and appreciation for a teacher who is likely making a positive impact in the black community.",0
8593,The content in the meme is non-hateful.,0
8597,"The content in the meme is hateful. It uses derogatory language and makes offensive remarks about a person's genetic makeup and appearance, which is intended to be hurtful and discriminatory.",1
8613,The content in the meme is hateful.,1
8617,"The content in the meme is hateful. The image of SpongeBob SquarePants holding eggs with red dots on them is a reference to the Holocaust, where Jews were marked with red dots before being sent to concentration camps. This is a disrespectful and offensive representation of the Holocaust.",1
8621,"The content in the meme is non-hateful. The text ""that's fucked up, but I like it"" suggests a humorous or ironic reaction to a situation, rather than expressing hate or prejudice.",0
8624,The content in the meme is hateful. It contains offensive and derogatory language and makes reference to historical events in a disrespectful manner.,1
8627,"The content in the meme is non-hateful. It is a humorous and affectionate statement about loving one's mother despite her being ""batshit crazy,"" which is a playful way of saying she is very eccentric or crazy in a loving and affectionate manner.",0
8632,"The content in the meme is hateful. The text suggests that punching a wall is a defining characteristic of white people, which can be seen as a negative stereotype and a form of hate speech.",1
8637,The content in the meme is hateful. It contains a provocative and potentially offensive statement that suggests a negative stereotype about Islam and its followers.,1
8641,The content in the meme is hateful. The statement makes derogatory and harmful assumptions about the gender identity of the individuals mentioned.,1
8645,"The content in the meme is non-hateful. It presents a humorous take on the phrase ""religion is a labor of love"" by juxtaposing a serious religious event with a more lighthearted image of a man carrying a cross.",0
8649,"The content in the meme is non-hateful. The image shows two adults playing with a child in a joyful and affectionate manner, which is a universal expression of love. The text ""Love in the world comes in many forms"" emphasizes the diversity of love, which is a positive and inclusive message.",0
8652,The content in the meme is non-hateful. It humorously contrasts how Muslims are often depicted in Western media with how Muslims perceive Westerners.,0
8653,"The content in the meme is non-hateful. The text ""a smile to bring joy in anyone's day"" is positive and encourages spreading joy, which is a non-hateful message.",0
8654,"The content in the meme is hateful. The text at the bottom of the meme, ""a white bitch,"" is a derogatory and offensive term that is used to degrade and discriminate against individuals based on their race.",1
8657,The content in the meme is non-hateful.,0
8671,The content in the meme is non-hateful. It presents a factual statement about genetic similarity among different human populations.,0
8674,"The content in the meme is non-hateful. The text ""burning things that don't mean anything to you"" suggests a metaphorical or symbolic action rather than an actual physical act of burning. It implies letting go of things that are not important to you, which is a common metaphor used to express the idea of moving on or declutteringing one's life.",0
8691,"The content in the meme is non-hateful. It is a humorous and satirical take on a hypothetical scenario involving the characters from the movie ""Toy Story.""",0
8693,The content in the meme is non-hateful. It is a humorous and light-hearted comment suggesting that a discussion or topic could benefit from more bacon-related content.,0
8695,"The content in the meme is non-hateful. It is a humorous comparison between how people might perceive a group of boys and how they might be perceived by a ""neighboring pundit"" ( which is a term often used in a derogatory manner in India to refer to a person from a different caste or community. The meme uses this term to create a humorous contrast rather than expressing hate or discrimination.",0
8716,The content in the meme is non-hateful.,0
8719,The content in the meme is hateful.,1
8732,The content in the meme is non-hateful. It humorously contrasts the stereotypical image of what someone might envision a lesbian couple to look like with a more realistic portrayal of what lesbians look like in everyday life.,0
8741,The content in the meme is non-hateful.,0
8742,The content in the meme is non-hateful. It appears to be a humorous statement about setting up economic conditions for the next president.,0
8743,"The content in the meme is non-hateful. It is a humorous and honest statement about the priorities of a mother, emphasizing the importance of financial stability and family needs over external appearances or social expectations.",0
8761,The content in the meme is non-hateful.,0
8793,"The content in the meme is hateful. The text implies a negative stereotype about black people, which is offensive and discriminatory.",1
8795,"The content in the meme is hateful. The text ""when you are white and working in oil field"" implies a negative stereotype and discrimination against white individuals working in the oil field.",1
8917,The content in the meme is hateful. The text implies a negative stereotype and is intended to be offensive.,1
8924,The content in the meme is non-hateful. It is a humorous observation about the timing of prayers when someone is already eating.,0
8934,"The content in the meme is hateful. The text ""white kids be like"" followed by ""im killing everybody"" is a derogatory and offensive statement that targets a specific racial group.",1
8937,The content in the meme is non-hateful. It is a humorous observation about the common practice of hitting a non-working television to potentially fix it.,0
8941,"The content in the meme is hateful. The phrase ""I put the ape in rape"" is a derogatory and offensive term that is used to mock and degrade people based on their race or ethnicity.",1
8954,"The content in the meme is non-hateful. It simply states ""the pope at the vatican,"" which is a factual statement about the location of the Pope.",0
8957,The content in the meme is non-hateful. It is a humorous and light-hearted statement that is not intended to cause offense or harm.,0
8961,The content in the meme is hateful. It is a derogatory and offensive statement that promotes anti-Semitic beliefs.,1
8962,"The content in the meme is non-hateful. It is a humorous observation about aging, suggesting that as one gets older, they might not receive the same attention or acknowledgment from others, in this case, priests.",0
8964,The content in the meme is non-hateful.,0
9124,The content in the meme is non-hateful.,0
9126,"The content in the meme is hateful. The text suggests that playing rap music on the way to a KKK meeting is embarrassing and implies that the person is being made to look bad in front of others, which is a form of hate speech.",1
9128,"The content in the meme is hateful. The phrase ""master race"" is a derogatory term that refers to the belief in the superiority of one race over others, which is a form of racism. The meme uses this term in a context that suggests a negative stereotype about a particular group of people, which is intended to be offensive and discriminatory.",1
9132,"The content in the meme is non-hateful. The text ""based in america"" is a neutral statement that does not contain any offensive or discriminatory language.",0
9138,The content in the meme is hateful. The text suggests that Muslims should have defunded homeland security in 2001 and implies a negative association between Muslims and homeland security in 2019. This type of language is intended to stigmatize and discriminate against Muslims.,1
9148,"The content in the meme is non-hateful. The text ""friends come and go but brothers last forever"" is a general statement about the enduring nature of brotherhood, which is a positive and non-controversial sentiment.",0
9152,"The content in the meme is non-hateful. It is a humorous statement made by a comedian, Kevin Hart, about his dating history. The text is a playful and light-hearted joke, not intended to be offensive or hateful.",0
9154,"The content in the meme is non-hateful. It is a humorous and ironic statement suggesting that since Japan and the United States have been at peace since 1945, it is time to make peace with ISIS. The meme does not contain any direct hate speech or offensive content.",0
9156,The content in the meme is non-hateful.,0
9162,The content in the meme is hateful.,1
9176,"The content in the meme is non-hateful. The text encourages kindness towards others who may be less fortunate, promoting a positive and empathetic message.",0
9184,The content in the meme is hateful.,1
9185,The content in the meme is non-hateful.,0
9187,"The content in the meme is non-hateful. It is a play on words and a pun, using the name ""Stevie Wonder"" to create a humorous effect.",0
9213,"The content in the meme is hateful. The phrase ""boys are the devil"" is a derogatory and harmful statement that promotes gender-based discrimination and negative stereotypes.",1
9215,"The content in the meme is non-hateful. It is a humorous and light-hearted exchange between two individuals, with the woman suggesting they watch porn because the man already knows how to golf. There is no indication of any harmful or offensive language or content.",0
9217,The content in the meme is non-hateful.,0
9238,"The content in the meme is non-hateful. The text ""turn that frown upside down"" is a positive and uplifting message, encouraging someone to change their mood or attitude.",0
9241,The content in the meme is non-hateful.,0
9247,The content in the meme is non-hateful. It is a message advocating for an end to gun violence and promoting peace.,0
9248,The content in the meme is non-hateful. It is a humorous observation about the inconvenience of having a broken dishwasher and the decision to replace it with a new one from Walmart.,0
9251,The content in the meme is hateful.,1
9263,"The content in the meme is non-hateful. The text appears to be a humorous expression of frustration or disappointment, rather than containing any form of hate speech or offensive content.",0
9265,"The content in the meme is hateful. The phrase ""death to the west!"" is a call to violence and is considered a hate speech.",1
9267,"The content in the meme is hateful. The text expresses strong, negative sentiments towards specific groups and organizations, using aggressive and derogatory language.",1
9268,"The content in the meme is hateful. The text ""incest never goes wrong"" is a derogatory and offensive term, often used to mock or stereotype individuals with Down Syndrome or other disabilities.",1
9273,"The content in the meme is non-hateful. It is a light-hearted and humorous observation about the difficulty of arguing with someone who has made strong points, particularly when they are not wearing a bra.",0
9283,"The content in the meme is non-hateful. The text ""all people in this world deserve help"" is a positive and inclusive statement, promoting empathy and support for everyone.",0
9284,"The content in the meme is non-hateful. It appears to be a political meme making a joke about a former U.S. President and a terrorist, using humor to express a political viewpoint.",0
9285,"The content in the meme is hateful. The image of a person in a concentration camp uniform juxtaposed with the phrase ""when the squad is about to get lit"" is highly insensitive and disrespectful. It trivializes the suffering and atrocities of the Holocaust and other genocides, which is a serious offense.",1
9286,"The content in the meme is non-hateful. It is a message of support and solidarity, asking for thoughts and prayers for a specific group of people.",0
9312,The content in the meme is non-hateful. It is a friendly and affectionate message expressing a desire to give a hug.,0
9315,The content in the meme is non-hateful. The text in the image is a humorous and non-threatening statement that appears to be a playful reference to someone's past or future actions.,0
9321,The content in the meme is non-hateful.,0
9324,"The content in the meme is non-hateful. It appears to be a question about what one would do if a relationship were to result in pregnancy, which is a common and non-controversial topic.",0
9326,The content in the meme is non-hateful. It discusses the value of a high school diploma compared to a college degree and critiques the current job market and education system.,0
9347,The content in the meme is non-hateful. It is a humorous and light-hearted joke about stepping on a landmine but not weighing enough to trigger it.,0
9352,"The content in the meme is hateful. The text ""they will soon be extinct"" is a derogatory statement that implies a negative and harmful attitude towards a specific group of people.",1
9357,"The content in the meme is hateful. It contains offensive language and makes a derogatory comparison, which is intended to cause harm and perpetuate negative stereotypes.",1
9364,"The content in the meme is non-hateful. The text ""all races are equal"" promotes the idea of racial equality and diversity.",0
9368,The content in the meme is non-hateful.,0
9374,The content in the meme is hateful. It contains offensive language and promotes harmful and discriminatory views about a specific religious group.,1
9376,The content in the meme is non-hateful. It is a humorous and light-hearted joke that does not contain any offensive or hateful language or imagery.,0
9382,"The content in the meme is non-hateful. It is a humorous expression of someone being very hungry, as indicated by the text ""you've been hungerstruck!!"".",0
9384,"The content in the meme is non-hateful. The text ""when you're muslim but you have oil"" is a light-hearted observation rather than an expression of hate or discrimination.",0
9385,"The content in the meme is hateful. The text suggests a derogatory and offensive comment, which is not appropriate or respectful.",1
9387,"The content in the meme is hateful. The text suggests that the Home Depot is selling a ""Kenyan fly strip,"" which implies a negative stereotype and is likely intended to be offensive.",1
9413,The content in the meme is non-hateful.,0
9423,The content in the meme is non-hateful. It is a humorous comparison between the excitement of receiving payment and the disappointment of checking one's's bank account after paying bills.,0
9426,"The content in the meme is non-hateful. It is a light-hearted observation about social media behavior, suggesting that even if people are not liking your pictures, they might still be reading your comments and keeping track of who you respond to.",0
9432,The content in the meme is non-hateful.,0
9457,"The content in the meme is hateful. The text ""i hate buffalos they ruin my land"" expresses a negative sentiment towards buffaloes, suggesting that they are causing harm to the land.",1
9462,"The content in the meme is non-hateful. The meme humorously references the idea of someone being caught off guard or surprised by Halloween, using a costume or costume-related props.",0
9465,"The content in the meme is hateful. The phrase ""smells like a concentration camp"" is a derogatory and offensive comparison, intended to evoke negative associations with the Holocaust and other genocides.",1
9467,The content in the meme is hateful.,1
9468,"The content in the meme is hateful. The text ""prospective without white "" suggests a discriminatory and exclusionary sentiment, implying that certain individuals or groups are not considered or valued.",1
9478,The content in the meme is non-hateful.,0
9482,"The content in the meme is non-hateful. It is a humorous play on words, using the phrase ""relationsheep"" to suggest a romantic relationship with a sheep, which is a pun on the word ""relationship.""",0
9486,"The content in the meme is non-hateful. The phrase ""don't get me started about your problems"" is a common expression used to indicate that the person is about to express their own concerns or frustrations, rather than to make a negative or offensive statement about someone else's problems.",0
9513,"The content in the meme is non-hateful. The text ""goats are friends, not food"" promotes a message of compassion and respect for animals, suggesting that goats should be treated as friends rather than sources of food.",0
9514,"The content in the meme is non-hateful. The phrase ""someone shoot this bitch"" is a common expression used in memes to express frustration or anger, often in a humorous or exaggerated manner. It does not contain any hate speech or targeted at any specific group.",0
9516,"The content in the meme is hateful. The phrase ""and that's why i gas people"" is a violent and threatening statement, which is not appropriate or acceptable.",1
9518,"The content in the meme is non-hateful. It appears to be a humorous comparison of after-sex selfies from different countries, with the captions ""USA,"" ""Croatia,"" and ""Germany.""",0
9523,"The content in the meme is non-hateful. It appears to be a humorous or satirical statement, possibly intended to be taken in a lighthearted or ironic manner.",0
9527,"The content in the meme is hateful. The phrase ""we are losing our country to goat bumpers!"" is a derogatory and offensive term, likely referring to a group of people in a negative and stereotypical manner.",1
9531,"The content in the meme is non-hateful. The image shows a noose, which is often associated with the death penalty, and the text suggests a call to action against capital punishment.",0
9547,"The content in the meme is non-hateful. It uses humor and sarcasm to express a critical view of certain political ideologies, suggesting that the desire to prevent a country from becoming a ""pile of rocks"" and ""ruled by a barbaric cult"" is not racist. The meme is making a point about the absurdity of certain political beliefs rather than expressing hate towards any group of people.",0
9561,"The content in the meme is non-hateful. The meme humorously suggests that the chow mein was delicious, and the person is so engrossed in their phone that they are eating it while looking at it.",0
9563,The content in the meme is non-hateful.,0
9572,"The content in the meme is hateful. The phrase ""all men are animals baby, some just make better pets than others"" is derogatory and implies a negative stereotype about men, suggesting that they are inherently inferior or less capable than others.",1
9587,"The content in the meme is hateful. The phrase ""it owes child support"" is a play on racial stereotypes and is intended to be offensive.",1
9615,The content in the meme is non-hateful.,0
9617,The content in the meme is non-hateful.,0
9618,"The content in the meme is non-hateful. It provides information about vitiligo, a disease that causes the loss of skin color, without any negative or offensive connotations.",0
9623,"The content in the meme is non-hateful. It is a humorous meme that plays on the idea of guns ""self-identifying"" as dirt bikes and requiring mufflers, which is a play on words and not intended to be offensive.",0
9624,"The content in the meme is hateful. The text ""white people already paid reparations"" implies that reparations have already been paid by white people, which is a false and offensive statement. This kind of language is intended to undermine and invalidate the experiences and claims of marginalized groups.",1
9634,"The content in the meme is hateful. It contains threatening and offensive language, promoting violence and harassment against specific groups of people.",1
9638,"The content in the meme is non-hateful. The text ""thanksgiving in china"" is a humorous play on words, suggesting that Thanksgiving, a traditional American holiday, is celebrated in China. The image of a cat in an oven is a common internet meme format, often used for humor.",0
9641,"The content in the meme is non-hateful. It appears to be a humorous comparison between two different states of the same person, ""Zakk Wylde,"" with the words ""Zakk Wylde"" and ""Zakk Calm"" suggesting a contrast between his energetic and calm states.",0
9642,The content in the meme is non-hateful. It discusses a political statement made by Pelosi regarding President Trump's actions towards Mexico and immigration policy.,0
9648,The content in the meme is non-hateful.,0
9657,"The content in the meme is non-hateful. It appears to be a humorous take on a political figure's statement, usinging a well-known meme format.",0
9675,The content in the meme is hateful.,1
9682,"The content in the meme is non-hateful. It features two images: one of a group of people taking a selfie on the beach and another of a group of goats. The word ""pals"" is placed between the two images, suggesting a playful or humorous comparison between the two groups.",0
9687,"The content in the meme is non-hateful. It depicts a rare picture of a child birth, showing a mother and a father holding their newborn baby in a hospital setting.",0
9713,"The content in the meme is non-hateful. It is a humorous observation about the difficulty of breaking up with someone, using the metaphor of dropping a bomb twice to ensure they understand the situation.",0
9715,"The content in the meme is hateful. The text describes a business that sells landmines disguised as prayer mats, which is a violent and harmful act. The mention of ""prophets are going through the roof"" suggests that this is a reference to a religious group, making the meme hateful towards that group.",1
9716,The content in the meme is non-hateful.,0
9718,The content in the meme is non-hateful. It is a playful and humorous request to tag a friend and share a picture of their baby.,0
9723,"The content in the meme is hateful. The phrase ""half honky all donkey"" is a derogatory term that combines racial slurs with a political party reference, intended to be offensive and discriminatory.",1
9731,The content in the meme is non-hateful. It is a religious reference and does not contain any offensive or discriminatory elements.,0
9738,"The content in the meme is non-hateful. It appears to be a humorous or playful comment, possibly suggesting that someone is wearing hair extensions.",0
9756,"The content in the meme is non-hateful. It appears to be a light-hearted and motivational message, suggesting that the person has completed their daily activities successfully.",0
9765,The content in the meme is non-hateful. It makes a humorous observation about the treatment of traitors in different countries and contrasts it with the political party in the United States.,0
9768,The content in the meme is hateful.,1
9781,"The content in the meme is non-hateful. It appears to be a humorous or light-hearted exchange between characters, with one character asking if the other character is holding a shotgun.",0
9785,"The content in the meme is non-hateful. The image shows two children swimming underwater in a pool, with the text ""searchinging for buried treasure"" above them. The context is playful and innocent, with no indication of hate or discrimination.",0
9814,"The content in the meme is hateful. The phrases ""you are not wanted!"" and ""you are a mental deficient!"" are derogatory and intended to harm or degrade the person being addressed.",1
9821,"The content in the meme is non-hateful. It is a humorous and light-hearted response to a statement about drinking, using a picture of a person sitting on the ground with a shopping cart and some belongings.",0
9823,"The content in the meme is non-hateful. It appears to be a humorous meme making light of a situation at the ""nevertrump"" command center, which is a term used to describe individuals who oppose Donald Trump. The meme uses a crying baby to convey a sense of frustration or disappointment, which is a common theme in memes that humorously comment on political events.",0
9824,The content in the meme is hateful.,1
9827,"The content in the meme is non-hateful. It appears to be a political meme that uses humor to express concern about the presence of certain individuals in Congress. The use of the hammer and sickle symbol, often associated with communism, is a common trope in political satire to criticize political views or affiliations.",0
9831,The content in the meme is hateful. It uses a biblical reference to justify harmful and discriminatory attitudes towards the LGBTQ+ community.,1
9834,"The content in the meme is hateful. The phrase ""a Muslim threesome"" is derogatory and promotes negative stereotypes about Muslims.",1
9841,The content in the meme is hateful. It contains derogatory language and makes a comparison that is intended to be offensive and disrespectful.,1
9843,The content in the meme is hateful.,1
9851,"The content in the meme is non-hateful. The phrase ""a cracker"" is used humorously and contextually, not as a derogatory term.",0
9852,"The content in the meme is hateful. The text suggests that all men should be disarmed, preferably both arms, which implies a discriminatory and potentially violent intent towards men.",1
9863,"The content in the meme is non-hateful. It features a diverse group of women smiling and standing together, promoting inclusivity and unity.",0
9867,The content in the meme is hateful. The text suggests a desire to harm and accuses the government of bringing in people who are perceived as harmful.,1
9875,"The content in the meme is non-hateful. It uses a metaphorical term ""dickheads"" to express frustration or annoyance with people's behavior, but it does not contain any direct hate speech or derogatory language.",0
10234,"The content in the meme is non-hateful. It is a humorous meme that uses a black face mask to play on the idea of starting a life of crime, which is a common trope in media and humor. The context is light-hearted and not intended to be offensive.",0
10236,"The content in the meme is hateful. The text suggests a negative stereotype by implying that immigrants are not true Americans and are only waving the flag to claim it as their own, while invaders are those who actually claim the land as their own. This is a form of xenophobia and can be considered hateful.",1
10238,"The content in the meme is hateful. The text implies that the person in the image is an ""African girl"" and suggests that she is suffering from a ""face deformity,"" which can be interpreted as a negative stereotype or harmful characterization.",1
10246,"The content in the meme is hateful. The text juxtaposes a positive request for a gingerbread house with a negative and inappropriate image of a concentration camp, which is a deeply insensitive and offensive comparison.",1
10254,The content in the meme is non-hateful. It is a humorous observation about the feeling of dread that some people experience when they realize that the weekend is over and it's Monday again.,0
10256,"The content in the meme is hateful. It promotes a harmful and discriminatory view by blaming women for any negative outcomes, which is a form of sexism and gender inequality.",1
10258,The content in the meme is non-hateful.,0
10259,"The content in the meme is hateful. The text suggests a sense of entitlement and a disregard for the consequences of one's actions, which can be interpreted as hateful rhetoric.",1
10263,"The content in the meme is non-hateful. It presents a contrast between two politicians, Rep. Dan Crenshaw and Rep. Alexandria Ocasio-Cortez, highlighting their different backgrounds and policies. The meme does not contain any explicit hate speech or derogatory language.",0
10264,"The content in the meme is non-hateful. It appears to be a humorous or sarcastic statement, possibly intended as a joke or a playful insult.",0
10268,The content in the meme is hateful.,1
10269,The content in the meme is non-hateful.,0
10274,"The content in the meme is non-hateful. The phrase ""laughs in goat fucker"" is a humorous and light-hearted expression, often used in internet culture to indicate amusement or laughter. It does not contain any offensive or hateful language.",0
10278,"The content in the meme is non-hateful. The text ""call of duty new zealand"" refers to a possible setting or theme related to the popular video game series ""Call of Duty,"" and does not contain any explicit or implicit hateful language or imagery.",0
10283,The content in the meme is hateful.,1
10285,"The content in the meme is non-hateful. It is a humorous take on the phrase ""you are what you eat,"" suggesting that the person in the image is not eating properly. The text ""meanwhile in Africa"" adds a playful and light-hearted tone to the meme.",0
10287,The content in the meme is non-hateful.,0
10289,"The content in the meme is non-hateful. It is a humorous observation about trying to maintain eye contact with someone who is wearing revealing clothing, often referred to as ""cleavage game."" The meme does not contain any offensive or derogatory language or imagery.",0
10325,"The content in the meme is non-hateful. It is a humorous statement about building a space force and making the martians pay for it, which is a playful and exaggerated claim rather than a serious or hateful one.",0
10328,The content in the meme is hateful.,1
10329,"The content in the meme is non-hateful. It is a humorous observation made by a child about the smell of a horse, which is a light-hearted and playful comment.",0
10345,The content in the meme is non-hateful.,0
10357,The content in the meme is non-hateful. It is a humorous meme that plays on the idea that hockey might not be as enjoyable as some people think.,0
10358,"The content in the meme is non-hateful. It is a humorous and sarcastic comment about the lack of pharmacies in Africa, suggesting that people there cannot take medicine on an empty stomach. The humor comes from the absurdity of the statement rather than any intention to offend.",0
10362,"The content in the meme is hateful. It implies that certain groups of people (German, British, Danish, Austrian, and others mentioned in the first part of the meme—do not have diversity, while the groups mentioned in the second part of the meme (Iraqi, Pakistani, Syrian, Egyptian, and others—are seen as having diversity. This comparison is likely intended to be derogatory and to imply that the first group is lacking in diversity compared to the second group.",1
10372,"The content in the meme is hateful. The statement expresses a strong dislike for vampires, werewolves, and witches, which can be seen as derogatory or prejudiced towards individuals who identify with these fictional or supernatural entities.",1
10384,"The content in the meme is non-hateful. It is a statement about a person's behavior, specifically accusing them of bullying.",0
10385,The content in the meme is hateful. The text suggests a negative stereotype about Muslims and implies that role-playing with someone who is Muslim is inappropriate or offensive.,1
10386,"The content in the meme is non-hateful. The text ""the book about terrorism"" suggests that the book is about terrorism, but it does not contain any explicit hateful language or imagery.",0
10389,"The content in the meme is hateful. The text implies that the people in the image are claiming a superiority based on race, which is a form of racism.",1
10395,The content in the meme is non-hateful. It is a humorous and light-hearted meme involving a dog in front of a chalkboard with a simple math problem.,0
10396,The content in the meme is non-hateful.,0
10398,The content in the meme is hateful.,1
10423,"The content in the meme is hateful. The phrase ""nobody wants to hang auschwitz me"" is a reference to the Holocaust and is used in a way that is intended to be offensive and disrespectful.",1
10436,"The content in the meme is hateful. The term ""sea monkeys"" is often used as a derogatory term to refer to people of African descent, particularly in the United States. The context of the image, showing two children swimming, does not mitigate the negative connotation of the text.",1
10453,"The content in the meme is hateful. The statement ""all men are pigs"" is derogatory and promotes a negative stereotype about menhood.",1
10458,"The content in the meme is hateful. The phrase ""they will always me mine"" suggests a possessive and potentially derogatory attitude towards a group of people, which is not appropriate or respectful.",1
10459,"The content in the meme is hateful. The text expresses a prejudiced attitude towards a specific group of people, using derogatory language, and makes a negative comparison between different groups.",1
10462,"The content in the meme is hateful. The phrase ""male and not male"" is a derogatory term used to refer to transgender individuals, and the overall message of the meme is dismissive and harmful.",1
10463,"The content in the meme is hateful. The phrase ""I stole it from Africa!!!"" is a reference to historical events where European explorers and colonizers took gold and other resources from Africa, often through violent means. This is considered a harmful and offensive statement.",1
10465,"The content in the meme is non-hateful. The text ""happy 4th of july"" is a celebratory message, typically associated with the Fourth of July, which is a national holiday in the United States commemorating the Declaration of Independence.",0
10475,"The content in the meme is hateful. The text ""refugees welcome"" is juxtaposed with a violent and militaristic image, which is intended to convey a negative message about refugees.",1
10476,"The content in the meme is non-hateful. The text ""how to fix a noisy dishwasher"" suggests a humorous or instructional context, and the image appears to be a staged, possibly vintage, photo that is meant to be funny rather than offensive.",0
10478,"The content in the meme is hateful. The phrase ""house of pedophile"" is a derogatory term used to describe someone who is suspected or proven to have engaged in sexual activities with children. The use of this term in the meme is intended to be offensive and derogatory.",1
10479,"The content in the meme is hateful. The phrase ""cash chambers"" is a euphemism for concentration camps, which is a reference to the Nazi concentration camps during World War II. This is a sensitive and offensive topic, and using it in this context is inappropriate and disrespectful.",1
10482,The content in the meme is non-hateful. It appears to be a light-hearted comparison between American and Asian approaches to preparing a dog for a family event.,0
10483,The content in the meme is hateful. The text suggests a negative stereotype and discrimination against a specific group of people based on their nationality.,1
10489,"The content in the meme is hateful. The text suggests a negative stereotype by implying that the children in the image have not tried Ethiopian food, which can be interpreted as a form of discrimination or prejudice against the culture or people associated with Ethiopia.",1
10492,The content in the meme is hateful.,1
10493,"The content in the meme is non-hateful. It is a positive and affectionate statement about Stevie Wonder, using the word ""wonder"" as a pun to emphasize his greatness.",0
10524,"The content in the meme is non-hateful. It humorously depicts a dog that has made a mess, with the text ""some people did something again.."" suggesting that the dog has repeated a previous misdeed.",0
10527,The content in the meme is hateful.,1
10528,"The content in the meme is hateful. The text suggests a violent and harmful intent towards people, which is not appropriate or acceptable.",1
10538,"The content in the meme is non-hateful. The text ""morgan freeman condemning slavery"" suggests that Morgan Freeman is expressing a condemnation of slavery, which is a positive and non-hateful message.",0
10539,"The content in the meme is non-hateful. It is a humorous and sarcastic comment about a player in a video game who has a high kill count but has only died once. The term ""camper"" is often used in gaming culture to describe a player who stays in one area for a long time, which can be seen as a negative trait.",0
10547,"The content in the meme is hateful. The text expresses a negative and derogatory attitude towards both banks and Native Americans, which is considered offensive and disrespectful.",1
10548,The content in the meme is non-hateful.,0
10562,"The content in the meme is hateful. It promotes harmful and offensive ideas by suggesting that changing one's's gender can shift the blame from the perpetrator to the victim, which is a form of victim blaming and reinforces harmful gender stereotypes.",1
10564,"The content in the meme is hateful. It uses a derogatory and offensive comparison to describe a group of people, which is not appropriate or respectful.",1
10567,The content in the meme is hateful. The use of profanity and the derogatory language directed towards a specific group of people (indicates a hostile and offensive tone.,1
10572,"The content in the meme is non-hateful. It appears to be a statement expressing frustration or disbelief about the outcome of an election, mentioning various alleged irregularities without targeting any specific group or individual in a hateful manner.",0
10574,"The content in the meme is non-hateful. It appears to be a positive message about a man named Tyrone who got a new job, improved his credit, and spent more time with his kids, leading to something amazing happening.",0
10576,The content in the meme is non-hateful. It is a political statement that criticizes nationalism and suggests that the United States has played a significant role in preventing such sentiments from being expressed more openly in Germany.,0
10579,The content in the meme is hateful. It makes a derogatory statement about a specific racial group and uses a gesture that is considered offensive.,1
10582,The content in the meme is non-hateful.,0
10583,"The content in the meme is hateful. The text ""once you go black you don't go back"" is a derogatory and racist statement that promotes racial discrimination and prejudice.",1
10584,The content in the meme is non-hateful.,0
10589,The content in the meme is non-hateful.,0
10596,The content in the meme is non-hateful.,0
10625,"The content in the meme is non-hateful. It appears to be a humorous or satirical image, possibly commenting on political themes or trends.",0
10639,"The content in the meme is non-hateful. The text ""now I'm gonna use two fingers"" is a playful and non-threatening statement.",0
10649,"The content in the meme is non-hateful. The phrase ""straight outta oven"" is a humorous play on words, likely referencing a popular meme format, and is not intended to be offensive.",0
10652,"The content in the meme is non-hateful. It is a humorous and light-hearted exchange between two individuals, using a playful and indirect way to ask about the whereabouts of their respective pets and family members.",0
10653,"The content in the meme is non-hateful. It appears to be a humorous or aggressive statement, possibly intended as a playful or exaggerated expression of excitement or determination.",0
10659,"The content in the meme is non-hateful. It is a humorous observation about Chinese people celebrating Thanksgiving, suggesting that they might not understand or participate in the traditional American holiday. The meme does not contain any offensive or derogatory language or imagery.",0
10673,The content in the meme is non-hateful. It is a humorous observation about the frustration of experiencing a car breakdown when one is financially strained.,0
10675,The content in the meme is non-hateful.,0
10682,The content in the meme is hateful. It contains derogatory language and makes a comparison that is intended to be offensive and harmful.,1
10689,The content in the meme is hateful. It contains a racist stereotype and is intended to be offensive.,1
10692,The content in the meme is non-hateful. It is a friendly and positive message wishing someone a wonderful day.,0
10693,"The content in the meme is hateful. The text ""the enemy within"" and ""the enemy has infiltrated congress"" suggests a negative and potentially discriminatory view of the individuals mentioned, implying they are threats or enemies within the political system.",1
10725,The content in the meme is non-hateful.,0
10732,The content in the meme is non-hateful.,0
10734,"The content in the meme is non-hateful. The text appears to be a casual, possibly humorous comment about a prison guard (""c.o."") not knocking on a cell door, which is a common prison slang for a guard not entering a cell.",0
10743,The content in the meme is non-hateful.,0
10748,The content in the meme is non-hateful. It appears to be a humorous statement about someone who can afford to travel from Romania to London but still engages in pickpocketinging.,0
10749,"The content in the meme is hateful. The text ""my sense of humor is so dark it picks cotton"" is a reference to the historical practice of forced labor and slavery, particularly in the context of cotton picking during the American Civil War era. This type of humor is considered insensitive and offensive, as it trivializes and exploits the suffering of others.",1
10752,"The content in the meme is non-hateful. It is a humorous observation about the intersection of Irish and Black History Month, suggesting a playful interaction between the two events.",0
10759,"The content in the meme is non-hateful. It appears to be a humorous statement made by the person's best friend, Emma, expressing a strong negative sentiment.",0
10765,The content in the meme is non-hateful.,0
10785,"The content in the meme is hateful. The text ""time to put the 'panic' back in hispanic"" is a derogatory and offensive phrase that implies fear and hostility towards Hispanic people.",1
10786,"The content in the meme is non-hateful. It presents a series of images and text that discuss allegations of sexual assault and harassment against several individuals, including President Donald Trump, Clarence Thomas, Roy Moore, and Brett Kavanaugh. The meme does not contain any explicit or implicit hate speech or derogatory language.",0
10792,"The content in the meme is non-hateful. The text appears to be an expression of frustration or confusion, commonly used in internet slang.",0
10793,"The content in the meme is non-hateful. It appears to be a humorous and satirical image, suggesting a fictional scenario at an ""ISIS strip club"" with a group of men reacting in shock or surprise. The context and tone of the meme are intended to be comedic rather than offensive.",0
10827,"The content in the meme is hateful. The text ""watch out I'll put a bomb in your car"" is a threatening statement that can be considered hateful due to its potential to incite fear and harm.",1
10829,"The content in the meme is non-hateful. The text suggests a metaphorical comparison, implying that just like a few snakes can be harmful, a few people from a certain group might also be harmful. It does not contain any direct hate speech or discriminatory language.",0
10834,The content in the meme is non-hateful. It appears to be a humorous expression of a common family situation where an autistic child's reaction to having chicken for dinner is exaggerated for comedic effect.,0
10835,"The content in the meme is hateful. The text ""6,000,000 kill streak"" is a reference to the Holocaust, which is a deeply sensitive and tragic event in history. The use of this phrase in a meme is considered offensive and disrespectful.",1
10839,The content in the meme is non-hateful.,0
10843,"The content in the meme is non-hateful. It appears to be a humorous or sarcastic comment, possibly implying that someone is not good at something, in this case, shooting a target.",0
10852,"The content in the meme is non-hateful. The phrase ""a beautiful family"" is a positive and inclusive statement that celebrates the diversity and love within the family depicted in the image.",0
10853,"The content in the meme is non-hateful. It is a humorous meme that uses a historical figure in a light-hearted context, making a joke about wanting to speak to the manager.",0
10857,"The content in the meme is non-hateful. It is a humorous and sarcastic comment about someone's tendency to lie, using a metaphorical reference to the movement of the sphincter under the nose.",0
10865,The content in the meme is non-hateful.,0
10867,"The content in the meme is hateful. The text ""official muslim refugee checkpoint"" implies a negative stereotype and suggests that the checkpoint is specifically for Muslim refugees, which can be seen as discriminatory.",1
10893,"The content in the meme is hateful. The image depicts a person holding a chainsaw and threatening another person, with the caption ""marge, i converted to islam!"" This suggests a negative stereotype and can be interpreted as promoting violence and hatred towards people who have converted to Islam.",1
10895,The content in the meme is hateful. It contains a stereotype and a joke that is intended to be offensive and derogatory.,1
10926,"The content in the meme is non-hateful. The text describes a traditional African tribe, which is a positive and respectful representation of a cultural group.",0
10932,"The content in the meme is non-hateful. It appears to be a humorous or ironic situation, suggesting a surprising or unexpected find upon returning home.",0
10935,"The content in the meme is non-hateful. The text ""modern japanese"" refers to contemporary Japanese culture or language, and there is no indication of any negative or offensive connotations in the image.",0
10936,"The content in the meme is hateful. The meme makes a comparison between the historical events of Pearl Harbor and 9/11, suggesting a double standard in how the United States responds to these events. It implies that the United States is more willing to adopt foreign laws in response to 9/11 than it was to respond to Pearl Harbor, which is seen as a form of discrimination or bias against a particular group.",1
10938,"The content in the meme is non-hateful. The text ""international boxing day"" refers to a day celebrated on December 26th, often associated with shopping and sales, particularly in the United Kingdom. The image of boxing gloves and a wrapped gift box is a playful and non-offensive representation of this day.",0
10943,"The content in the meme is non-hateful. It appears to be a humorous or satirical statement about how women might win an argument, which is intended to be lighthearted and not offensive.",0
10946,"The content in the meme is hateful. The text suggests a negative and potentially discriminatory attitude towards the person in the image, implying that their appearance is being altered to make them recognizable.",1
10947,The content in the meme is hateful.,1
10948,"The content in the meme is non-hateful. It humorously depicts a situation where a man is using his tablet while his wife is talking on the phone, and he is asked about his tablet activity. The wife's response, ""nothing, just women stuff,"" is followed by a humorous twist when she asks if he crashed the car again. The meme plays on gender stereotypes in a light-hearted manner.",0
10952,"The content in the meme is non-hateful. It appears to be a friendly greeting between two individuals in an office setting, with the text ""i agree hi 5 bro"" suggesting a positive and casual interaction.",0
10956,The content in the meme is hateful.,1
10962,The content in the meme is non-hateful.,0
10963,"The content in the meme is hateful. The image of a noose with the text ""hope on a rope it's what everyone's been waiting for"" is a reference to a racist and violent symbol, which is intended to be offensive and harmful.",1
10967,"The content in the meme is non-hateful. The image shows a woman and a child smiling and laughing, with the text ""@unhumanrights"" which is likely a reference to a social media handle or campaign related to human rights. There is no indication of hate speech or discrimination in the image.",0
10972,The content in the meme is non-hateful.,0
10976,The content in the meme is non-hateful. It is a humorous observation about the disconnect between seeing a commercial about starving kids in Africa and feeling personally responsible for the issue.,0
10983,"The content in the meme is non-hateful. It appears to be a reference to the Miami Dolphins' Super Bowl highlights, which is a sports-related topic.",0
10985,The content in the meme is non-hateful.,0
12034,"The content in the meme is non-hateful. It is a humorous observation about the location of prisons and the lack of sunlight exposure, which is not intended to be offensive or discriminatory.",0
12035,"The content in the meme is non-hateful. It is a humorous statement about dating someone who is a biker with a beard and riding a Harley, suggesting that once you experience this lifestyle, you won't want to go back to anything else.",0
12036,"The content in the meme is non-hateful. It promotes the idea of accepting one's actual born sex, which is a positive and affirmingative message.",0
12039,The content in the meme is non-hateful.,0
12045,The content in the meme is non-hateful.,0
12054,"The content in the meme is non-hateful. It is a humorous observation about the commonality between Chevy trucks and their owners, suggesting that both have experienced a transmission failure.",0
12059,The content in the meme is hateful.,1
12063,"The content in the meme is non-hateful. It is a humorous and light-hearted joke about goats, with no indication of hate speech or offensive language.",0
12067,"The content in the meme is non-hateful. It is a cooking instruction, specifically advising to preheat the oven to 350 degrees.",0
12068,The content in the meme is non-hateful.,0
12074,"The content in the meme is non-hateful. It appears to be a humorous or ironic statement about someone's self-perception, rather than expressing any form of hate or prejudice.",0
12086,The content in the meme is hateful. The text suggests a disrespectful and potentially harmful intent towards the individual being shown.,1
12093,The content in the meme is non-hateful. It is a humorous and honest statement about a mother's priorities and the reasons behind her appearance in public.,0
12094,The content in the meme is non-hateful.,0
12096,The content in the meme is hateful.,1
12309,The content in the meme is non-hateful. It appears to be a humorous or sarcastic statement about a police officer's lack of experience dealing with criminals.,0
12348,"The content in the meme is non-hateful. The text ""bitch, say something else"" is a casual, informal phrase that is often used in conversation to encourage someone to speak up or express themselves. It does not contain any offensive or derogatory language.",0
12349,"The content in the meme is hateful. It makes a derogatory statement about a Muslim member of Congress and implies a negative stance towards homeland security, which is a sensitive and controversial topic.",1
12356,The content in the meme is non-hateful.,0
12358,The content in the meme is non-hateful.,0
12374,The content in the meme is non-hateful. It promotes inclusivity and independence by suggesting that cooking classes for individuals with disabilities can provide them with new opportunities and skills.,0
12376,"The content in the meme is non-hateful. It is a humorous and exaggerated statement about why girls might want to be mermaids, using a list of reasons that are meant to be funny rather than offensive.",0
12389,The content in the meme is hateful.,1
12407,"The content in the meme is non-hateful. It is a humorous and light-hearted statement about a dog holding a carrot in its mouth, with the text ""my favorite animal is carrot.""",0
12430,"The content in the meme is non-hateful. The text ""howdy y'all!"" is a friendly greeting commonly used in the Southern United States, and there are no visible elements in the image that suggest any form of hate or discrimination.",0
12450,"The content in the meme is non-hateful. It is a humorous and light-hearted observation about someone wearing a mermaid costume, which is not intended to be offensive or derogatory.",0
12453,"The content in the meme is non-hateful. The text ""these are just to break"" suggests a statement or instruction, but without additional context, it is difficult to determine the exact meaning or intention behind it.",0
12460,"The content in the meme is hateful. The text includes a reference to ""sad racist noises,"" which is a phrase often used to express disdain or contempt, particularly in a racist context.",1
12468,The content in the meme is non-hateful. It promotes a positive message about Islam being a religion of peace.,0
12483,The content in the meme is hateful.,1
12489,"The content in the meme is non-hateful. It promotes the idea of embracing diversity and adopting cultural values, which is generally considered a positive and inclusive message.",0
12490,"The content in the meme is hateful. The text suggests a desire to harm and criticize a government, which is a form of hate speech.",1
12495,"The content in the meme is non-hateful. It humorously depicts a ""metalhead"" doing laundry, which is a playful and light-hearted reference to the stereotype of metalheads.",0
12504,"The content in the meme is hateful. The phrase ""we can bang goats"" is a derogatory and offensive statement, often used to refer to certain religious beliefs or practices in a disrespectful manner.",1
12507,"The content in the meme is hateful. The meme makes a derogatory and offensive joke about a Muslim clothes shop and the products they sell, using a term that is often associated with terrorism.",1
12509,"The content in the meme is non-hateful. It is a humorous observation about accidentally eating gluten, which can cause discomfort for those with gluten sensitivity or celiac disease.",0
12534,"The content in the meme is non-hateful. It discusses the issue of illegal immigration and raises a concern about separating families, which is a sensitive and compassionate topic.",0
12536,"The content in the meme is hateful. The phrase ""turning every country it touches into a shithole"" is derogatory and offensive, using a pejorative term to describe a country, which is intended to be insulting and disrespectful.",1
12546,The content in the meme is hateful. It contains a racist stereotype and is intended to be offensive.,1
12547,"The content in the meme is hateful. The meme makes a reference to Anne Frank, a historical figure known for her experiences during the Holocaust, and uses a phrase that implies a negative judgment about her actions or decisions. This type of content is considered hateful and disrespectful.",1
12548,"The content in the meme is non-hateful. The phrase ""running chocolate"" is a playful and non-offensive term, likely referring to the process of melting and pouring chocolate in a chocolate-making context.",0
12549,"The content in the meme is non-hateful. The text ""eating with the crew"" suggests a friendly and inclusive context, indicating that the individuals in the image are part of a group or team.",0
12570,The content in the meme is non-hateful. It appears to be a light-hearted observation about a common occurrence where someone picks up a date who is wearing hairbands on their wrist.,0
12576,The content in the meme is non-hateful.,0
12580,"The content in the meme is non-hateful. It is a humorous take on the French protests, using chimpanzees to make a point about the protests being about high taxes and free goods, with a joke about the intelligence of the protesters.",0
12589,"The content in the meme is non-hateful. It provides a factual description of Islam, a monotheistic faith, and acknowledges Muhammad as the prophet of Allah.",0
12597,"The content in the meme is non-hateful. It is a humorous observation about the idea that one does not have to be poor to be considered ""trash"" or undesirable. The meme uses a visual and textual joke to make a light-hearted point.",0
12603,The content in the meme is hateful. It implies a negative stereotype about Muslims and suggests that their beliefs make it surprising for them to be in a gay bar.,1
12604,The content in the meme is non-hateful. It is a light-hearted and humorous image celebrating a person's sheep winning first place at a fair.,0
12607,"The content in the meme is non-hateful. The text ""how i see black people getting trolled on the internet"" suggests a perspective or observation rather than expressing hate or prejudice.",0
12608,"The content in the meme is non-hateful. It is a humorous comparison between two Ford F-150 trucks, one polished and one not, with the caption ""proof that you really can polish a turd,"" which is a play on words and not intended to be offensive.",0
12637,"The content in the meme is non-hateful. The phrase ""come and take it"" is often used in a non-threatening, humorous context, especially in memes. It is not intended to be offensive or hateful.",0
12643,The content in the meme is non-hateful. It appears to be a humorous and light-hearted image with a playful caption.,0
12647,The content in the meme is non-hateful. It discusses a political issue involving the use of tax payer money to settle sexual harassment claims. The language used is critical and accusatory but does not contain any hate speech or derogatory terms.,0
12648,"The content in the meme is hateful. It contains offensive language and makes a derogatory reference to a specific individual and their family, which is intended to cause harm or offense.",1
12649,"The content in the meme is hateful. The phrase ""not gas the jews"" is a reference to the Holocaust, where Jews were systematically killed in gas chambers during World War II. The use of this phrase in a meme is intended to be offensive and disrespectful.",1
12650,The content in the meme is hateful.,1
12657,The content in the meme is hateful.,1
12673,"The content in the meme is non-hateful. It appears to be a humorous observation about the experiences of being a military spouse over 30, likely referencing the challenges and unique aspects of military life.",0
12675,"The content in the meme is non-hateful. The text ""always dtsy positive"" is a playful and positive message, and the image of a person with Down Syndrome holding a dog in a happy manner further reinforces a positive and inclusive message.",0
12678,"The content in the meme is non-hateful. It appears to be a humorous or sarcastic statement, possibly related to a political or cultural context.",0
12694,"The content in the meme is non-hateful. It is a humorous observation about a teacher's monotone voice, which is a common and relatable experience for many students.",0
12704,"The content in the meme is non-hateful. It is a cultural statement about the reverence for cows in a particular country, which is not intended to be offensive or derogatory.",0
12736,The content in the meme is non-hateful.,0
12748,"The content in the meme is non-hateful. It expresses a personal preference or desire, rather than containing any form of hate speech or discrimination.",0
12750,The content in the meme is non-hateful. It appears to be a political statement or a joke about the investigation and counter-investigation.,0
12754,The content in the meme is non-hateful.,0
12763,"The content in the meme is non-hateful. It appears to be a humorous observation about the behavior of people at a pizza place, specifically about their phone usage.",0
12784,The content in the meme is non-hateful.,0
12785,The content in the meme is non-hateful.,0
12793,The content in the meme is hateful. It contains derogatory and harmful language directed towards a specific group of people based on their gender and cultural background.,1
12807,"The content in the meme is non-hateful. It appears to be a humorous or light-hearted reference to Bruce Jenner's cat, with no indication of hate or discrimination.",0
12834,The content in the meme is hateful.,1
12836,"The content in the meme is non-hateful. It is a humorous observation about the size of Texas churches, suggesting that they are very large and grand, with the phrase ""praise the lord!"" adding a playful tone.",0
12837,The content in the meme is hateful. The text suggests that the group of people being referred to is so disgusting that laws are needed to prevent hate against them. This implies a negative and derogatory view of the group.,1
12839,"The content in the meme is non-hateful. It humorously addresses the issue of being able to watch a football game in a public setting, specifically mentioning the Dallas Cowboys, and uses the context of the year 2019 to suggest that being gay is now accepted everywhere. The tone is light-hearted and playful, rather than hateful or offensive.",0
12843,"The content in the meme is non-hateful. It is a humorous comparison between a child and a monkey, suggesting that the child has to race the monkey to get to the playground quicker.",0
12867,"The content in the meme is hateful. It contains derogatory language and makes false and offensive statements about a specific group of people, which is a form of hate speech.",1
12873,"The content in the meme is non-hateful. It is a humorous and sarcastic comment about the use of women for various purposes, including sex, laundry, and as a human shield. The tone is light-hearted and intended to be funny rather than offensive.",0
12876,"The content in the meme is non-hateful. The phrase ""fucking aye"" is a colloquial expression that is generally considered to be non-offensive and is often used in informal conversation.",0
12890,"The content in the meme is hateful. The text ""hitler getting his tan on"" is a reference to Adolf Hitler, a historical figure associated with extreme racism and anti-Semitism. The use of his name in this context is intended to be offensive and derogatory.",1
12894,"The content in the meme is non-hateful. It appears to be a critique of a political system or society where people elect individuals who are perceived to be corrupt or criminal, and the meme humorously suggests that the people involved are unaware of the consequences of their actions.",0
12907,The content in the meme is non-hateful.,0
12935,"The content in the meme is hateful. The phrases ""wea yo top lip at doe"" and ""missing like yo dad"" are derogatory and offensive, particularly in the context of the image which appears to depict a cartoon or drawing of people in a stereotypical manner.",1
12936,"The content in the meme is hateful. The text uses derogatory language and makes offensive statements about Asian women and white women, promoting harmful stereotypes and biases.",1
12953,"The content in the meme is non-hateful. The text ""all starting from 1995"" suggests a historical context or a reference to events that began in 1995, but it does not contain any explicit hate speech or discriminatory language.",0
12956,"The content in the meme is non-hateful. It humorously depicts a situation where someone discovers that their neighbors have stolen their goats, which is a common and relatable scenario. The meme does not contain any elements of hate speech or discrimination.",0
12957,"The content in the meme is non-hateful. The text suggests a critique of the idea that privilege is associated with whiteness, implying that privilege can exist in other racial or ethnic contexts as well.",0
12958,"The content in the meme is hateful. The text at the top refers to a group of people (presumably Muslims) and suggests that they need protection, while the text at the bottom refers to another group (presumably ISIS supporters) and states that they do not need protection. This creates a distinction based on perceived threat, which is often used to justify discrimination or prejudice.",1
12967,"The content in the meme is hateful. The text ""omg the middle east has ninjas too!!"" implies a negative stereotype and is intended to be provocative and offensive.",1
12968,"The content in the meme is non-hateful. It appears to be a humorous or light-hearted observation about a situation where someone brings home their first girlfriend after being referred to as a ""car bomber.""",0
12973,The content in the meme is non-hateful. It is a humorous observation about a common household mishap involving too much soap in the dishwasher.,0
12983,The content in the meme is non-hateful.,0
13026,"The content in the meme is hateful. It implies a negative stereotype about multiculturalism and suggests that it is responsible for allowing terrorists into the country, which is a harmful and inaccurate statement.",1
13042,"The content in the meme is non-hateful. It appears to be a humorous reference to the movie ""Jean Claude Van Damme"" and is presented in a light-hearted manner.",0
13045,"The content in the meme is non-hateful. It is a positive description of a wax figure of Anne Frank, emphasizing its realism.",0
13046,The content in the meme is non-hateful. It appears to be a discussion about the perception of Islam as a religion of peace and the frustration that Muslims might feel due to misunderstandings or misconceptions about Islam.,0
13049,"The content in the meme is non-hateful. It is a light-hearted and nostalgic image of a boy and a girl sitting at a table, presumably discussing their first girlfriend.",0
13058,"The content in the meme is non-hateful. The image shows a sink with blood and a knife, which is often associated with a murder mystery or thriller genre, specifically referencing the movie ""Knives Out.""",0
13067,The content in the meme is non-hateful.,0
13068,The content in the meme is non-hateful. It appears to be a humorous take on a concert scenario where someone is making noise and the DJ is addressing the crowd.,0
13069,The content in the meme is non-hateful. It appears to be a humorous or light-hearted statement about a relationship situation.,0
13074,"The content in the meme is non-hateful. It humorously suggests that the situation of a dive instructor yelling in Arabic might be confusing or unexpected, but it does not contain any offensive or derogatory language or content.",0
13076,The content in the meme is hateful.,1
13085,The content in the meme is hateful.,1
13086,The content in the meme is hateful.,1
13095,"The content in the meme is hateful. It makes a derogatory and stereotypical comment about Mexican people, suggesting that they are more interested in money than in supporting their friends' children's birthday parties.",1
13096,"The content in the meme is hateful. It uses derogatory language and stereotypes to describe a group of people, which is not appropriate or respectful.",1
13098,"The content in the meme is non-hateful. The meme humorously contrasts the terms ""upper"" and ""downer"" with images of drugs and a baby, respectively.",0
13209,"The content in the meme is non-hateful. It is a humorous take on the phrase ""you have the right to remain silent"" and plays on the idea that the right to remain silent is a positive thing, especially in a situation where someone might feel they have no rights.",0
13248,"The content in the meme is non-hateful. It appears to be a humorous statement about prioritizing personal interests over social issues, using the phrase ""American muscle"" as a metaphor for a personal passion or hobby.",0
13249,"The content in the meme is hateful. The phrase ""the talmudists are planning to kill us all"" is a derogatory and offensive statement that targets a specific religious group.",1
13269,"The content in the meme is hateful. The image depicts a dark and disturbing scene, which is likely intended to evoke a sense of horror or shock. The text ""mississippi wind chime"" does not provide additional context that would make the content less hateful.",1
13270,"The content in the meme is non-hateful. It is a humorous statement about the political situation, using a costume and a whimsical tone to express a message.",0
13276,"The content in the meme is non-hateful. It appears to be a humorous observation about the shared experience of waiting in a line, with a focus on the agreement between the speaker and the listener.",0
13285,"The content in the meme is non-hateful. The phrase ""hope on a rope it's what everyone's been waiting for!"" is a metaphorical expression that does not contain any explicit hate speech or offensive language.",0
13289,The content in the meme is non-hateful.,0
13297,"The content in the meme is non-hateful. It features a dog with a humorous expression and the text ""the original derp face,"" which is a light-hearted and playful reference to the dog's expression.",0
13402,The content in the meme is non-hateful. It is a humorous birthday message with a playful and light-hearted tone.,0
13407,The content in the meme is hateful.,1
13426,"The content in the meme is non-hateful. The text ""they will soon be free"" suggests a positive message, possibly indicating an upcoming liberation or freedom for a group of people.",0
13428,The content in the meme is non-hateful. It is a humorous statement about a neighbor repeatedly asking to keep their dog out of the yard.,0
13450,"The content in the meme is non-hateful. The meme humorously contrasts a historical photograph from 1947 with a modern photograph from 2017, suggesting that something went terribly wrong in the intervening years. The context and tone of the meme are light-hearted and not intended to be offensive.",0
13458,The content in the meme is non-hateful.,0
13459,The content in the meme is non-hateful. It appears to be a humorous or relatable situation about missing someone while in jail.,0
13460,The content in the meme is is non-hateful.,0
13465,"The content in the meme is non-hateful. The image shows a car salesman and a family in a car dealership, and the text ""car salesman roof of car"" does not contain any offensive or discriminatory language.",0
13469,The content in the meme is non-hateful.,0
13470,The content in the meme is non-hateful. It appears to be a political statement or commentary rather than expressing hate or prejudice.,0
13476,"The content in the meme is non-hateful. It is a humorous meme about a cat lying on a laptop keyboard, suggesting that the cat is trying to escape but is still present.",0
13478,"The content in the meme is non-hateful. The text ""this type of mission needs to stop"" suggests a critique or concern about a specific mission or activity, but it does not contain any hate speech or discriminatory language.",0
13482,"The content in the meme is non-hateful. It is a promotional image for a Black Friday sale, which is a common marketing event.",0
13486,"The content in the meme is hateful. It makes a derogatory and offensive comparison between the Western feminist movement and Islam and Sharia law, using language that is intended to provoke and insult.",1
13492,The content in the meme is non-hateful. It is a positive statement expressing admiration for the mom's sandwich-making skills.,0
13495,The content in the meme is non-hateful.,0
13506,The content in the meme is non-hateful. It appears to be a humorous or lighthearted comment about naming a child.,0
13520,The content in the meme is non-hateful. It is a humorous statement about personal preferences regarding underwear.,0
13528,"The content in the meme is non-hateful. The meme humorously references the movie ""Jaws"" by asking where the character from the movie is when you need him, in a situation where someone might need protection or assistance.",0
13542,"The content in the meme is non-hateful. It appears to be related to a beauty or makeup brand, with various promotional messages and images related to eyebrows and beauty hacks.",0
13548,"The content in the meme is non-hateful. It appears to be a humorous and light-hearted observation about a ""basic white girl"" in her natural habitat, with a playful reference to ""heaven"" and specific interests like wine and Target. The tags at the bottom also seem to be part of a meme culture, indicating a light-hearted tone.",0
13570,The content in the meme is non-hateful.,0
13576,"The content in the meme is hateful. The text is threatening and contains violent language, which is inappropriate and offensive.",1
13579,"The content in the meme is hateful. The phrase ""up his sleevies"" is a derogatory term used to refer to someone as a ""nigger,"" and the question about Hitler's armies is a reference to a historical event that is often used in a derogatory context.",1
13590,The content in the meme is hateful. It makes a comparison between Harry Potter and Jewish people that is intended to be offensive and derogatory.,1
13592,The content in the meme is non-hateful.,0
13596,"The content in the meme is non-hateful. It makes a humorous observation about the driving habits of Christians, which is intended to be light-hearted and not intended to cause offense.",0
13602,The content in the meme is non-hateful. It is a thought-provoking statement that challenges the reader's perspective on the issue of abortion.,0
13607,The content in the meme is non-hateful. It promotes respect for elders and acknowledges their wisdom and experience.,0
13609,"The content in the meme is non-hateful. It is a humorous meme that plays on the idea of a person improvisinging a situation by dressing up their goat as if it were their wife. The text ""improvise. adapt. overcome"" adds to the humor by suggesting a solution to the problem.",0
13620,"The content in the meme is hateful. It contains offensive language and makes derogatory comments about gender and sexual orientation, which are intended to cause harm and discrimination.",1
13624,"The content in the meme is non-hateful. It shows a group of people holding hands, which can be interpreted as a gesture of unity and respect, rather than expressing any form of hate or discrimination.",0
13640,"The content in the meme is non-hateful. It refers to an authentic lunch in Venezuela, which is a cultural and culinary topic.",0
13647,"The content in the meme is hateful. It promotes gender stereotypes and reinforces harmful gender roles, suggesting that women should be confined to traditional domestic roles.",1
13650,"The content in the meme is non-hateful. It is a humorous reference to the classic fairy tale ""The Three Little Pigs"" and the phrase ""the big bad wolf looking for the 3 little pigs"" is used to express a feeling of being very busy or overwhelmed.",0
13652,The content in the meme is non-hateful.,0
13657,The content in the meme is non-hateful.,0
13674,"The content in the meme is non-hateful. It is a humorous image of a small animal, possibly a hamster or a similar pet, hiding under a towel, presumably to avoid a bath. The text ""hiding from his bath"" adds to the humor by suggesting that the animal is trying to avoid a necessary grooming activity.",0
13675,"The content in the meme is non-hateful. The phrase ""the fresh prince"" is a reference to the television show ""The Fresh Prince of Bel-Air,"" which is a popular sitcom.",0
13679,The content in the meme is hateful. The text uses offensive language and makes derogatory remarks about a specific individual and their cultural background.,1
13690,The content in the meme is non-hateful. It is a humorous and light-hearted depiction of a Vietnam veteran preparing to tell a war story.,0
13692,"The content in the meme is hateful. It suggests that an active shooter at a Walmart in Texas is targeting only Hispanics, while the armed individuals are white people. This implies a racial bias and discrimination.",1
13695,"The content in the meme is hateful. It contains offensive and derogatory language and imagery, promoting harmful stereotypes and perpetuating discrimination.",1
13697,The content in the meme is non-hateful. It is a humorous and light-hearted image that makes a playful joke about how Chevrolet owners might greet each other.,0
13720,The content in the meme is hateful.,1
13726,"The content in the meme is hateful. It implies a negative stance towards immigrants and suggests that the Democratic Party is giving rights to those who do not have the right to be in the country, while taking rights from those who do. This kind of language is often associated with xenophobia and anti-immigrant sentiment.",1
13745,The content in the meme is non-hateful. It is a humorous statement making a joke about the perceived intelligence of Trump supporters.,0
13748,The content in the meme is non-hateful.,0
13750,"The content in the meme is non-hateful. It appears to be a humorous observation about the unconventional use of an oven, with no indication of hate or discrimination towards any group of people.",0
13764,"The content in the meme is hateful. The meme makes a comparison between the reaction to a person removing polish with chemicals and the lack of reaction to a woman doing the same thing. This comparison is intended to highlight a double standard in societal reactions, which is often used to perpetuate harmful stereotypes and biases.",1
13765,The content in the meme is non-hateful. It is a humorous observation about the common experience of being told to go to the store when you have just returned home.,0
13769,The content in the meme is non-hateful. It is a humorous and sarcastic observation about the procrastination involved in setting and achieving goals over multiple years.,0
13792,"The content in the meme is non-hateful. It appears to be a humorous or satirical comment, likely intended to be ironic or critical rather than hateful.",0
13795,"The content in the meme is non-hateful. It is a memorial image for the victims of the Christchurch mosque attacks, with individuals holding candles in a moment of remembrance.",0
13798,The content in the meme is non-hateful.,0
13802,The content in the meme is hateful.,1
13806,The content in the meme is non-hateful. It is a humorous observation about someone who opens an ice cream shop but only sells shakes.,0
13809,"The content in the meme is hateful. The phrase ""doing o's with the smoke"" is a reference to the Holocaust, where the smoke from crematoriums was used to cover up the burning of bodies. This is a sensitive and offensive topic, and using it in a meme is inappropriate and disrespectful.",1
13842,"The content in the meme is non-hateful. It appears to be a playful and lighthearted reference to a ""happy little van"" by the river, likely alluding to a popular song.",0
13849,The content in the meme is hateful.,1
13852,"The content in the meme is non-hateful. It appears to be a respectful request for accommodations based on beliefs, rather than expressing hate or prejudice.",0
13856,"The content in the meme is non-hateful. The text ""officer down"" suggests that one of the officers has been injured or incapacitated, which is a serious situation but not inherently hateful.",0
13857,The content in the meme is non-hateful.,0
13859,"The content in the meme is non-hateful. The text ""the fuck did you just say?"" is an expression of surprise or disbelief, typically used in a humorous or exasperated tone.",0
13865,"The content in the meme is non-hateful. It is a humorous comparison between the cost of getting stoned in America versus the availability of the same experience in the speaker's country, which is presented in a light-hearted manner.",0
13870,"The content in the meme is non-hateful. It is a humorous and imaginative scenario comparing two fictional characters, James Brown and the creature from ""The Black Lagoon,"" and suggesting what their offspring might look like.",0
13874,"The content in the meme is hateful. The text ""ban the burka"" suggests a call for the prohibition of a specific cultural or religious practice, which can be seen as discriminatory and offensive to those who practice it. The response ""you must be fucking joking"" indicates a strong negative reaction to this suggestion.",1
13875,"The content in the meme is hateful. The text suggests a violent and harmful intention towards a specific group of people, which is inappropriate and offensive.",1
13876,"The content in the meme is non-hateful. It is a playful and humorous request for a specific order at Wendy's, using the term ""savage"" in a light-hearted manner.",0
13890,"The content in the meme is non-hateful. It appears to be a humorous observation about a unexpected outcome, likely related to laundry being wet instead of dry.",0
13894,"The content in the meme is non-hateful. It is a light-hearted image of a cat wearing a red bow, with the text ""puttingting bows on your pet.""",0
13895,"The content in the meme is non-hateful. The meme uses a metaphorical expression to criticize someone, comparing them to a ""turd"" that needs to be flushed away. This is a common form of political satire and does not contain any direct hate speech or derogatory language.",0
13902,The content in the meme is hateful. It contains derogatory language and makes a harmful statement about a group of people based on their race and possession of firearms.,1
13906,The content in the meme is non-hateful. It appears to be a humorous observation about the unexpected results of placing a Starbucks next to an outdoor basketball court.,0
13907,"The content in the meme is non-hateful. The text ""new fishing school"" suggests a new educational program related to fishing, which is a non-controversial and neutral topic.",0
13924,"The content in the meme is non-hateful. It appears to be a humorous observation about a situation where one person is asked to consider another's perspective, but instead of engaging, the other person looks at their computer.",0
13945,The content in the meme is non-hateful.,0
13958,"The content in the meme is hateful. The response ""fuck off. you won't bring it back"" is an offensive and derogatory statement, which is not appropriate or respectful.",1
13960,"The content in the meme is hateful. The top image shows a group of people shouting for Sharia law, and the bottom image shows a person saying ""well... go home."" This suggests a negative and confrontational attitude towards the call for Sharia law.",1
13962,The content in the meme is hateful. It contains a derogatory and offensive statement that is not appropriate or respectful.,1
13964,The content in the meme is non-hateful.,0
13968,"The content in the meme is non-hateful. The text appears to be a statement about a collective awakening and reclaiming of something that was taken away, without any explicit hateful language or imagery.",0
13970,The content in the meme is non-hateful. It appears to be a humorous or ironic statement about a lie detector test.,0
13976,The content in the meme is hateful.,1
13986,"The content in the meme is non-hateful. It appears to be a humorous or light-hearted reference to a fictional or exaggerated event at a camp, with the phrase ""we got so baked"" suggesting a playful or exaggerated scenario.",0
14026,"The content in the meme is hateful. The phrases ""told girlfriend that mom is deaf so speak loud and slow"" and ""told mom that girlfriend is retarded"" are derogatory and offensive. They are based on stereotypes and assumptions about people with disabilities, which can be harmful and disrespectful.",1
14028,"The content in the meme is non-hateful. It appears to be a humorous and light-hearted reference to a popular science fiction series, with a playful tone.",0
14037,The content in the meme is hateful. It uses derogatory language and imagery to stereotype and label a specific group of people based on their religion.,1
14038,The content in the meme is non-hateful. It expresses a personal opinion about Holocaust jokes and indicates that the person is tired of hearing them.,0
14052,"The content in the meme is hateful. The text ""this is racist"" indicates that the image above is considered racist, while the text ""this is not???????"" suggests that the image below is not racist, which creates a contrast that implies the image below is not hateful.",1
14059,"The content in the meme is hateful. It contains offensive language and makes derogatory remarks about a person with disabilities, usinging them as a target for a school shooter.",1
14067,The content in the meme is non-hateful. It expresses admiration and affection towards the girlfriend.,0
14072,"The content in the meme is non-hateful. It is a humorous take on a situation that could happen during sex, using a reference to buffering on Pornhub, which is a popular adult entertainment website.",0
14078,"The content in the meme is hateful. The text ""white people just nasty!!!"" is derogatory and expresses negative and offensive attitudes towards a specific racial group.",1
14079,The content in the meme is non-hateful. It is a humorous and light-hearted message encouraging single women to consider getting a cat if they are not currently in a relationship. The message is meant to be playful and not intended to harm or offend anyone.,0
14082,"The content in the meme is hateful. The text uses offensive language and makes derogatory remarks about a religious practice, which is disrespectful and harmful.",1
14083,"The content in the meme is non-hateful. The text ""racing for pink slips in south africa"" appears to be a metaphorical expression, possibly referring to a situation where people are competing for jobs or resources, but it does not contain any explicit hate speech or discriminatory language.",0
14086,"The content in the meme is non-hateful. The text in the meme is a statement about pride and shame, which is a subjective expression of opinion rather than an expression of hate or discrimination against any particular group.",0
14087,The content in the meme is hateful.,1
14092,"The content in the meme is hateful. The combination of pineapple on pizza (a controversial topic in some cultures and the Confederate flag, which is associated with the Confederacy and its history of slavery and racism, is intended to provoke a strong negative reaction.",1
14096,The content in the meme is non-hateful. It is a humorous observation about the perceived increase in the number of idiots compared to normal people.,0
14097,The content in the meme is non-hateful.,0
14236,"The content in the meme is non-hateful. It appears to be a humorous or sarcastic statement, possibly intended as a joke or a playful exaggeration.",0
14238,The content in the meme is non-hateful. It promotes a positive message about the nature of most religions being peaceful.,0
14239,"The content in the meme is non-hateful. It appears to be a humorous comparison between two cars, with the ""cammed corvette"" being a more powerful car that starts up, and the ""mustang"" being a car that ""pisses itself,"" which is a playful way of saying it is nervous or anxious.",0
14259,"The content in the meme is non-hateful. It appears to be a humorous or satirical statement, suggesting that someone is demonstrating that being poor is not a prerequisite for being considered ""trash.""",0
14260,The content in the meme is non-hateful.,0
14263,"The content in the meme is non-hateful. It is a humorous question asking what button to press to speak to a gorilla, with the options being ""1 for English"" and ""2 for Spanish."" The humor comes from the absurdity of the question and the assumption that gorillas can understand or speak human languages.",0
14267,The content in the meme is hateful.,1
14268,"The content in the meme is non-hateful. It is a humorous play on the ""Elf on a Shelf"" tradition, suggesting a new twist on the concept.",0
14275,The content in the meme is hateful. It contains threatening and discriminatory language directed towards a specific group based on their ethnicity.,1
14276,"The content in the meme is hateful. It implies that the two individuals are not accepted into the same college, which could be seen as a form of discrimination or prejudice.",1
14278,"The content in the meme is hateful. It makes a comparison between the historical use of slavery and the current use of illegal immigrants to perform labor, which is a form of racial and ethnic discrimination.",1
14283,The content in the meme is non-hateful.,0
14296,"The content in the meme is non-hateful. It appears to be a humorous or sarcastic comment directed at a group of people, using a phrase that is often used in a casual, non-threatening manner.",0
14297,The content in the meme is non-hateful. It discusses a suggestion made by President Trump regarding random drug tests for members of Congress.,0
14306,"The content in the meme is non-hateful. The text suggests that the person was going to make a joke but got distracted, which is a light-hearted and non-confrontational statement.",0
14327,"The content in the meme is non-hateful. It is a statement about hunting, describing it as a way of life rather than a hobby.",0
14329,"The content in the meme is hateful. It uses derogatory language and makes harmful comparisons, which are not appropriate or respectful.",1
14360,"The content in the meme is non-hateful. It is a humorous and sarcastic comment about the issue of net neutrality, which is a policy that ensures all internet traffic is treated equally. The phrase ""oh fuck put it back in!"" is a playful way of expressing the concern that net neutrality should be maintained.",0
14362,"The content in the meme is hateful. The text suggests a negative stereotype about the race and the situation of the individual mentioned, which is inappropriate and offensive.",1
14372,The content in the meme is non-hateful. It is a humorous birthday message with a playful tone.,0
14375,"The content in the meme is non-hateful. The text ""wait a sec are u trying to gas me again"" is a phrase that is often used humorously to express frustration or disbelief, rather than to convey hate or prejudice.",0
14378,"The content in the meme is non-hateful. It depicts a family gathering in the kitchen, with a mother watching her son interact with his sister. There is no indication of any hateful or offensive behavior in the image.",0
14379,"The content in the meme is non-hateful. It highlights Lizzie Velasquez's inspiring story of overcoming a rare disease and becoming a motivational speaker, which is a positive and empowering message.",0
14386,"The content in the meme is hateful. The text uses offensive language and cultural stereotypes, which is not appropriate or respectful.",1
14389,"The content in the meme is hateful. It contains derogatory statements directed towards various groups, including whites, Jews, Christians, conservatives, and Republicans.",1
14397,"The content in the meme is non-hateful. It is a humorous comparison between a goat and a woman, with the text overlaid text ""lol she thinks she's a goat."" The humor comes from the juxtaposition of the two images and the playful nature of the caption.",0
14507,"The content in the meme is hateful. The meme humorously depicts a reaction of discomfort or boredom when a history teacher discusses the Holocaust, which is a sensitive and tragic event in history. The use of the word ""Holocaust"" in the context of the meme is intended to evoke a strong emotional response, but the overall tone is轻蔑 and disrespectful.",1
14520,"The content in the meme is non-hateful. It is a humorous observation about the effects of gravity in space, where the positions of reverse cowgirl and doggy style are the same due to the lack of gravity.",0
14523,"The content in the meme is non-hateful. It humorously suggests that every modern rap album cover features a similar theme or style, which is a playful and light-hearted observation rather than a hateful statement.",0
14530,The content in the meme is hateful. It contains offensive and derogatory language and makes a false and harmful claim about a specific group of people.,1
14569,The content in the meme is non-hateful.,0
14570,"The content in the meme is non-hateful. It is a humorous comparison, using a gorilla to express a reaction to someone named Kim Burell grabbing a microphone.",0
14573,"The content in the meme is non-hateful. The text ""japanese fashion trends"" refers to a topic related to fashion and culture, and there is no indication of hate speech or offensive content.",0
14580,"The content in the meme is hateful. It contains derogatory and offensive language, making false accusations about a person's's immigration status and eligibility for Congress, and it also is a call for deportation, which is a form of hate speech.",1
14583,"The content in the meme is hateful. The text suggests a disrespectful and derogatory attitude towards the elderly woman, implying that she is outdated or undesirable.",1
14589,"The content in the meme is non-hateful. The text ""they don't deserve to suffer"" expresses a compassionate sentiment towards animals, indicating that they should not be subjected to pain or suffering.",0
14590,"The content in the meme is non-hateful. The text ""fifty shades of goat an isis love story"" is a playful and humorous reference to the popular romance novel ""Fifty Shades of Grey,"" but it does not contain any hate speech or offensive content.",0
14598,"The content in the meme is non-hateful. It is a humorous and light-hearted meme featuring an otter, with a text that reads, ""lawd, please give me strength to walk away peacefully because we both know I don't have the bail money."" The humor comes from the absurdity of the situation and the otter's expression, which adds to the comedic effect.",0
14602,The content in the meme is non-hateful.,0
14603,"The content in the meme is non-hateful. The term ""ratchet strap"" is a slang term that can be used humorously or in a non-offensive context.",0
14620,The content in the meme is non-hateful. It is a humorous expression of a common social interaction and does not contain any offensive or discriminatory language.,0
14625,The content in the meme is hateful.,1
14632,"The content in the meme is non-hateful. It is a humorous comparison between human evolution and that of gorillas, suggesting that humans have lost hair over 3 million years of evolution, while gorillas have not. The meme is meant to be light-hearted and not offensive.",0
14650,The content in the meme is non-hateful.,0
14652,"The content in the meme is non-hateful. It is a humorous observation about a dishwasher asking to take out the trash, suggesting that the dishwasher has a mind of its own.",0
14657,"The content in the meme is non-hateful. The text promotes the idea that Islam is a religion of peace, which is a positive message.",0
14658,"The content in the meme is hateful. The phrase ""native american women"" is often used in a derogatory context, particularly in the context of cultural appropriation or insensitive portrayals of Native American women.",1
14675,"The content in the meme is hateful. The text suggests a negative stereotype or expectation about refugees, implying that they will bring certain undesirable qualities or behaviors.",1
14679,"The content in the meme is hateful. It involves a message that is potentially harmful and discriminatory, suggesting that the person should leave the school based on their race.",1
14685,"The content in the meme is hateful. The text implies a negative stereotype about white people throwing rice at weddings, suggesting that it is wasteful. This type of language can be considered offensive and discriminatory.",1
14690,The content in the meme is non-hateful. It appears to be a positive and supportive message encouraging children to believe in themselves and their abilities.,0
14695,The content in the meme is non-hateful.,0
14697,The content in the meme is non-hateful. It is a humorous observation about a common belief that hitting a broken appliance can sometimes fix it.,0
14726,"The content in the meme is hateful. The phrase ""my drug dealer is black"" implies a negative stereotype and reinforces the idea that drug dealers are often associated with race, which is a form of racial profiling and discrimination.",1
14728,The content in the meme is non-hateful.,0
14765,The content in the meme is non-hateful. It is a humorous and sarcastic statement that does not contain any offensive or hateful language or imagery.,0
14769,"The content in the meme is non-hateful. The text ""god loves all of his children"" is a positive and inclusive statement, suggesting that everyone is loved by a higher power.",0
14782,"The content in the meme is hateful. It uses offensive language and makes a derogatory joke about Mexican people, which is inappropriate and disrespectful.",1
14783,The content in the meme is non-hateful.,0
14789,The content in the meme is hateful.,1
14793,"The content in the meme is non-hateful. The text ""damn it john. leave stevie alone"" expresses concern and a plea for someone named John to stop bothering a person named Stevie. It does not contain any hate speech or discriminatory language.",0
14802,"The content in the meme is non-hateful. It appears to be a humorous or light-hearted situation, suggesting that the fun begins when someone finds their uncle naked on their bed.",0
14823,"The content in the meme is hateful. The text suggests a threatening and violent act, which is a form of hate speech.",1
14829,The content in the meme is hateful.,1
14830,"The content in the meme is non-hateful. It is a humorous and sarcastic comment directed at a waitress, suggesting that she is slow in serving food.",0
14836,"The content in the meme is non-hateful. It is a humorous take on a situation where someone's father brings mixtapes to career day, which is a playful and light-hearted reference to the person's father's profession or interests.",0
14837,The content in the meme is non-hateful. It is a humorous and light-hearted message asking someone to tag a person named Laura and inform her that she has left her bra.,0
14852,"The content in the meme is non-hateful. It features a person and a dog in a friendly interaction, with the text ""people and dogs... friendships that last"" emphasizing the positive and enduring nature of the relationship between humans and dogs.",0
14856,"The content in the meme is non-hateful. The text ""i hate racist jokes"" and ""you heard juan, you heard jamal"" does not contain any offensive or discriminatory language.",0
14859,"The content in the meme is non-hateful. It is a humorous observation about lipstick smudging after eating a hamburger, which is a common occurrence.",0
14865,"The content in the meme is non-hateful. It makes a light-hearted observation about Hitler's interest in sports, which is presented in a humorous context.",0
14869,"The content in the meme is non-hateful. The text ""islam is the religion of peace"" promotes a positive message about Islam, while the phrase ""piece of you over here, piece of you over there"" is a playful and non-aggressive way of encouraging sharing and unity.",0
14870,"The content in the meme is non-hateful. It features a chimpanzee reaching out, possibly asking for food, and is labeled with a neutral caption.",0
14873,The content in the meme is non-hateful. It presents a scientific claim about the discovery of human DNA in an ancient goat carcass and suggests that this could be the first proof of Muhammad's existence. The meme does not contain any explicit hate speech or offensive language.,0
14879,"The content in the meme is hateful. The text uses derogatory language and makes offensive statements about Jews, which is not appropriate or respectful.",1
14892,"The content in the meme is non-hateful. It is a light-hearted observation about life's ups and downs, using a humorous tone.",0
14893,The content in the meme is non-hateful.,0
14897,"The content in the meme is non-hateful. It is a humorous meme that plays on the idea of walking in on someone in a private moment, in this case, two goats making passionate love.",0
14906,"The content in the meme is hateful. It promotes harmful and offensive attitudes towards women and perpetuates the idea that women should be responsible for preventing rape by saying ""yes."" This is a dangerous and harmful message that reinforces gender stereotypes and victim-blaming.",1
14908,The content in the meme is hateful.,1
14920,"The content in the meme is non-hateful. The term ""cuddle party"" refers to a social event where people gather to cuddle and relax with each other, often in a group setting. The image shows people lying in bed with their feet visible, which is a common activity during a cuddle party.",0
14950,"The content in the meme is hateful. The text ""the enemy within"" and ""the enemy has infiltrated congress"" suggests a negative and potentially discriminatory view of the individuals mentioned, implying they are threats or enemies within the political system.",1
14953,"The content in the meme is non-hateful. It is a humorous observation about the Pope's decision to visit Greece and encourage Christians to love Muslims, while questioning why he doesn't visit Iraq. The meme does not contain any explicit hate speech or derogatory comments.",0
14958,The content in the meme is non-hateful.,0
14965,"The content in the meme is non-hateful. It appears to be a humorous comparison between how someone thinks they look and how they actually look, without any explicit or implicit negative stereotypes or biases towards any group of people.",0
14968,"The content in the meme is hateful. The phrase ""Italian retards out 'cruising'"" is derogatory and offensive, using a slur to describe people from Italy.",1
14975,The content in the meme is non-hateful. It is a statement about the criminal nature of hitting and a call for people to understand that hitting is illegal.,0
14976,"The content in the meme is non-hateful. It is a humorous play on the name ""Jaws,"" a famous movie about a shark, and suggestsively asks where the shark is when needed.",0
15029,The content in the meme is non-hateful.,0
15037,"The content in the meme is hateful. The use of quotation marks around ""women"" in the first image and the contrasting labels ""average white 'women'"" and ""average muslim women"" create a negative and stereotypical comparison between the two groups.",1
15043,The content in the meme is non-hateful.,0
15049,"The content in the meme is hateful. The phrase ""red indians came to make peace"" is a derogatory and offensive term that refers to Native Americans in a disrespectful manner.",1
15062,The content in the meme is non-hateful. It is a factual statement about a medical condition.,0
15064,"The content in the meme is hateful. The statement ""I like killing babies, but hate the idea of giving women a choice"" expresses a harmful and discriminatory attitude towards women's reproductive rights.",1
15067,The content in the meme is non-hateful. It is a light-hearted and humorous statement about someone taking a selfie with their dog and possibly going out with their cousins later.,0
15072,"The content in the meme is non-hateful. It appears to be a humorous and satirical image, suggesting a fictional scenario at an ""ISIS strip club,"" which is intended to be a joke rather than an expression of hate.",0
15076,"The content in the meme is non-hateful. The meme humorously suggests that the issue of immigrants crossing the border can be resolved by providing them with a green card application, implying that legalizing immigration would solve the problem.",0
15078,"The content in the meme is non-hateful. It is a humorous take on the idea that if abortion were illegal, one might become an anti-vax parent as a way to cope. The phrase ""improvise. adapt. overcome"" suggests a humorous and pragmatic approach to dealing with the hypothetical situation.",0
15079,"The content in the meme is non-hateful. It is a humorous comparison suggesting that someone made rice krispies before Kellogg's, a well-known cereal company.",0
15083,The content in the meme is non-hateful.,0
15093,"The content in the meme is hateful. The text ""how dare people make fun of our peaceful religion"" suggests a negative and confrontational attitude towards those who might be perceived as mocking or criticizing the religion being referred to.",1
15097,The content in the meme is hateful.,1
15203,"The content in the meme is non-hateful. The text suggests a message of resilience and focus on personal effort rather than external circumstances, which is a positive and non-hateful message.",0
15208,The content in the meme is non-hateful.,0
15209,"The content in the meme is hateful. The text suggests a negative and aggressive attitude towards those who pray and protest, implying that the person in the image is more aligned with violence and aggression.",1
15236,The content in the meme is non-hateful.,0
15238,"The content in the meme is non-hateful. It is a comparison between being buried with honor and disrespect in an unmarked grave, which is a statement about the treatment of the dead rather than any form of hate or discrimination.",0
15243,"The content in the meme is non-hateful. It is a humorous observation about cats' behavior at night, specifically mentioning that cats often run around the house loudly at 4 am when everyone is asleep.",0
15260,The content in the meme is non-hateful. It appears to be a metaphorical statement about leaving a certain mindset or environment and no longer conforming to the beliefs or values of that group.,0
15267,"The content in the meme is hateful. It contains offensive and derogatory language directed towards Muslims, making light of their religious practices and cultural customs in a disrespectful manner.",1
15269,"The content in the meme is non-hateful. It appears to be a humorous or sarcastic comment about taking medication, with a playful tone.",0
15270,The content in the meme is hateful.,1
15278,The content in the meme is non-hateful. It appears to be a humorous observation about how people of different races might react differently when someone nods at them.,0
15280,"The content in the meme is non-hateful. The phrase ""when hoes backwash their drink"" is a slang expression that is often used in a humorous or casual context, and it does not contain any offensive language or references to hate.",0
15283,"The content in the meme is non-hateful. It is promoting International Women's Day on March 8th, which is a day dedicated to celebrating and supporting women's rights and achievements. The image shows a crowd of people participating in a demonstration, holding signs and banners that support gender equality and women's empowerment.",0
15290,"The content in the meme is non-hateful. It is a humorous observation about Romanians, suggesting that they might be more cautious or curious when they see something slightly open, such as a purse, pocket, or window.",0
15298,The content in the meme is non-hateful. It is a political meme making a comparison about the number of American flags displayed during a debate.,0
15306,"The content in the meme is hateful. The text implies a negative sentiment towards snow, suggesting that it it is an unwanted presence on the person's land, which can be interpreted as a form of discrimination or disdain towards a natural element.",1
15308,"The content in the meme is non-hateful. The meme humorously references a character named ""Chucky"" and suggests that things have become serious once this character has appeared.",0
15320,The content in the meme is non-hateful.,0
15328,"The content in the meme is non-hateful. It is a humorous and light-hearted message encouraging the importance of following safety protocols, specifically referencing OSHA (Occupational Safety and Health Administration.",0
15349,The content in the meme is non-hateful.,0
15368,"The content in the meme is non-hateful. The text ""don't mind me just watering my muslims"" is a playful and light-hearted way of referring to the act of swimming, suggesting that the person is simply enjoying a swim with their children.",0
15374,"The content in the meme is hateful. The text ""doubt science & established historical records?"" is a form of hate speech, as it questions the validity of scientific and historical facts, which can be seen as an attack on the credibility of marginalized groups and their contributions to society.",1
15379,"The content in the meme is non-hateful. It is a humorous meme that references the excitement of unlocking a new skin in a video game, which is a common and non-controversial topic.",0
15394,The content in the meme is non-hateful. It is a birthday greeting with a friendly and celebratory tone.,0
15407,The content in the meme is hateful.,1
15409,"The content in the meme is non-hateful. It is a humorous statement about someone's musical abilities, specifically highlighting their strengths and weaknesses in a light-hearted manner.",0
15420,"The content in the meme is non-hateful. The text is a playful and humorous response, suggesting that if someone feels they are being unfairly targeted, they should take the opportunity to defend themselves.",0
15427,The content in the meme is non-hateful. It appears to be a humorous or ironic statement about the historical events surrounding the death of Jesus Christ and the role of the Romans in that event.,0
15432,"The content in the meme is non-hateful. It humorously suggests that a child's happiness at getting a new pet is not influenced by the concept of racism, implying that the child is too young to understand such complex social issues.",0
15438,"The content in the meme is hateful. The meme uses contrasting images to create a negative stereotype, associatinging ""real Muslims"" with peacefulness and ""radical Muslims"" with violence. This type of imagery is often used to spread misinformation and promote discrimination against Muslims.",1
15439,The content in the meme is non-hateful.,0
15473,"The content in the meme is non-hateful. The text ""i wish i could stand by you!"" is a positive and supportive message, expressing a desire to be there for someone.",0
15478,The content in the meme is non-hateful.,0
15479,"The content in the meme is hateful. The text suggests a disrespectful and derogatory comparison, implying that the concept of virgins in heaven is a lie, which is a sensitive and offensive topic for many people, especially those who hold religious beliefs.",1
15480,The content in the meme is hateful.,1
15489,The content in the meme is non-hateful. It humorously contrasts the modern convenience of a rice cooker with the catastrophic event of the atomic bomb explosion in 1945.,0
15490,"The content in the meme is hateful. It expresses a negative and harmful viewpoint by comparing the mourning of 9/11 to the celebration of LGBTQ+ pride, and by implying that homosexuality is a bigger tragedy. This type of language is intended to cause offense and promote discrimination against the LGBTQ+ community.",1
15493,"The content in the meme is non-hateful. It appears to be a humorous and light-hearted joke, with no indication of hate or discrimination.",0
15603,"The content in the meme is non-hateful. It appears to be a humorous take on political and cultural references, using the names of Jim Carrey and Sam Elliott to make light of certain ideas or stereotypes.",0
15609,"The content in the meme is hateful. The phrase ""stomp on my flag"" and ""I'll pound your ass"" suggests a threatening and aggressive response to someone who might be perceived as disrespectful or offensive.",1
15630,"The content in the meme is non-hateful. The text appears to be a statement about a specific event or action, possibly related to Facebook, but it does not contain any explicit hate speech or derogatory language.",0
15638,The content in the meme is non-hateful.,0
15642,"The content in the meme is non-hateful. The phrase ""you wouldn't stop me if I was a polar bear"" is a humorous statement that implies the person is saying they wouldn't be stopped even if they were a polar bear, which is a playful and exaggerated way of expressing confidence or determination.",0
15647,"The content in the meme is non-hateful. It appears to be a humorous play on words, suggesting that a dishwasher is available for sale or rent, which is a common phrase used for real estate. The context is light-hearted and not intended to be offensive.",0
15648,"The content in the meme is hateful. The term ""methican-american"" is a derogatory and offensive term that combines ""meth"" ( a slang term for methamphetamine, with ""Mexican"" to create a racial slur.",1
15649,"The content in the meme is non-hateful. The text ""be kind to those less fortunate than you"" promotes kindness and empathy towards others who may be less privileged.",0
15674,The content in the meme is non-hateful. It is a humorous and light-hearted joke about someone who consistently burns hamburgers at barbecues.,0
15690,"The content in the meme is hateful. It contains offensive language and makes derogatory comparisons, which are not appropriate or respectful.",1
15694,"The content in the meme is non-hateful. The text ""i love this game"" suggests a positive sentiment towards the activity being engaged in, which is playing baseball.",0
15720,"The content in the meme is non-hateful. It is a humorous expression of frustration or annoyance, often used in internet culture to mock or make light of someone's accent or manner of speaking.",0
15723,"The content in the meme is non-hateful. It appears to be a playful or humorous statement, possibly intended as a joke or a form of teasing.",0
15726,The content in the meme is non-hateful. It simply describes a person wearing a hat.,0
15728,"The content in the meme is hateful. The phrase ""this head diaper is proof Indians have poo poo in their brains"" is derogatory and offensive, using a stereotype to make a negative statement about a group of people.",1
15734,"The content in the meme is hateful. The text includes derogatory and offensive language directed towards specific groups of people, which is not appropriate or respectful.",1
15738,The content in the meme is hateful.,1
15743,The content in the meme is non-hateful. It is a humorous meme that plays on the idea of introducing someone to a new meme and asking if they like it.,0
15746,The content in the meme is non-hateful. It simply states that the person's's father is a potato farmer.,0
15763,The content in the meme is non-hateful.,0
15768,"The content in the meme is non-hateful. The text ""thinking before robbery"" is a humorous play on words, suggesting that someone should consider their actions before committing a robbery. It is not intended to be offensive or hateful.",0
15796,The content in the meme is non-hateful. It appears to be a light-hearted and humorous take on the history of a person's snack regimen.,0
15798,The content in the meme is non-hateful. It is a humorous observation about the common experience of being told to clean up a room that has already been cleaned.,0
15803,"The content in the meme is hateful. It contains offensive language and makes a derogatory joke about people with disabilities, which is inappropriate and disrespectful.",1
15804,"The content in the meme is non-hateful. It appears to be a humorous or sarcastic comment, possibly related to a situation where someone is asked to calculate something unrelated to the context of having apples and giving them away.",0
15806,The content in the meme is non-hateful. It is a humorous observation about the need for a garbage collector due to the excessive amount of trash present in the image.,0
15809,"The content in the meme is non-hateful. It is a humorous take on the classic children's rhyme ""Rain, Rain, Go Away,"" with a twist involving a spell that is ""unbreakable.""",0
15820,"The content in the meme is non-hateful. The text ""stop racism"" and ""black children and white children are the same"" suggests an anti-racist message, promoting equality and unity among children regardless of race.",0
15824,"The content in the meme is non-hateful. It promotes a fun and active way to exercise with friends, which is a positive and inclusive activity.",0
15839,The content in the meme is hateful. The quote suggests a violent threat and is considered offensive and derogatory.,1
15846,"The content in the meme is hateful. The text suggests a negative and stereotypical portrayal of a future scenario in America, implying that the country has become dominated by a group of people wearing burqas, which is often associated with negative stereotypes and biases. The phrase ""grandpa...why didn't you stop them?!"" further implies a sense of blame and judgment, which can be seen as hateful.",1
15847,"The content in the meme is non-hateful. The text ""cheers to all my haters!"" is a playful way of acknowledging and possibly mocking the haters, while ""be patient. so much more is coming."" suggests that the person is confident about future developments.",0
15872,"The content in the meme is hateful. The text suggests a negative and harmful context, which is inappropriate and offensive.",1
15892,"The content in the meme is non-hateful. The text ""womens day gift packs"" suggests a celebration or gift-giving occasion related to Women's Day, which is a day to recognize and celebrate the achievements of women.",0
15893,The content in the meme is hateful.,1
15902,"The content in the meme is hateful. The text implies a disrespectful and offensive comment about someone's haircut, using a name that is often associated with a specific religion.",1
15906,"The content in the meme is non-hateful. It appears to be a humorous observation about people who might not smile due to a constant painful hip, suggesting that they might be more obedient. The context and tone do not indicate any harmful or offensive intent.",0
15907,The content in the meme is non-hateful.,0
15920,"The content in the meme is non-hateful. It is a personal preference statement about clothing choices, specifically regarding the material of underwear.",0
15926,The content in the meme is non-hateful.,0
15936,The content in the meme is non-hateful.,0
15937,The content in the meme is hateful.,1
15938,The content in the meme is non-hateful.,0
15942,The content in the meme is hateful.,1
15948,The content in the meme is non-hateful.,0
15964,"The content in the meme is hateful. The text uses derogatory language and promotes harmful stereotypes, which is not appropriate or respectful.",1
15983,"The content in the meme is non-hateful. The text appears to be a humorous or sarcastic comment, possibly implying that someone is relying on their physical appearance rather than other qualities or skills.",0
16029,The content in the meme is non-hateful. It is a humorous and ironic statement that plays on the idea of being misunderstood or labeled incorrectly.,0
16032,The content in the meme is non-hateful. It appears to be a humorous or satirical statement about Michelle Obama being sighteded and sunbathing in Afghanistan.,0
16035,"The content in the meme is hateful. The phrase ""even my teeth are behind bars"" is a derogatory and offensive statement that implies the person is in prison or has been imprisoned, which is a form of racial profiling and discrimination.",1
16039,"The content in the meme is hateful. The text ""pakistaniis when indian pages posts any posts"" suggests a negative and confrontational attitude towards Indian content, which is often associated with hate speech or xenophobia.",1
16042,"The content in the meme is non-hateful. It is a humorous observation about societal double standards, where the use of chemicals to remove polish is considered acceptable for women but is suddenly labeled as villainous when done by a man.",0
16045,The content in the meme is non-hateful. It is a humorous and light-hearted observation about drying underwear in the sun because a dryer cannot dry them.,0
16047,The content in the meme is hateful.,1
16048,"The content in the meme is non-hateful. It is a humorous comparison between what people's ancestors were doing on July 4, 1776, and what people do today for the same holiday. The meme does not contain any offensive or discriminatory language or imagery.",0
16049,"The content in the meme is non-hateful. It is a humorous meme that plays on the idea of blowing on a Nintendo 64 (N64) cartridge to clean it, which is a common practice among gamers. The text adds a comedic twist by suggesting that the person should put the cartridge back in after blowing it, which is a playful and non-offensive joke.",0
16053,"The content in the meme is non-hateful. It is a humorous observation about someone's choice of flavor, using the term ""salty"" in a light-hearted, non-offensive way.",0
16054,The content in the meme is non-hateful.,0
16058,"The content in the meme is non-hateful. It is a humorous and light-hearted reminder to use proper flotation devices when going boatinging, which is a playful way to suggest that one should be cautious and prepared.",0
16059,"The content in the meme is non-hateful. It is a humorous comparison using the image of a baby in a box to illustrate the idea that some people treat their Jordans (a type of sneaker) with care and protection, similar to how a baby might be treated with care and protection.",0
16072,The content in the meme is non-hateful. It is a humorous and light-hearted joke that does not contain any offensive or discriminatory elements.,0
16075,The content in the meme is hateful.,1
16082,"The content in the meme is hateful. The use of derogatory language and the context of the text, which includes phrases like ""join spastics"" and ""admin powers now,"" are indicative of harmful and offensive content.",1
16084,The content in the meme is non-hateful.,0
16089,"The content in the meme is non-hateful. It is a statement about media bias, suggesting that the media tends to present only one side of a story.",0
16093,"The content in the meme is non-hateful. It is a humorous and light-hearted comment about someone's's physical appearance, specifically their penis size, in a change room. The context is playful and not intended to cause offense.",0
16097,The content in the meme is non-hateful. It is a humorous and sarcastic response to someone who is tired of anti-Trump posts.,0
16098,The content in the meme is non-hateful. It is a humorous and light-hearted meme that uses a playful image to express frustration about someone eating one's leftovers.,0
16207,The content in the meme is hateful. The text uses derogatory language and makes offensive remarks about someone's sexual orientation.,1
16208,"The content in the meme is non-hateful. It appears to be a humorous or satirical statement, possibly referencing a situation where a large number of soldiers from different countries were facing a powerful weapon, which could be interpreted as a joke or a commentary on the situation.",0
16234,"The content in the meme is non-hateful. It is a humorous comparison between a person dressed as a scientist and a baboon, suggesting that the person is more afraid of the baboon than the baboon is afraid of the person.",0
16240,The content in the meme is non-hateful.,0
16248,The content in the meme is hateful.,1
16253,"The content in the meme is non-hateful. It is a humorous meme that plays on the idea of a dive instructor yelling in Arabic, which is a common phrase used in skydiving training to signal the jump. The humor comes from the unexpectedness of the situation rather than any offensive or hateful intent.",0
16254,The content in the meme is non-hateful.,0
16259,"The content in the meme is hateful. The image depicts Adolf Hitler and Benito Mussolini, both of whom were leaders of fascist regimes that were responsible for significant human rights abuses and wars, including World War II. The caption ""sharing a laugh"" is intended to be ironic and disrespectful, as it trivializes the atrocities committed by these leaders.",1
16275,The content in the meme is hateful. It promotes violence and abuse against women and trivializes the severity of rape and other forms of sexual assault.,1
16278,"The content in the meme is hateful. It implies that the orphans were not capable of playing baseball because they did not know where home plate was, which is a derogatory and offensive statement.",1
16280,"The content in the meme is hateful. The text implies a negative stereotype about a particular group of people, using derogatory language, and expresses a discriminatory attitude.",1
16283,"The content in the meme is non-hateful. It is a humorous and sarcastic comment about the smell of goats, using the term ""goat fuckers"" as a playful insult.",0
16297,The content in the meme is hateful. It contains threatening language and derogatory comments directed towards a specific group of people based on their religious beliefs.,1
16298,"The content in the meme is non-hateful. The term ""sea monkeys"" is often used humorously to refer to a type of toy that resembles a monkey and is sold as a novelty item. It is not intended to be offensive or hateful.",0
16302,"The content in the meme is hateful. It makes derogatory and offensive remarks about a specific group of people, using stereotypes, and promotes harmful and discriminatory attitudes.",1
16320,"The content in the meme is non-hateful. It is a humorous observation about the desire to be perceived as a ""gangster"" or someone who is tough or cool, but the reality of actually having to act that way is daunting or unpleasant.",0
16340,"The content in the meme is non-hateful. The text ""you call me a goat fucker that is racist"" is a response to a potentially offensive term, but it does not contain any explicit hate speech or derogatory language towards any specific group.",0
16348,"The content in the meme is hateful. It implies that all people are victims of the same enemy and that their people were exploited and their land was stolen by the same people, which can be interpreted as a generalization and a form of hate speech.",1
16354,"The content in the meme is hateful. The top image shows a person holding a sign with a threatening message, and the bottom image shows a person holding a gun, both with aggressive and confrontational messages.",1
16357,"The content in the meme is hateful. The phrase ""ya lil goat fucker"" is derogatory and offensive, particularly when directed at someone based on their cultural or religious background.",1
16359,"The content in the meme is hateful. It contains offensive and derogatory language directed towards Muslims, promoting negative stereotypes and encouraging discrimination.",1
16372,"The content in the meme is hateful. The text ""and fight to kill these why do liberals fight to keep these"" suggests a comparison between the actions of a political group and the actions of another group, implying a negative and discriminatory intent.",1
16374,"The content in the meme is hateful. The term ""ching-chongs"" is a derogatory term used to mock and demean people of Asian descent, and the phrase ""one eggy boi"" is a reference to a meme that uses a bomb as a metaphor for violence, which is also derogatory.",1
16380,"The content in the meme is non-hateful. It is a humorous and light-hearted comment about goats, with the text ""felling cute"" being a playful variation of ""feeling cute."" The phrase ""might fuck a goat later. idk"" suggests a lighthearteded speculation about the goats' future actions.",0
16389,"The content in the meme is non-hateful. It is a humorous observation about the number of men in the picture, which is a playful and light-hearted comment.",0
16395,The content in the meme is non-hateful.,0
16407,"The content in the meme is non-hateful. It is a humorous and sarcastic response to a situation involving role-playing and age play, which is often considered unusual or inappropriate.",0
16409,"The content in the meme is non-hateful. It provides a factual statement about the traditional headband worn by Japanese men, known as a hachimaki.",0
16420,"The content in the meme is non-hateful. It appears to be a comparison between two individuals, one of whom is significantly taller than the other, with the text ""abnormal vs normal."" The context suggests a discussion or comparison rather than any form of hate speech.",0
16423,"The content in the meme is non-hateful. It appears to be a humorous or ironic situation where someone is asking for help in defending Trump without mentioning specific political figures, which is a humorous take on the complexity of discussing political topics.",0
16435,"The content in the meme is hateful. The text makes a comparison that is intended to be offensive and derogatory, linking Jews to a negative stereotype about ovens.",1
16437,"The content in the meme is non-hateful. It is a humorous observation about the buoyancy of ice cubes, suggesting that they are unnecessary for floating.",0
16438,"The content in the meme is non-hateful. It appears to be a humorous and light-hearted exchange between characters, possibly from a TV show or movie, involving a wolf and a human. The dialogue is playful and does not contain any offensive or hateful language or content.",0
16439,"The content in the meme is non-hateful. The term ""cannibalism"" is used in a neutral context, referring to the act of eating human flesh, without any additional connotations or associations that would make it hateful.",0
16452,The content in the meme is non-hateful. It is a humorous and lighthearted message that does not contain any offensive or harmful language or imagery.,0
16458,"The content in the meme is hateful. It expresses a negative and discriminatory attitude towards homeless Americans and illegal aliens, suggesting that the latter should be prioritized over the former.",1
16473,The content in the meme is non-hateful. It promotes the message of unity and equality among people regardless of their skin color or ethnicity.,0
16478,The content in the meme is non-hateful. It appears to be a humorous or satirical comment about a situation involving CNN and FBI agents.,0
16480,"The content in the meme is hateful. The text ""israel we're coming for you next"" suggests a threat or hostile intent towards Israel.",1
16487,"The content in the meme is non-hateful. It is a humorous comment about the appearance of a dog, using the term ""ugly"" in a light-hearted and non-offensive manner.",0
16490,"The content in the meme is hateful. The text suggests a comparison between a glass of juice and gas, which is a euphemism for the gas chambers used in Nazi concentration camps during World War II. This comparison is intended to downplay the severity of the Holocaust and is considered offensive and hateful.",1
16492,"The content in the meme is hateful. It contains derogatory and offensive language, using terms that are intended to be hurtful and disrespectful towards individuals with certain characteristics.",1
16502,"The content in the meme is non-hateful. It is a humorous meme that uses a crying baby to express frustration or disappointment, likely about a group of administrators.",0
16509,"The content in the meme is hateful. It contains offensive language and makes derogatory statements about a specific group of people, which is not appropriate or respectful.",1
16520,The content in the meme is hateful. It contains a threatening message that suggests violence if someone makes fun of a particular religion.,1
16529,The content in the meme is non-hateful.,0
16532,"The content in the meme is non-hateful. It appears to be a humorous or sarcastic statement about a situation involving young people being cornered in a room, suggesting that the fun begins when they are in that confined space.",0
16537,The content in the meme is hateful. It contains a derogatory and offensive statement that targets a political group based on a stereotype.,1
16538,The content in the meme is hateful.,1
16539,"The content in the meme is non-hateful. It is a statement about a social issue, specifically child homelessness, and does not contain any language or imagery that is intended to be offensive or hateful.",0
16540,"The content in the meme is non-hateful. It humorously suggests that people who are considered ""stupid"" should carry a sign to inform others of their perceived stupidity. The bottom part of the meme shows a person carrying a cross, which is a humorous take on the idea of carrying a sign.",0
16543,The content in the meme is non-hateful. It is a humorous and light-hearted image that uses a common situation of sheep blocking a road to create a funny scenario.,0
16548,"The content in the meme is hateful. The phrase ""like god during the Holocaust"" is a reference to the Holocaust, which is a deeply traumatic and tragic event in history. Using such language in a humorous context is inappropriate and disrespectful.",1
16573,"The content in the meme is non-hateful. It is a simple statement about receiving a new slow cooker, which is a neutral and positive piece of information.",0
16579,The content in the meme is non-hateful. It conveys a positive message about self-acceptance and being true to oneself.,0
16587,"The content in the meme is non-hateful. The text appears to be a playful or humorous statement, possibly a misspelling or a parody of a famous phrase.",0
16592,The content in the meme is hateful. It contains offensive and derogatory language that is intended to demean and dehumanize black people.,1
16593,The content in the meme is non-hateful.,0
16598,The content in the meme is hateful. The use of derogatory language and the reference to a person's's ethnicity and origin are indicative of hate speech.,1
16702,"The content in the meme is non-hateful. It humorously juxtaposes the historical figure Vlad the Impaler's known actions with his love for food, creating a contrast that is intended to be amusing rather than offensive.",0
16704,The content in the meme is non-hateful.,0
16720,The content in the meme is non-hateful.,0
16723,"The content in the meme is hateful. The text uses a derogatory and offensive comparison to associate the individuals in the image with Nazi ideology and practices, which is a form of hate speech.",1
16734,"The content in the meme is hateful. The phrase ""a head diaper is required when you have shit for brains"" is derogatory and implies that the person in the image is mentally incapable, which is a form of hate speech.",1
16749,"The content in the meme is non-hateful. It simply shows a pile of broken dishwashers, with the text ""broken dishwasher"" written below it.",0
16758,The content in the meme is hateful.,1
16759,The content in the meme is non-hateful.,0
16780,"The content in the meme is non-hateful. It promotes the value of education and the joy of children's smiles, which are universally positive messages.",0
16783,"The content in the meme is hateful. Lynching is a violent act of mob justice that has historically been used to intimidate and terrorize individuals, often targeting members of marginalized communities. The image depicts a lynching that took place in Indiana in the early 1930s, which is a deeply disturbing and violent event.",1
16784,"The content in the meme is non-hateful. It is a humorous and light-hearted meme featuring goats, with no indication of hate or discrimination.",0
16785,The content in the meme is non-hateful.,0
16820,The content in the meme is non-hateful. It appears to be a humorous or satirical take on the idea of thinking before committing a robbery.,0
16824,"The content in the meme is hateful. It makes a comparison between removing polish with chemicals and starting World War II against the Polish people, which is a form of hate speech and glorifies historical atrocities.",1
16827,"The content in the meme is non-hateful. The text ""partial arts"" does not contain any offensive or hateful language.",0
16830,The content in the meme is non-hateful.,0
16832,"The content in the meme is non-hateful. It appears to be a positive message about Tyrone's life improvements, including getting a new job, building credit, and spending more time with his kids.",0
16837,The content in the meme is non-hateful.,0
16842,"The content in the meme is non-hateful. It is a statement about the utility of a sandwich maker in a kitchen, which is a neutral and positive observation.",0
16845,"The content in the meme is non-hateful. The text ""nothings impossible"" is a motivational phrase that encourages the belief that anything can be achieved, regardless of the challenges.",0
16849,"The content in the meme is hateful. The phrase ""fork tongued devils"" is a derogatory term used to describe people of African descent, particularly in the context of the United States, and is considered offensive and racist.",1
16850,"The content in the meme is hateful. The use of the word ""fuhrerious"" is a play on words that is intended to be offensive and disrespectful.",1
16857,"The content in the meme is non-hateful. It uses a metaphor to describe some people's behavior, comparing them to old televisions that require a few slaps to get a clear picture. The language is figurative and not intended to be offensive.",0
16870,The content in the meme is non-hateful. It is a political statement encouraging people to vote to replace the Republican Congress with individuals who have brains and morals to act as a check on the corrupt and incompetent president.,0
16873,The content in the meme is non-hateful. It appears to be a humorous or light-hearted comment about a common social rule or expectation regarding when it is appropriate to start dating someone's child.,0
16874,"The content in the meme is non-hateful. The text ""that's a little racist"" is used humorously to point out a perceived difference in the way the children are playing with their toys, suggesting a subtle form of racism.",0
16892,"The content in the meme is non-hateful. The top image shows a person speaking at a podium, and the bottom image shows a group of people, presumably Nation of Islam members, listening to someone. There is no visible indication of hate speech or harmful content in the images.",0
16894,"The content in the meme is hateful. The text ""did you know that pigs are cannibals?"" and ""disgusting savages"" are derogatory and offensive, targeting a specific group based on a false stereotype.",1
16895,The content in the meme is hateful.,1
16903,"The content in the meme is hateful. The text ""islam is the religion of peace"" is a positive statement, but the subsequent text ""piece of you over here, piece of you over there"" is a derogatory phrase that implies breaking up or dividing someone, which is often used in a negative context to describe hate speech or discrimination.",1
16904,"The content in the meme is hateful. The text ""than nasty I'd rather be deplorable"" is a derogatory term used to describe someone who is considered undesirable or unworthy. The context of the image, with the person in the car making a face, suggests a negative or dismissive attitude towards the term.",1
16920,"The content in the meme is non-hateful. It describes a cartoon image of a soldier from World War II, which is a historical and non-controversial subject.",0
16923,"The content in the meme is non-hateful. It appears to be a playful or provocative statement, but it does not contain any explicit or implicit hate speech.",0
16927,"The content in the meme is non-hateful. It is a humorous play on the stereotype that Chuck Norris is known for everything, but in this case, the person in the image is humorously denying knowledge of ""her,"" which is a playful way to suggest that they are not aware of a specific person or thing.",0
16934,"The content in the meme is non-hateful. It depicts a mother fixing her daughter's hair, which is a common and loving activity between family members.",0
16935,The content in the meme is non-hateful.,0
16947,The content in the meme is non-hateful.,0
16948,The content in the meme is non-hateful.,0
16952,The content in the meme is non-hateful. It is a motivational message encouraging sportsmanship and competition in a friendly manner.,0
16954,"The content in the meme is non-hateful. It appears to be a humorous or motivational image, encouraging someone to ""tag the little guy who thinks he can take on anyone.""",0
16973,The content in the meme is non-hateful.,0
17023,The content in the meme is hateful.,1
17025,The content in the meme is hateful.,1
17028,The content in the meme is hateful. The text suggests a negative and potentially offensive attitude towards mosques and their visitors.,1
17034,The content in the meme is hateful. It contains derogatory language and makes offensive and harmful assumptions about transgender individuals.,1
17045,"The content in the meme is non-hateful. It appears to be celebrating the presidential election in Mexico, as indicated by the text ""celebratinghe presidential election"" and the presence of Mexican flags.",0
17052,"The content in the meme is hateful. The phrase ""run over by bacon truck on way to suicide mission"" is a derogatory and offensive statement, likely intended to mock or degrade a specific group of people.",1
17054,"The content in the meme is hateful. It contains derogatory language and makes a derogatory comparison, which is not appropriate or respectful.",1
17058,"The content in the meme is hateful. The phrase ""ethnic Jesus"" implies that Jesus is associated with a specific ethnic group, which can be seen as a form of racial or ethnic stereotyping.",1
17062,"The content in the meme is non-hateful. The text ""how dark are my memes? well they..."" suggests a self-awareness of the humor or content of the memes, but there is no explicit indication of hate or offensive content.",0
17082,"The content in the meme is non-hateful. The phrase ""leave no dog behind"" is commonly used to encourage people to take care of their pets and not abandon them. It is not related to any form of hate speech or discrimination.",0
17086,"The content in the meme is non-hateful. It is a humorous and sarcastic comment that plays on the idea of being ""triggered"" and ""special snowflake,"" which are often used in a light-hearted or ironic manner.",0
17089,"The content in the meme is non-hateful. It expresses a personal stance on posting content that may not be universally liked, but it does not contain any offensive or hateful language or imagery.",0
17093,"The content in the meme is non-hateful. It humorously depicts a group of people enjoying a hot summer day by bathing in the bed of a pickup truck, suggesting creativity and resourcefulness in finding a way to cool off without a pool.",0
17096,"The content in the meme is non-hateful. The text ""there use to be a pet shelter here"" suggests a historical fact or a past event, and it does not contain any language or imagery that is intended to be offensive or hateful.",0
17205,"The content in the meme is non-hateful. It appears to be a humorous or light-hearted depiction of Parkinson's disease, with the text ""Parkinson's disease"" and ""parkinson's center"" suggesting a focus on the condition rather than any negative or offensive content.",0
17208,The content in the meme is non-hateful.,0
17209,The content in the meme is hateful. It contains a threatening statement that suggests violence if someone does not stop saying that a particular religion is violent.,1
17230,The content in the meme is non-hateful.,0
17234,"The content in the meme is hateful. It contains a stereotype and a derogatory statement about female drivers, which is not appropriate or respectful.",1
17235,The content in the meme is non-hateful.,0
17236,The content in the meme is non-hateful.,0
17238,"The content in the meme is non-hateful. The message ""refugees welcome"" is a statement expressing support and acceptance for refugees.",0
17248,"The content in the meme is non-hateful. It is a humorous and provocative statement about the privacy of personal activities, usinging a parade as a metaphor to express this.",0
17253,"The content in the meme is hateful. The text ""dishwasher for sale missing parts"" is a derogatory and offensive reference to the person's body, implying that they are not suitable for a traditional role or are broken in some way.",1
17265,"The content in the meme is non-hateful. It appears to be a humorous comparison between the behavior of baboons and a situation in Baltimore, using the term ""meanwhile in Baltimore"" to suggest a humorous or unexpected event.",0
17268,"The content in the meme is non-hateful. It is a humorous and light-hearted comment about practicing target shooting safely at sea, likely in a military or naval context.",0
17280,"The content in the meme is non-hateful. It appears to be a general statement about what men want, which is a topic of interest in relationships and communication.",0
17285,"The content in the meme is non-hateful. The text ""slow cooker"" is a neutral term and does not contain any offensive or hateful language.",0
17289,"The content in the meme is non-hateful. It appears to be a humorous or satirical comment about the credibility of news sources, specifically CNN, and the public's skepticism towards them.",0
17290,The content in the meme is non-hateful. It is a humorous expression of a parent's concern about their autistic son's reaction to having chicken for dinner.,0
17294,The content in the meme is hateful.,1
17296,"The content in the meme is non-hateful. It humorously depicts a situation where a cashier appreciates that the customer bagged their own groceries, but then the customer insists on unpackingaging them all and doing it their way.",0
17305,The content in the meme is non-hateful. It is a humorous and light-hearted comment about a neighbor repeatedly asking them to keep their pug out of their yard.,0
17306,The content in the meme is hateful. It promotes discrimination against Muslims by suggesting that dogs should be kept away from them and implies that Muslims are responsible for the loss of the dog's job.,1
17308,"The content in the meme is hateful. It contains racist and anti-Semitic elements, suggesting that Jews control the media and education in white countries and implying that South Africa serves as a negative example for these regions.",1
17326,"The content in the meme is non-hateful. It is a humorous meme that plays on the idea of different perceptions of a situation. The top image shows a mother and daughter, which is likely to be perceived positively by neighbors. The bottom image shows a punching bag, which is a more negative and humorous interpretation of what the father might see.",0
17345,"The content in the meme is hateful. The text suggests that LGBTQ+ individuals should be targeted, which is a form of hate speech.",1
17348,"The content in the meme is non-hateful. It is a humorous statement about the nature of humor, suggesting that being funny doesn't necessarily involve offensive or derogatory language.",0
17352,The content in the meme is hateful. The comparison of dark humor to Hitler and the justification of incompletely justified actions are offensive and inappropriate.,1
17354,"The content in the meme is non-hateful. It refers to Martin Luther King Jr. giving a powerful speech, which is a positive and inspirational message.",0
17356,"The content in the meme is non-hateful. It uses humor to juxtapose the image of two people holding hands with the image of a tank, suggesting that love is stronger than the tank, which is a playful and light-hearted comparison.",0
17358,The content in the meme is hateful.,1
17359,"The content in the meme is non-hateful. It appears to be a humorous comment about a famous shower scene in a movie, using the term ""thicc"" to describe someone's sister, and includes a lmao (laughing out loud) emoji. The context seems to be light-hearted and not intended to cause offense.",0
17369,"The content in the meme is non-hateful. It uses a playful and humorous tone to suggest that the ""deep state"" is about to be ""barr-bbecued,"" which is a pun on the word ""barbecue"" and the name of the person mentioned.",0
17385,"The content in the meme is hateful. It contains a racist stereotype and makes light of the issue of police brutality against Black people, which is a serious and sensitive topic.",1
17386,"The content in the meme is non-hateful. It appears to be a humorous quote, possibly from a character or a cultural reference, and does not contain any offensive language or content.",0
17390,The content in the meme is non-hateful. It uses a humorous and metaphorical approach to express the sentiment that someone is trying to appear friendly when their true intentions are known.,0
17392,"The content in the meme is non-hateful. It appears to be a statement about a religious belief, suggesting that everyone is part of God's plan and that Christ will come to us.",0
17398,The content in the meme is hateful. It contains offensive stereotypes and derogatory language that promotes discrimination and prejudice against different racial and familial groups.,1
17405,"The content in the meme is hateful. The phrase ""my doctor said it may be pancreatic cancer I told him to shut his commie mouth"" contains a derogatory and offensive reference to communism, which is used to dismiss the doctor's advice.",1
17420,"The content in the meme is non-hateful. The text ""i have yet begun to defile myself"" appears to be a humorous or ironic statement, possibly indicating a lack of action or a delay in doing something. There is no indication of hate speech or offensive content in the text.",0
17425,The content in the meme is hateful. It contains derogatory language and makes a negative and offensive comparison based on race.,1
17430,"The content in the meme is hateful. The text and the images of human and gorilla skulls are used to make a derogatory comparison, implying that gorillas are similar to humans and suggesting a negative stereotype about gorillas.",1
17438,The content in the meme is non-hateful.,0
17439,"The content in the meme is non-hateful. It is a playful and humorous take on a culinary preparation, using the term ""Jewish chicken"" in a light-hearted manner.",0
17450,The content in the meme is hateful.,1
17453,"The content in the meme is hateful. It contains derogatory language and makes a negative comparison between the actions of the sender and the recipients, implying that the recipients are being treated unfairly.",1
17458,"The content in the meme is hateful. It makes derogatory and false claims about a person's marital status and immigration status, and it also is a call for deportation, which is a form of hate speech.",1
17459,"The content in the meme is hateful. The quote uses derogatory language and threatens violence, which are characteristics of hateful speech.",1
17469,"The content in the meme is hateful. It contains offensive and derogatory language, making it inappropriate and disrespectful.",1
17483,The content in the meme is non-hateful.,0
17493,The content in the meme is hateful. It contains derogatory language and makes offensive remarks about a group of people based on their race and social status.,1
17495,The content in the meme is non-hateful. The text simply lists different ethnic groups without any negative or discriminatory language.,0
17504,"The content in the meme is non-hateful. The text ""beach vibe"" suggests a positive and relaxed atmosphere, which is unrelated to any form of hate or discrimination.",0
17508,"The content in the meme is hateful. The text ""use one to protect your watermelon farm"" is a reference to a historical stereotype that black people eat watermelon, which is often used to mock or degrade them. This is a form of racial slurring and is considered offensive and derogatory.",1
17523,The content in the meme is hateful.,1
17524,The content in the meme is non-hateful. It is a humorous statement about a person's sense of humor and their ability to handle sarcasm.,0
17528,The content in the meme is hateful. It promotes harmful stereotypes and blame by suggesting that women are being raped because of the cultures of other countries.,1
17530,"The content in the meme is non-hateful. It is a celebratory image showing a crowd of people cheering, likely after their team won the World Cup.",0
17532,"The content in the meme is non-hateful. It depicts a firefighter holding a baby, which is a positive and uplifting scene.",0
17536,The content in the meme is non-hateful. It is a humorous and light-hearted meme that plays on the idea of a girl making a man feel satisfied in a way that is similar to eating cereal. The text is meant to be funny and does not contain any offensive or hateful language.,0
17539,"The content in the meme is non-hateful. It is a humorous observation about the color of the pipe, suggesting that the drain might not be working because the pipe is black.",0
17546,"The content in the meme is non-hateful. It is a humorous and exaggerated image that uses a dramatic and exaggerated scenario to make a point about the phrase ""stop resisting.""",0
17548,"The content in the meme is non-hateful. It appears to be a political statement or slogan, possibly from a political campaign or rally, rather than containing any form of hate speech or derogatory content.",0
17564,The content in the meme is non-hateful.,0
17582,"The content in the meme is non-hateful. The meme humorously contrasts the seriousness of making it harder for criminals to get guns with the triviality of making it harder for ""perverts"" to use the ladies' room, and then extends the joke to a non-existent category called ""oneape."" The humor is based on exaggeration and absurdity rather than hate or discrimination.",0
17589,"The content in the meme is non-hateful. It humorously highlights a cultural difference that someone might experience upon moving away from India, where it is common to use the streets as a restroom. The meme does not contain any offensive or derogatory language or content.",0
17594,"The content in the meme is non-hateful. It is a humorous comparison about life and preferences, using jelly beans as an analogy.",0
17596,"The content in the meme is non-hateful. It is a statement about a former first lady starting a book tour, which is a neutral and positive piece of news.",0
17598,"The content in the meme is non-hateful. It is a humorous comparison using a brain made of paper to illustrate the feeling of being the smartest person in one's village, despite having an IQ of 80.",0
17603,"The content in the meme is hateful. The phrase ""the whiteman is the devil!"" is a derogatory and offensive statement that promotes racial hatred and discrimination.",1
17609,The content in the meme is non-hateful. It is a humorous and sarcastic comment about using to use social media to provoke a reaction from a certain political group.,0
17623,The content in the meme is non-hateful. It is a casual and friendly question about a bicycle.,0
17624,"The content in the meme is non-hateful. The text ""just trying to do my part"" along with the image of a dog helping with laundry suggests a light-hearted and positive message.",0
17630,"The content in the meme is hateful. It implies that therapy dogs are being trained to console Muslim rape victims, which can be seen as a form of discrimination and insensitivity towards a specific religious group.",1
17634,The content in the meme is non-hateful. It is a humorous and light-hearted image that uses anthropomorphized chimpanzees to depict a common social situation.,0
17642,"The content in the meme is non-hateful. It is a motivational message encouraging people to stay lazy, implying that even those who have died attempting to climb Mount Everest were once highly motivated individuals.",0
17643,"The content in the meme is non-hateful. It is a light-hearted image of a woman making coffee in a kitchen, with the text ""making decent coffee.""",0
17645,"The content in the meme is non-hateful. It is a humorous and exaggerated scenario involving a bear attack and a friend being shot in the knee, which is intended to be funny rather than offensive.",0
17649,"The content in the meme is non-hateful. The text ""can you see the difference?"" is a common phrase used to prompt someone to notice a subtle difference or detail in an image. There is no indication of any hateful or offensive content in the image or the text.",0
17652,The content in the meme is non-hateful.,0
17653,The content in the meme is hateful. It contains offensive language and makes derogatory remarks about a specific group of people based on their gender and ethnicity.,1
17659,"The content in the meme is non-hateful. It is a humorous and light-hearted observation about ex-girlfriends, suggesting that they may not be as invested in their ex-partners' lives as they once were.",0
17682,The content in the meme is hateful.,1
17698,The content in the meme is hateful. The text implies a negative stereotype and promotes racial division and conflict.,1
17802,"The content in the meme is hateful. It contains offensive language and makes derogatory statements about a specific religion and its followers, promoting negative stereotypes and discrimination.",1
17805,The content in the meme is non-hateful.,0
17809,"The content in the meme is non-hateful. The meme uses humor to highlight the contrast between the importance of personal choice in clothing (as represented by the sign ""MY DRESS MY CHOICE"" and the lack of importance given to the loss of lives, as represented by the single rose on a memorial.",0
17829,The content in the meme is non-hateful. It appears to be a humorous or sarcastic comment about someone's restriction on going to a specific restaurant on Sundays.,0
17830,"The content in the meme is non-hateful. The phrase ""exfoliating with the tears of my haters"" is a playful and humorous way of expressing triumph or success, rather than harboring any harmful intentions.",0
17832,"The content in the meme is non-hateful. The sign in the image promotes peace and love, and the text suggests making peace with Islam.",0
17834,The content in the meme is non-hateful.,0
17835,"The content in the meme is hateful. The text suggests a negative stereotype about all men and implies that they are inherently evil and capable of committing rape, which is a harmful and offensive statement.",1
17842,The content in the meme is non-hateful. It is a political statement that uses humor to criticize someone for supporting laws that could be used to silence people with whom they disagree.,0
17843,"The content in the meme is hateful. The text uses a euphemistic and offensive term to refer to the victims of a historical event, which is inappropriate and disrespectful.",1
17845,"The content in the meme is non-hateful. It is a humorous and light-hearted joke about the origin of rice krispies, suggesting that they were made long before by someone or some culture before the well-known brand Kellogg's.",0
17849,The content in the meme is non-hateful. The text is expressing a message of remembrance and resilience rather than promoting hate or discrimination.,0
17850,"The content in the meme is non-hateful. It expresses a personal opinion about a political scenario and an emotional reaction to it, without containinging any form of hate speech or discrimination.",0
17852,"The content in the meme is hateful. The text ""you know that we are better than any other race"" is a statement that promotes racial superiority, which is a form of hate speech.",1
17853,The content in the meme is non-hateful.,0
17860,The content in the meme is non-hateful. It is a humorous and light-hearted statement often used in memes to express frustration or affection in a playful manner.,0
17864,"The content in the meme is hateful. The phrase ""dad keeps banging the goat instead of you"" is a derogatory and offensive term used to mock and degrade individuals based on their cultural or religious background.",1
17869,"The content in the meme is non-hateful. It is a casual and friendly invitation to a party, with the response indicating a willingness to attend.",0
17892,"The content in the meme is hateful. The text expresses a negative and derogatory attitude towards men, using derogatory language, and implies a sense of loneliness and frustration.",1
17894,"The content in the meme is non-hateful. It is a humorous and sarcastic statement about the political views of the Republican Party, suggesting that they may prioritize the interests of the wealthy over the less fortunate.",0
17904,The content in the meme is non-hateful.,0
17905,"The content in the meme is hateful. The text suggests a threat of violence against females who continue to like the content, which is a form of harassment and aggression.",1
17908,The content in the meme is non-hateful.,0
17928,"The content in the meme is non-hateful. It appears to be a humorous or light-hearted scenario where a family is welcoming a new member, possibly a stepmother, into their family.",0
17932,"The content in the meme is hateful. The text ""when mohamed puts it inside"" is a derogatory phrase that implies a negative stereotype about Muslims, suggesting that something harmful or undesirable is associated with them.",1
17935,"The content in the meme is hateful. It contains a derogatory and offensive statement about a specific nationality, which is not appropriate or respectful.",1
17938,The content in the meme is non-hateful.,0
17948,"The content in the meme is hateful. The text ""ching chong 100"" is a derogatory term used to mock and stereotype people of Asian descent.",1
17950,"The content in the meme is non-hateful. The meme humorously highlights the contrast between the severity of the reaction to a tweet and the cancellation of a show, suggesting that the latter was overblown or unjustified.",0
17953,"The content in the meme is non-hateful. It appears to be a humorous or ironic statement about the time and effort required to earn a master's degree, suggesting that it takes significantly more time and effort than a bachelor's degree.",0
17956,The content in the meme is non-hateful. It is a political statement expressing concern about the actions of a specific individual and asking for a response from another individual.,0
17962,The content in the meme is non-hateful.,0
17963,"The content in the meme is non-hateful. It appears to be a humorous comparison about the reaction to removing nail polish with chemicals, suggesting that there is a double standard in how people react to different situations.",0
17965,"The content in the meme is non-hateful. The text ""changing every single country it touches"" suggests a positive impact or transformation, which is generally not associated with hate or negativity.",0
18029,"The content in the meme is non-hateful. It appears to be a humorous or satirical comment about the idea of the United Kingdom not being influenced by European countries, specifically mentioning France. The language used is exaggerated and intended to be comedic rather than offensive.",0
18034,"The content in the meme is non-hateful. It is a humorous observation about the potential impact of the election on alcohol sales, without any direct or indirect expressions of hate or prejudice.",0
18045,The content in the meme is hateful. It contains derogatory and offensive language directed towards a specific group of people.,1
18052,The content in the meme is non-hateful. It is a light-hearted and positive comment about someone looking good at the gym.,0
18059,"The content in the meme is hateful. The comparison to sperm is used to make a derogatory and offensive statement about a large group of people, implying that only one person from that group is valuable or successful.",1
18074,"The content in the meme is non-hateful. It appears to be a humorous reference to the ""hide and go seek champion"" and the dates ""July 6, 1942 - August 4, 1944,"" which are likely related to the hiding and hiding of Anne Frank during the Holocaust. The meme is using humor to make a serious historical event more relatable and less intimidating.",0
18094,The content in the meme is non-hateful.,0
18203,"The content in the meme is hateful. The use of quotation marks around ""refugee"" and the tone of the message suggest a negative and discriminatory attitude towards refugees.",1
18204,The content in the meme is non-hateful. It promotes the idea of respecting individual beliefs and not imposing them on others.,0
18207,The content in the meme is hateful.,1
18234,"The content in the meme is hateful. It contains derogatory and offensive language, making it inappropriate and disrespectful.",1
18235,"The content in the meme is non-hateful. The text ""damn, that's hot!"" is a casual and friendly expression, likely used to describe something or someone that is attractive or impressive.",0
18236,"The content in the meme is hateful. The phrase ""four black tires and a color tv"" is a derogatory reference to racial stereotypes and is intended to be offensive.",1
18239,"The content in the meme is non-hateful. The phrase ""orange is the new black"" is a reference to the Netflix series ""Orange Is the New Black,"" which is about a prison drama. The meme is likely making a humorous comparison or comment related to the series, rather than containing any hateful content.",0
18246,The content in the meme is non-hateful. It is a humorous and light-hearted observation about a person's behavior when their girlfriend enters the bathroom.,0
18254,The content in the meme is non-hateful. It appears to be a humorous statement about a website for orphans that doesn't have a home page.,0
18257,"The content in the meme is non-hateful. It is a humorous observation about the convenience of Walmart stores, especially during late hours.",0
18267,"The content in the meme is hateful. The text implies a negative stereotype about white people, suggesting that if the father is white, it is likely due to a racial assumption rather than any other factor. This kind of language is harmful and reinforces harmful stereotypes.",1
18273,"The content in the meme is hateful. The phrase ""the only white man that I trust"" is a form of racial profiling and discrimination, suggesting that the person trusts only one white man, which is a narrow and biased perspective. The additional text ""for about 15 seconds"" adds a sarcastic tone, but the underlying message is still harmful and discriminatory.",1
18274,"The content in the meme is non-hateful. It is a humorous play on the idea that Superman's flying class was popular, but no one ever passed, which is a reference to the fictional character Superman's ability to fly.",0
18275,"The content in the meme is non-hateful. It is a humorous observation about the concept of ""born again"" and suggests an alternative perspective by asking why one might not just grow up.",0
18290,The content in the meme is non-hateful. It appears to be a humorous or sarcastic statement about a party.,0
18294,"The content in the meme is non-hateful. It appears to be a humorous take on a political statement, using a visual of a person in handcuffs to suggest that the statement might not be as straightforward as it seems.",0
18296,"The content in the meme is hateful. The phrase ""tards"" is a derogatory term used to refer to individuals with intellectual disabilities, and its use in this context is offensive and disrespectful.",1
18306,The content in the meme is non-hateful. It is a humorous take on the common experience of children looking forward to their first day of school.,0
18307,"The content in the meme is non-hateful. It is a humorous meme that uses a popular image of a person waving to convey the message that one should not let others' negative comments affect them, as they are insignificant compared to the person's own positive qualities.",0
18325,"The content in the meme is non-hateful. It is a humorous observation about the consequences of slipping on black ice, which is a play on words, implying that the ice was not regular but rather black, leading to the loss of a wallet.",0
18350,The content in the meme is non-hateful.,0
18356,The content in the meme is non-hateful.,0
18362,"The content in the meme is hateful. The use of Confederate flags and the message ""if they don't like it here they can leave!"" suggests a hostile and exclusionary attitude towards those who do not share the same views or beliefs.",1
18364,"The content in the meme is non-hateful. It humorously suggests that the boy was no longer invited to participate in the nativity play, possibly due to a humorous or ironic reason.",0
18367,The content in the meme is non-hateful.,0
18379,"The content in the meme is hateful. The phrase ""kenyan skidmark"" is a derogatory term that is used to insult someone's nationality and heritage. The meme is making a derogatory reference to the individual's nationality and is not a neutral or positive statement.",1
18394,"The content in the meme is non-hateful. It appears to be a humorous or nostalgic reference to the use of guard dogs in the 1990s, possibly in the context of security or protection.",0
18397,The content in the meme is hateful.,1
18406,The content in the meme is non-hateful. It is a friendly greeting that welcomes someone to Melbourne and wishes them a nice day.,0
18407,"The content in the meme is hateful. The text ""wing wing wing herro? thats racist!"" suggests that the person in the chicken costume is being perceived as racist, which is a hateful and offensive statement.",1
18420,The content in the meme is non-hateful. It is a statement about Michelle Obama being voted one of the most beautiful people of 2015 by the National Association for the Blind.,0
18427,The content in the meme is non-hateful.,0
18430,"The meme is non-hateful. It juxtaposes images of Coca-Cola cans with a poignant image of a child, suggesting a contrast between commercial products and the realities of some people's lives. The text ""share a coke with your dad"" is a marketing slogan, and the meme uses this to highlight a broader social issue.",0
18432,The content in the meme is non-hateful. It appears to be a humorous or light-hearted observation about a large group of people gathering for a pilgrimage.,0
18450,"The content in the meme is hateful. The text suggests a harmful and offensive stereotype, implying that women should be treated poorly or unfairly, which is not only offensive but also perpetuates harmful gender roles and expectations.",1
18453,The content in the meme is non-hateful. It is a light-hearted and humorous statement about a child's aspiration to become a gas plumber when they grow up.,0
18462,"The content in the meme is non-hateful. It is a humorous meme about the experience of someone's first time sky diving, with the text ""when it's your first time sky diving.""",0
18465,"The content in the meme is non-hateful. It is a humorous and exaggerated statement about the size of a liger, a hybrid animal, and is not intended to be offensive or derogatory.",0
18469,The content in the meme is hateful.,1
18490,The content in the meme is non-hateful. It presents historical facts about the Rosenbergs and the Clintons regarding their involvement with nuclear materials and their consequences.,0
18497,"The content in the meme is non-hateful. It appears to be a humorous or sarcastic comment about feeling down after performing a specific action, possibly related to skateboarding or snowboarding.",0
18504,"The content in the meme is hateful. It makes a comparison between the current situation of ISIS and a historical figure, which is intended to be provocative and offensive.",1
18507,"The content in the meme is non-hateful. The meme is a humorous and light-hearted reference to praying for the blessing of a melon, which is a playful and non-offensive joke.",0
18524,The content in the meme is non-hateful. It is a humorous and light-hearted meme that uses a playful tone to describe a situation involving a squirrel and a person. The text is meant to be funny and does not contain any offensive or hateful language.,0
18526,The content in the meme is non-hateful.,0
18529,The content in the meme is hateful.,1
18532,The content in the meme is hateful.,1
18542,"The content in the meme is non-hateful. The text ""flowers for martin luther king day"" is a positive and respectful reference to Martin Luther King Jr. Day, which is a federal holiday in the United States that honors the civil rights leader.",0
18546,The content in the meme is non-hateful.,0
18547,The content in the meme is non-hateful.,0
18593,"The content in the meme is non-hateful. It appears to be a humorous comparison between how someone might think they look and how others might perceive them, specifically in a cultural or social context.",0
18594,"The content in the meme is non-hateful. It appears to be a humorous or sarcastic comment, possibly implying that the person needs a new partner because they are not performing well in their current role.",0
18597,"The content in the meme is non-hateful. The text on the image humorously suggests that the wolf took the chicken because it felt it was stolen from it, and in turn, the chicken took the wolf's life. It is a playful and light-hearted statement.",0
18607,The content in the meme is non-hateful. It is a humorous take on a relationship situation where the person is trying to find a creative way to propose marriage by transforming their bed into a boxing ring.,0
18632,The content in the meme is hateful.,1
18640,The content in the meme is hateful. It makes derogatory statements about a particular race and suggests that their religious practices are negative.,1
18650,"The content in the meme is hateful. The statement implies a harmful and offensive stereotype about gender identity and sexual orientation, which is not only inaccurate but also promotes discrimination and prejudice.",1
18673,The content in the meme is non-hateful.,0
18674,"The content in the meme is non-hateful. It is a humorous and exaggerated depiction of a lion couple engaging in mating behavior, with a playful and sarcastic commentary on the male lion's lack of help in the process.",0
18675,"The content in the meme is non-hateful. It appears to be a humorous or celebratory message about helping to save gorillas, which are apes.",0
18679,"The content in the meme is hateful. It contains a derogatory and harmful message, suggesting that Jewish children have the power to curse non-Jewish individuals, which is a form of anti-Semitic propaganda.",1
18693,The content in the meme is non-hateful. It is a simple and innocent statement expressing a child's aspiration to become a doctor when they grow up.,0
18724,"The content in the meme is non-hateful. The text ""cholos be like happy veteranos day ese"" is a playful and light-hearted way of celebrating Veterans Day, using the term ""cholos"" in a context that is not intended to be offensive.",0
18726,The content in the meme is non-hateful. It is a humorous observation about a common situation where the bed is too short for the person's feet to fit comfortably.,0
18730,"The content in the meme is non-hateful. The top image shows people taking the oath of allegiance to become citizens of the United States, which is a positive and legal process. The bottom image shows individuals climbing a border fence, which is often associated with illegal immigration. The text ""immigration invasion learn the difference"" suggests a distinction between legal immigration and illegal immigration, which is a common and non-hateful discussion topic.",0
18739,"The content in the meme is non-hateful. It is a humorous and sarcastic expression of someone's feelings about a new anime episode, suggesting that they will be the only ones who have to endure the ""angsty"" episode.",0
18742,The content in the meme is non-hateful. It expresses pride in being a feminist and invites others to engage in a discussion or debate about the topic.,0
18750,"The content in the meme is non-hateful. The context ""turn for what"" is a phrase that is often used humorously to ask for clarification or to express confusion. It does not contain any elements of hate speech or discrimination.",0
18759,"The content in the meme is hateful. It contains a negative and offensive statement about a specific group of people, usinging language that is derogatory and promotes division and conflict.",1
18764,"The content in the meme is non-hateful. The text ""mississippi wind chime"" refers to a type of wind chime, which is a decorative item. There is no indication of hate speech or offensive content in the image.",0
18790,"The content in the meme is non-hateful. The text ""your disability is not an obstacle"" promotes inclusivity and positivity, suggesting that disabilities should not be seen as hindrances.",0
18926,The content in the meme is hateful.,1
18935,"The content in the meme is non-hateful. It is a play on words and a pun, using the phrase ""blew a rod"" to refer to a car engine issue, but the context is not related to any negative or offensive content.",0
18937,The content in the meme is non-hateful.,0
18940,"The content in the meme is hateful. The image depicts a man being confronted by a group of women holding protest signs, which suggests a negative and confrontational interaction.",1
18942,The content in the meme is non-hateful. It is a playful and affectionate message celebrating a birthday.,0
18943,"The content in the meme is non-hateful. It describes Jack Nicholson's behavior at Lakers games in a humorous and exaggerated manner, suggesting that he is aggressive or intense when he yells at the players.",0
18945,"The content in the meme is hateful. The image depicts a person standing in front of a large fire with the text ""when you decide to go full gas,"" which is a reference to the Nazi salute. This is a symbol associated with hate groups and is used to express racism and anti-Semitism.",1
18946,"The content in the meme is non-hateful. The meme humorously depicts a police officer spilling a cup of coffee, with the text ""officer down,"" which is a playful reference to the phrase used to indicate an emergency situation.",0
18960,The content in the meme is non-hateful. It is a political statement advocating for the application of constitutional rights at the border and against illegal searches.,0
18963,"The content in the meme is hateful. The statement ""i believe racism is just like black people it shouldn't exist"" is a form of racism itself, as it equates racism with a specific race and implies that racism is a characteristic of black people. This is a harmful and offensive statement.",1
19026,"The content in the meme is non-hateful. It appears to be a humorous observation about a character in a game, noting that the only black character has a passive ability that makes him run faster under fire.",0
19027,"The content in the meme is hateful. The text explicitly expresses hatred towards three groups: racism, sexism, and white men.",1
19032,"The content in the meme is hateful. The text juxtaposes the joy of getting new shoes with the tragic news of a brother dying from Ebola, creating a stark and insensitive contrast.",1
19036,"The content in the meme is non-hateful. The word ""infamous"" refers to something that is widely known and notorious, often for being notorious or notorious for being notorious. It does not carry any inherent negative connotations or promote any form of hate speech.",0
19047,"The content in the meme is hateful. The phrase ""today op was a faggot"" is derogatory and uses offensive language to describe someone negatively based on their sexual orientation.",1
19062,The content in the meme is non-hateful. It is a statement about a living witness who will testify against Hillary Clinton.,0
19065,The content in the meme is non-hateful.,0
19072,"The content in the meme is hateful. The text suggests a negative perspective on the celebration of certain customs, implying that it is an oppressive practice.",1
19074,The content in the meme is hateful.,1
19075,The content in the meme is non-hateful.,0
19085,"The content in the meme is non-hateful. It expresses a sentiment of fatigue with the behavior of people towards each other, suggesting a desire for kindness and positive interactions.",0
19203,"The content in the meme is non-hateful. It appears to be a political statement or commentary, expressing a view on a legislative vote.",0
19205,The content in the meme is non-hateful.,0
19206,"The content in the meme is hateful. It contains derogatory and offensive language directed towards a specific religion, Islam, and makes false and harmful claims about the practices within the religion.",1
19230,"The content in the meme is hateful. The phrase ""it's non binary"" is used in a way that implies a negative or derogatory connotation, suggesting that the person is making a joke or comment about the gender identity of the newborn in a manner that is intended to be offensive or disrespectful.",1
19234,"The content in the meme is non-hateful. The text is a humorous and sarcastic comment, not intended to be offensive or hateful.",0
19238,"The content in the meme is hateful. The phrase ""it started when I is swapped my mustang"" is a derogatory and offensive reference to gender identity and is intended to be hurtful and disrespectful.",1
19240,"The content in the meme is non-hateful. The text is a question posed in a neutral tone, asking whether to inform someone or let them figure things out for themselves. There is no explicit expression of hate or discrimination.",0
19243,"The content in the meme is non-hateful. It appears to be a humorous situation where someone is surprised to find themselves in a box, possibly as a prank or a playful scenario.",0
19247,"The content in the meme is non-hateful. It is a statement about personal preference regarding underwear material, comparing cotton to silk.",0
19248,The content in the meme is non-hateful. It appears to be a positive message about the Democratic Party finding another potential candidate for the 2020 election.,0
19256,"The content in the meme is hateful. It contains derogatory and offensive statements about Muslims and their beliefs, promoting violence and discrimination against Christians, Jews, and the LGBTQ+ community. The use of the word ""pedophilia"" in a derogatory context also further contributes to the hateful nature of the meme.",1
19258,The content in the meme is non-hateful.,0
19268,"The content in the meme is hateful. It contains a threatening message and is related to a tragic event that occurred in Christchurch, New Zealand.",1
19275,"The content in the meme is hateful. The phrase ""they struck our colors and raised their own"" suggests a confrontational and potentially hostile attitude towards another group, and the statement ""if you are not pissed, then you are part of the problem!"" implies that anyone who does not share this anger is complicit in the issue.",1
19302,"The content in the meme is non-hateful. It is a humorous observation about the number of twenty-four-year-olds, suggesting that the best thing about them is that there are twenty of them.",0
19304,"The content in the meme is non-hateful. The meme uses a metaphor to express that dark humor, like good food, is not suitable for everyone. It does not contain any offensive or discriminatory elements.",0
19308,"The content in the meme is non-hateful. It appears to be a humorous or motivational message, possibly related to personal growth or self-improvement, without any explicit or implicit hateful elements.",0
19320,The content in the meme is hateful.,1
19324,"The content in the meme is non-hateful. It humorously suggests that a dog at a shelter is the only one left and is being adopted by a black family, which is presented in a light-hearted and positive manner.",0
19326,"The content in the meme is non-hateful. It presents a statement made by Rep. Ilhan Omar, a Somali refugee, regarding her experience of life in the United States. The meme asks for an opinion on whether her statement is accurate or if she is out of her mind.",0
19342,The content in the meme is hateful. The text引用了《圣经》中的经文，将其用于攻击同性恋行为，这种做法在社会上通常被认为是具有攻击性和仇恨性质的。,1
19345,The content in the meme is non-hateful. It is a motivational message encouraging perseverance and resilience in the face of challenges.,0
19346,"The content in the meme is non-hateful. It appears to be making a statement about the access to top secret classified information by certain individuals, without expressing any form of hate or discrimination.",0
19352,The content in the meme is non-hateful.,0
19358,The content in the meme is non-hateful.,0
19362,"The content in the meme is non-hateful. It is a humorous and light-hearted statement about age and memory, with no indication of hate or discrimination.",0
19364,"The content in the meme is hateful. The text contains offensive and derogatory language, promoting harmful stereotypes and racism.",1
19367,"The content in the meme is non-hateful. It is a statement about intelligence and reasoning, suggesting that having good grades or a high IQ is not the only measure of intelligence. The phrase ""you're fucking stupid"" is strong language but is not directed at any specific group or individual, making it non-hateful in context.",0
19370,"The content in the meme is non-hateful. The text refers to different colored ties as ""power ties,"" which is a playful and non-offensive term.",0
19372,"The content in the meme is hateful. It contains threatening language and suggests that criticizing Muslim protesters will lead to violence, which is a form of hate speech.",1
19375,"The content in the meme is non-hateful. It is a comparison between the political rhetoric of the Democratic Party in 1961 and 2018, highlighting a shift in emphasis from selflessness to material gain.",0
19380,"The content in the meme is hateful. The phrase ""ganghanging the teacher"" is a derogatory and offensive term that implies a violent act against a teacher, particularly in the context of a special education classroom. The use of this term is intended to be provocative and harmful, and it is not appropriate or respectful.",1
19384,"The content in the meme is hateful. It contains offensive language and makes a derogatory comparison, which is not appropriate or respectful.",1
19385,The content in the meme is non-hateful. It is a playful and humorous poem that uses a traditional rhyme format.,0
19406,The content in the meme is hateful. It implies a negative stereotype about a Muslim member of Congress and suggests that their desire to get rid of homeland security is a cause for concern or alarm.,1
19408,"The content in the meme is hateful. The text references ""Mengele,"" which is a play on the name of Dr. Josef Mengele, a Nazi doctor known for his involvement in the Holocaust and human experimentation. The meme uses this reference in a derogatory and offensive manner, suggesting that the person depicted is involved in similar unethical practices.",1
19420,"The content in the meme is non-hateful. It is a political meme that criticizes the trust placed in Cohen's testimony by the Democratic Party, highlighting his history of dishonesty.",0
19426,"The content in the meme is non-hateful. It is a humorous and light-hearted statement about the perception that ninjas are a cultural stereotype associated with Japan, but not necessarily with the Middle East.",0
19427,The content in the meme is non-hateful. It is a humorous and light-hearted message encouraging someone to stop smoking.,0
19430,"The content in the meme is hateful. The phrase ""I am not racist some of my best slaves are black"" is a derogatory and offensive statement that promotes racism and slavery.",1
19438,"The content in the meme is non-hateful. It is a humorous observation about the behavior of some men trying to be funny at a club, with a sarcastic response that implies they might not understand certain jokes.",0
19452,The content in the meme is hateful. It expresses a discriminatory and racist sentiment by suggesting that white people should be removed from the country because they are white and work.,1
19457,The content in the meme is non-hateful. It describes a group of Egyptian soccer fans celebrating by climbing over a fence at their home stadium.,0
19458,"The content in the meme is non-hateful. The text ""carribbean women"" refers to a specific demographic group and does not contain any offensive or derogatory language.",0
19472,"The content in the meme is hateful. The text ""i wish jew"" is a derogatory phrase that uses anti-Semitic language, and the context of a birthday celebration with a party hat further emphasizes the negative intent.",1
19487,"The content in the meme is hateful. The quote by Michelle Bachman suggests a comparison between the suffering of African Americans during slavery and the perceived suffering of white conservative Americans during the Obama presidency, implying that the latter is more significant. This comparison is often seen as offensive and divisive.",1
19502,"The content in the meme is non-hateful. It is a humorous observation about the appearance of ice cream bars, suggesting that they will still be long and brown even if they are not frozen.",0
19503,"The content in the meme is non-hateful. It appears to be a critique or question about the cost of a product or service, specifically asking why someone would charge a very low price (5 cents a day - while also having the resources to travel and make a commercial. The meme does not contain any explicit or implicit hateful language or content.",0
19504,"The content in the meme is non-hateful. It is a humorous reference to a popular cartoon character, Squidward, setting the kitchen on fire, which is a common joke in the show.",0
19507,The content in the meme is non-hateful.,0
19508,"The content in the meme is hateful. The text ""the definition of utter disgust in plain black and white"" combined with the image of a man and a woman in a close embrace suggests a negative and derogatory message.",1
19523,"The content in the meme is non-hateful. The text ""they see them rollin... they hating..."" is a playful and humorous way of saying that people are watching someone ride a bike and are envious or jealous of their ability to ride. The overall tone is light-hearted and fun.",0
19526,"The content in the meme is non-hateful. It is a humorous and positive take on a proverbial saying, suggesting that instead of complaining about a difficult situation (life handing you lemons, you should make the best of it by turning it into something positive (lemon-aids.",0
19530,"The content in the meme is non-hateful. The meme humorously suggests that someone has made a mistake by shooting a gorilla, implying that the person who was supposed to be shot was not the gorilla.",0
19532,"The content in the meme is non-hateful. The text ""reacts in shea butter twitter"" suggests a humorous or ironic reaction, likely referencing a specific type of social media discourse or community.",0
19536,"The content in the meme is hateful. It makes a derogatory and offensive joke about Jews, using a stereotype about Jewish people being associated with money.",1
19537,The content in the meme is hateful.,1
19540,The content in the meme is non-hateful.,0
19542,"The content in the meme is non-hateful. It uses a metaphor to describe the process of being a Republican, comparing it to separating whites from colors in laundry. The meme is intended to be humorous and does not contain any offensive or hateful language or imagery.",0
19543,"The content in the meme is hateful. It makes a derogatory comparison between two groups, using a stereotype to create a joke that is offensive and disrespectful.",1
19547,The content in the meme is hateful. The meme uses a historical context to make a comparison that is intended to be offensive and derogatory.,1
19563,"The content in the meme is hateful. The text suggests a threat or a warning about voting for a political party, which can be seen as a form of hate speech or political intimidation.",1
19567,"The content in the meme is hateful. The text suggests a negative and derogatory view of mental illness, implying that it is being glorified in a harmful way.",1
19573,"The content in the meme is non-hateful. The text ""when you have a screaming contest at the protest"" suggests a humorous or lighthearted situation rather than any form of hate speech or discrimination.",0
19582,The content in the meme is hateful.,1
19586,"The content in the meme is non-hateful. It features conjoined twins Abby and Brittany, who are often recognized for their unique physical characteristics. The image does not contain any elements that are intended to be offensive or discriminatory.",0
19587,"The content in the meme is hateful. The text suggests a derogatory and offensive comparison, implying that the person being referred to supports terrorists because they are intellectually inferior, which is a form of hate speech.",1
19602,The content in the meme is non-hateful.,0
19604,The content in the meme is non-hateful.,0
19630,The content in the meme is non-hateful.,0
19634,The content in the meme is hateful.,1
19635,"The content in the meme is non-hateful. It is a humorous observation about the smell in a crowded space, suggesting that the smell is so strong that it is unclear whether it is coming from someone's behind or one's own hands.",0
19637,"The content in the meme is non-hateful. It appears to be a humorous reference to an award for the best T-Rex impression, which is likely intended to be light-hearted and entertaining rather than offensive.",0
19643,The content in the meme is non-hateful.,0
19647,"The content in the meme is non-hateful. It is a humorous and nostalgic reference to the idea of strict discipline in a household, often associated with a bygone era. The text is presented in a light-hearted manner, suggesting that the person grew up in a household where talking back was met with consequences, but it is done in a way that is not intended to be offensive or derogatory.",0
19650,The content in the meme is hateful. It contains a historical reference to the transatlantic slave trade and implies a dehumanizing perspective on people from Africa during that time.,1
19653,The content in the meme is hateful.,1
19670,The content in the meme is non-hateful. It humorously addresses the idea that a child might not understand racism but is happy because they have a new pet.,0
19672,"The content in the meme is hateful. The phrase ""dumb white people"" is a derogatory and offensive term that targets individuals based on their race.",1
19678,"The content in the meme is hateful. The phrase ""ginger"" is used to refer to someone with red hair, but it is also being compared to the term ""n-word,"" which is a derogatory term for people of African descent. This comparison is intended to be offensive and is used to promote hate and discrimination.",1
19684,"The content in the meme is hateful. The phrase ""a muslim mans fantasy"" is derogatory and implies that the image is offensive or inappropriate for Muslim individuals.",1
19702,"The content in the meme is hateful. The phrase ""i wish jew a happy brithday"" is a play on words that is intended to be offensive and disrespectful.",1
19705,"The content in the meme is non-hateful. It appears to be a humorous or ironic statement, possibly referencing a situation where someone might be tempted to do something they shouldn't do.",0
19726,The content in the meme is hateful.,1
19730,The content in the meme is non-hateful.,0
19736,"The content in the meme is non-hateful. It is a humorous exchange between two individuals, one of whom is making a joke about their scientific abilities.",0
19740,"The content in the meme is non-hateful. It appears to be a comparison between two images, one depicting a modern, stylized character and the other showing statues of chained individuals, possibly referencing historical contexts of slavery. The text ""where we were"" and ""where we are from"" suggests a reflection on past and present conditions.",0
19742,"The content in the meme is non-hateful. It appears to be a light-hearted comment about a record-breaking temperature in Japan, with the person responding with a playful correction.",0
19752,The content in the meme is non-hateful.,0
19753,The content in the meme is hateful.,1
19758,"The content in the meme is hateful. It promotes a message of violence and aggression towards those who do not adhere to a certain belief, which is not consistent with the principles of peace.",1
19763,"The content in the meme is hateful. It implies that the physiological response of straight men to see two men kissing is equivalent to a negative and repulsive reaction, comparing it to seeing maggots. This type of language is derogatory and promotes harmful stereotypes.",1
19768,"The content in the meme is hateful. The text suggests a threatening and discriminatory message, implying that the person will bring in people who will vote for them if the viewer does not vote for them. This type of language is considered hateful and can be seen as inciting violence or discrimination.",1
19783,"The content in the meme is non-hateful. It contrasts the positive impact of science with the negative impact of Islam, suggesting that science is beneficial for humanity while Islam is not.",0
19823,The content in the meme is non-hateful. It is a humorous and light-hearted observation about the contrast between the softness and warmth of kittens and the sharpness of their claws.,0
19824,The content in the meme is non-hateful. It is a light-hearted statement expressing enthusiasm about rice krispies.,0
19825,The content in the meme is non-hateful. It is a humorous and light-hearted meme that uses a play on words to create a joke.,0
19834,The content in the meme is hateful.,1
19836,"The content in the meme is hateful. It implies that white people are about to tell a joke that is offensive or harmful to black people, which is a form of hate speech.",1
19837,"The content in the meme is non-hateful. The top image features a person taking a selfie, with the text ""felt cute.. might delete later!"" which is a playful and light-hearted statement. The bottom image shows a person wearing a ""Make America Great Again"" hat, which is a political statement but not inherently hateful.",0
19845,"The content in the meme is hateful. The text suggests a negative and potentially violent reaction from pro-lifers when discussing the idea of shooting immigrants, which is a controversial and potentially harmful statement.",1
19846,The content in the meme is non-hateful.,0
19860,"The content in the meme is hateful. The text explicitly expresses a preference for dating individuals of a specific race, which can be seen as discriminatory and exclusionary.",1
19875,"The content in the meme is non-hateful. The text explicitly states that the person is not a Muslim, which is a religious affiliation, and therefore does not contain any hateful or discriminatory language towards any specific group.",0
20134,"The content in the meme is non-hateful. It is a humorous and light-hearted exchange between two individuals, with one person expressing their opinion about another's taste in content.",0
20143,"The content in the meme is non-hateful. The word ""rotissified"" appears to be a playful or humorous modification of the word ""rotified,"" which is not a commonly used term and seems to be created for comedic effect.",0
20145,"The content in the meme is hateful. The text ""it's a bomb"" is a derogatory and offensive reference to the idea of a pregnant woman carrying a bomb, which is a form of hate speech and discrimination.",1
20146,"The content in the meme is non-hateful. It appears to be a humorous statement about someone's ability to spell a word, with the word ""kongris"" being misspelled as ""lare."" The context suggests a light-hearted and playful tone.",0
20149,The content in the meme is non-hateful.,0
20154,"The content in the meme is hateful. The text expresses a negative sentiment towards snow, specifically referring to it as ""white and on my land,"" which could be interpreted as a reference to the color of snow and its presence on land that is traditionally associated with Native American tribes. This type of language can be seen as derogatory and disrespectful.",1
20159,"The content in the meme is non-hateful. It depicts a historical scene from World War II, showing a Jewish prisoner attempting to escape the Auschwitz showers, which is a significant event in Holocaust history. The image is colorized, which is a form of artistic representation rather than hate speech.",0
20163,The content in the meme is non-hateful. It appears to be a humorous or exaggerated expression of a common request for attention or appreciation.,0
20165,"The content in the meme is hateful. The text suggests a negative stereotype about how white liberals treat minorities who do not vote for the Democratic Party, implying discrimination or unfair treatment based on political affiliation.",1
20174,The content in the meme is non-hateful.,0
20183,The content in the meme is hateful.,1
20184,"The content in the meme is non-hateful. It uses humor to make a point about the universal experience of anger, regardless of the specific situation being depicted.",0
20187,"The content in the meme is non-hateful. It appears to be a humorous or satirical statement, possibly referencing a situation where someone is trying to make a crack house less noticeable, which is a common theme in memes.",0
20194,"The content in the meme is non-hateful. It mentions a petition to give Jacinda Ardern the Nobel Peace Prize, which has reached more than 18,000 signatures.",0
20195,The content in the meme is hateful.,1
20196,"The content in the meme is non-hateful. The text ""no difference"" and ""between both"" suggests a comparison without implying any negative or discriminatory intent.",0
20317,"The content in the meme is non-hateful. It shows a creative and thoughtful effort to make a child's Halloween costume special, considering his mobility needs. The humor in the caption, ""special forces?"" is light-hearted and playful, not intended to be offensive.",0
20318,"The content in the meme is hateful. The text suggests a desire to harm or kill, which is a violent and harmful sentiment.",1
20348,"The content in the meme is non-hateful. It appears to be a humorous meme about a fictional scenario involving a ""thot"" ( which is a derogatory term for a woman who is perceived as promiscuous or unfaithful, and the setting is Area 51, a secretive U.S. military and intelligence base. The humor is derived from the absurdity of the situation rather than any hate towards a particular group.",0
20356,"The content in the meme is non-hateful. It appears to be a playful or humorous take on the idea that each letter of a word can represent a mental disorder, which is not intended to be offensive or derogatory.",0
20371,"The content in the meme is hateful. The text ""when you ask the stoke patient to smile"" implies a negative stereotype and is likely intended to be offensive.",1
20374,"The content in the meme is non-hateful. It appears to be a humorous or ironic comment about the frequency of mass shootings in the United States, suggesting that it is the first time such an event has occurred.",0
20375,The content in the meme is hateful.,1
20379,The content in the meme is non-hateful. It appears to be a humorous and light-hearted image comparing the behavior of friends at the beach to that of orangutans hanging from a rope.,0
20381,"The content in the meme is hateful. The phrase ""the master race"" is a term historically used to refer to a superior or dominant race, often in a derogatory or racist context. The presence of Confederate flags, which are associated with the Confederate States of America during the American Civil War, further suggests a connection to historical racial and political ideologies that are often considered hateful or offensive.",1
20386,The content in the meme is non-hateful.,0
20395,The content in the meme is non-hateful.,0
20413,"The content in the meme is hateful. The phrase ""hell we should shoot six more and get the week off"" is a reference to the assassination of Martin Luther King Jr. and is intended to be offensive and disrespectful.",1
20435,"The content in the meme is non-hateful. It shows two children playing in the backyard, which is a common and innocent activity.",0
20437,"The content in the meme is non-hateful. The image shows a Thanksgiving-style meal being enjoyed by a group of people, with no indication of any negative or offensive content related to China or any other country.",0
20438,"The content in the meme is non-hateful. It is a humorous meme featuring a squirrel with its hands in a prayer position, accompanied by text that reads ""since u like reportin pix report deez nutz."" The humor is based on the squirrel's pose and the play on words, not on any hate speech or offensive content.",0
20459,"The content in the meme is hateful. The text ""deport the goat fornicators #fukislam"" contains derogatory language and promotes harmful stereotypes and discrimination against a specific religious group.",1
20473,"The content in the meme is hateful. The text implies that vitiligo, a condition characterized by patches of skin that lose their pigmentation, is specifically associated with African males, which can be seen as a form of racial stereotyping and discrimination.",1
20485,"The content in the meme is hateful. The text uses derogatory language and makes derogatory statements about the individuals mentioned, which is not appropriate or respectful.",1
20491,The content in the meme is non-hateful.,0
20497,"The content in the meme is hateful. It promotes a harmful and discriminatory message by suggesting the construction of a memorial to Americans killed by illegal aliens, implying that illegal aliens are a threat and should be physically segregated from the United States.",1
20498,"The content in the meme is non-hateful. It appears to be a humorous take on the idea that some people might believe they are normal or deserve equal rights, usinging a cockroach and a dog in a human-like setting to exaggerate and make light of the concept.",0
20513,"The content in the meme is hateful. It uses derogatory language and makes a negative comparison based on race, which is not appropriate or respectful.",1
20538,"The content in the meme is non-hateful. It is a play on words and a joke, not intended to be offensive.",0
20539,"The content in the meme is non-hateful. It appears to be a friendly greeting and a good luck message, which is generally considered positive and non-confrontational.",0
20543,"The content in the meme is hateful. The phrases ""goat fucker"" and ""suck my star spangled dick"" are derogatory and offensive.",1
20567,The content in the meme is non-hateful.,0
20568,The content in the meme is non-hateful. It appears to be a humorous and light-hearted image with no indication of hate or discrimination.,0
20578,The content in the meme is hateful. It contains threatening language and is likely intended to incite violence or fear.,1
20593,"The content in the meme is non-hateful. The text is a playful and humorous reference to the classic movie ""Ghostbusters,"" where the characters say ""Who ya gonna call?"" The meme is using the phrase in a lighthearted way, referring to goats instead of the original characters.",0
20598,The content in the meme is non-hateful.,0
20615,"The content in the meme is non-hateful. It is a humorous joke using a knock-knock joke format, with the punchline being a play on words.",0
20617,"The content in the meme is non-hateful. The text ""bruce jenner's cat"" is a reference to a person's pet, and there is no indication of any negative or offensive connotations in the text.",0
20619,The content in the meme is hateful.,1
20643,"The content in the meme is non-hateful. It is a humorous and light-hearted meme about a person's thoughts being preoccupied with a dream about gorillas, rather than engaging in a playful activity.",0
20654,"The content in the meme is hateful. The text ""go be gay somewhere else"" is a derogatory and offensive statement that targets individuals based on their sexual orientation.",1
20657,"The content in the meme is non-hateful. The text suggests that the person is not racist and has friends of different races, which is a positive statement about diversity and inclusivity.",0
20671,"The content in the meme is non-hateful. It depicts two children running and smiling, which is a positive and non-confrontational scene.",0
20673,"The content in the meme is non-hateful. The text ""let's have some fun"" suggests a positive and playful tone, encouraging enjoyment and lightheartedness.",0
20681,"The content in the meme is hateful. The text ""defund homeland security!"" and ""muslims in 2001"" suggests a negative and discriminatory attitude towards Muslims, particularly in the context of homeland security and the events of 2001.",1
20684,"The content in the meme is non-hateful. It is a playful and humorous reference to a muscular Arab, using the term ""protein sheikh"" as a pun.",0
20685,"The content in the meme is hateful. The use of the term ""white trash"" is derogatory and offensive, and the phrase ""you are doing it right"" reinforces negative stereotypes and promotes harmful attitudes towards a particular group of people.",1
20691,"The content in the meme is hateful. The text suggests a negative stereotype by implying that the presence of police is necessary behind a great black man, which can be interpreted as a derogatory statement about the role of law enforcement in relation to black individuals.",1
20693,"The content in the meme is non-hateful. It appears to be a respectful and educational image of a survivor from Auschwitz-Birkenau, a concentration camp during World War II. The mention of ""colored"" suggests that the image has been digitally altered to show the survivor in color, which is a common practice to honor and remember the survivors.",0
20715,"The content in the meme is non-hateful. It appears to be a positive message about enrichinging both the mind and body, and also enrichinging the heart, which is a generally positive and uplifting message.",0
20718,"The content in the meme is hateful. It compares the待遇 of one person with a hijab to another person who was allowed to die on the streets, implying a double standard in terms of treatment and care.",1
20736,"The content in the meme is hateful. The phrase ""go be gay somewhere else"" is derogatory and promotes discrimination against the LGBTQ+ community.",1
20738,"The content in the meme is hateful. The text uses derogatory language and imagery to describe a hypothetical scenario, which is intended to be offensive and derogatory.",1
20739,The content in the meme is non-hateful. It is a humorous statement that uses profanity and a pointing gesture to indicate that the people who care are nearby.,0
20745,"The content in the meme is non-hateful. It is a humorous play on words, suggesting that the person is excited about their new dishwasher, but the text is actually referring to a box, which is a common way to express humor in memes.",0
20749,"The content in the meme is hateful. The text suggests that an ideology is responsible for the deaths of a dozen ""infidels,"" which is a derogatory term for non-Muslims. This language is intended to be offensive and promote hatred towards a specific group of people.",1
20751,"The content in the meme is hateful. The text ""yeah, if you're a goat"" is a derogatory and offensive phrase, and the context of the image, which includes a reference to a political rally, suggests that the meme is intended to be provocative and offensive.",1
20759,The content in the meme is non-hateful.,0
20781,"The content in the meme is non-hateful. It appears to be a promotional message encouraging the viewer to visit the website ""goatsonly.com"" and suggests that one will never be lonely with goats.",0
20786,The content in the meme is non-hateful. It is a humorous and exaggerated scenario that is meant to be funny rather than offensive.,0
20791,"The content in the meme is hateful. The quote from the Quran, ""I will instill terror into the hearts of the un believers: smite ye above their necks and smite all their finger-tips off,"" is considered hateful and violent by many, as it promotes violence and harm towards non-believers.",1
20795,"The content in the meme is non-hateful. It appears to be a positive message expressing support and encouragement for a country, suggesting that it is the best chance for success.",0
20814,The content in the meme is non-hateful. It expresses a sentiment of contentment with one's own home despite changes in the world around them.,0
20815,The content in the meme is non-hateful.,0
20819,The content in the meme is non-hateful.,0
20835,"The content in the meme is hateful. It implies that the person in the image is expressing negative opinions about their country of origin and hopes that it country becomes one where she is not allowed to speak freely, which is a form of hate speech.",1
20837,The content in the meme is hateful.,1
20851,"The content in the meme is non-hateful. The text ""me"" and ""cis girls"" does not contain any offensive or derogatory language.",0
20854,"The content in the meme is non-hateful. It is a humorous comparison between a red sports car and a police car, with the caption suggesting that the difference is easily noticeable because the first car is red.",0
20857,"The content in the meme is non-hateful. It uses a metaphor to describe some people's behavior, comparing them to old televisions that require a physical action to work properly. The language is strong but not directed at any specific group or individual in a hateful manner.",0
20861,"The content in the meme is hateful. The image depicts a person in a white garment with a bomb strapped to their body, and the text ""pretty much sums up islam"" is a derogatory statement that misrepresents Islam and its followers.",1
20867,The content in the meme is hateful.,1
20869,"The content in the meme is hateful. It contains offensive language and makes derogatory remarks about a specific group of people, which is not appropriate or respectful.",1
20873,"The content in the meme is non-hateful. The text ""this isn't even my final form"" is a humorous statement, likely referring to a transformation or evolution, and is not intended to be offensive or hateful.",0
20876,The content in the meme is non-hateful. It is a playful and humorous way of asking if someone needs a new transmission (tranny) for their car.,0
20879,"The content in the meme is hateful. The text suggests a comparison that is intended to be offensive and derogatory, implying a connection to a historical event that is deeply traumatic and sensitive.",1
20891,"The content in the meme is non-hateful. It appears to be a political statement discussing gun control, suggesting that the term ""gun control"" is often misunderstood and implying that it means only the state will have guns. The meme does not contain any explicit hate speech or discriminatory language.",0
20913,The content in the meme is non-hateful.,0
20915,The content in the meme is non-hateful. It is a humorous and light-hearted joke about people calling to complain about a certain individual.,0
20918,"The content in the meme is hateful. It uses a derogatory and stereotypical depiction of a group of people based on their location in Sydney, Australia, and associates them with waste bins, which is a disrespectful and offensive comparison.",1
20931,The content in the meme is non-hateful. It is a humorous statement that acknowledges and admires someone's dedication to their own form of stupidity.,0
20936,"The content in the meme is hateful. The phrase ""white girl wasted"" is often used in a derogatory context to mock or stereotype white women, particularly in party or drinking scenarios.",1
20943,The content in the meme is non-hateful.,0
20945,"The content in the meme is non-hateful. It is a metaphorical statement comparing the act of grabbing guns to castratinging oneself due to the perceived excess of guns in the hands of criminals. The meme is using humor and analogy to make a point about gun control, rather than expressing hate or prejudice.",0
20948,"The content in the meme is hateful. It contains derogatory language and makes offensive remarks about a specific group of people, promoting a negative and discriminatory attitude.",1
20951,"The content in the meme is hateful. The text ""we had a minor gas leak"" is a reference to the Holocaust, where Nazi Germany systematically killed six million Jews and millions of others in concentration camps. The phrase is used to trivialize and downplay the severity of the Holocaust, which is a heinous crime against humanity.",1
20956,The content in the meme is non-hateful. The text clarifies that the image is not related to the Ku Klux Klan but is instead a photo of the 1924 Democratic Convention.,0
20957,"The content in the meme is hateful. The phrases ""jew haters,"" ""demonrat sewage,"" and ""an evil cancer that wants to destroy America"" are derogatory and contain offensive language.",1
20968,"The content in the meme is hateful. The phrase ""all men are dogs"" is derogatory and implies a negative stereotype about men, which is not appropriate or respectful. The additional question ""so which breed is your dad?"" further reinforces this negative stereotype.",1
20971,"The content in the meme is non-hateful. It is a statement about trust and need, which is a common theme in interpersonal relationships.",0
20974,"The content in the meme is hateful. The text ""when mom asks where all the jews went"" is a reference to the Holocaust, which is a deeply offensive and insensitive topic. The use of this phrase in a meme is intended to be provocative and offensive, and it should not be shared or promoted.",1
20978,The content in the meme is non-hateful.,0
20984,The content in the meme is hateful. It makes a derogatory and offensive comparison based on race and implies a negative stereotype about a specific group of people.,1
21035,The content in the meme is non-hateful. It is a humorous and light-hearted statement that is meant to be taken in jest.,0
21038,"The content in the meme is hateful. The phrase ""put'n the 'ham' in mohamed"" is a play on words that is intended to be offensive and derogatory towards Muslims.",1
21043,The content in the meme is non-hateful.,0
21047,"The content in the meme is hateful. The phrase ""this chick can't stand fishing"" is derogatory and implies a negative attitude towards a person who uses a wheelchair, which is a form of ableism and discrimination.",1
21048,"The content in the meme is non-hateful. It is a humorous comparison between cows and trucks, with one cow appearing to be ""drunk"" and the other being a ""milk truck."" The humor is based on the absurdity of the situation rather than any harmful intent.",0
21053,"The content in the meme is hateful. The phrase ""rag head"" is a derogatory term, and the overall message is offensive and discriminatory.",1
21056,The content in the meme is non-hateful. It appears to be a humorous or self-deprecating response to the question about the level of dark humor.,0
21059,The content in the meme is hateful.,1
21063,"The content in the meme is non-hateful. It appears to be a humorous or sarcastic comment, likely intended to mock or express frustration with a particular viewpoint or action.",0
21064,The content in the meme is non-hateful. It is a humorous and sarcastic response to someone being upset.,0
21065,The content in the meme is hateful.,1
21067,The content in the meme is non-hateful. It appears to be a humorous statement about how sometimes people need to be fed misinformation to see who they will trust and believe.,0
21073,"The content in the meme is non-hateful. It is a humorous observation about a person named Harvey who has been chasing the same fly for 13 years, which is a playful and light-hearted joke.",0
21075,"The content in the meme is non-hateful. It appears to be a humorous comparison of the size and legroom of a shuttle bus to a pinto, which is a type of car. The text is light-hearted and does not contain any offensive or hateful language or imagery.",0
21078,"The content in the meme is hateful. The statement ""I prefer gay men to be hung"" is derogatory and promotes harmful and discriminatory attitudes towards the LGBTQ+ community.",1
21083,The content in the meme is non-hateful.,0
21086,The content in the meme is hateful.,1
21089,"The content in the meme is non-hateful. It appears to be a light-hearted and friendly reference to the act of helping each other with household chores, specifically loading dishwashers.",0
21096,"The content in the meme is non-hateful. It appears to be a humorous or sarcastic statement, possibly intended to be taken lightly.",0
21305,"The content in the meme is hateful. The text uses derogatory language and makes harmful and offensive statements about Islam and Muslims, promoting discrimination and intolerance.",1
21309,The content in the meme is non-hateful.,0
21345,The content in the meme is hateful. It contains derogatory language and promotes negative stereotypes about Muslims.,1
21346,"The content in the meme is non-hateful. The meme humorously suggests that a slinky toy is a good Valentine's gift for a girl, which is a playful and light-hearted statement.",0
21347,"The content in the meme is non-hateful. It humorously suggests that offering a sincere compliment on someone's mustache could lead to a change in their friendship status, which is a playful and exaggerated statement rather than an expression of hate or discrimination.",0
21348,The content in the meme is non-hateful.,0
21354,"The content in the meme is non-hateful. It appears to be a humorous or light-hearted statement, possibly referencing a situation where someone is taking on different roles or responsibilities.",0
21364,"The content in the meme is hateful. The image depicts individuals wearing Nazi-style uniforms, which are associated with extreme racism and hatred. The text in the image suggests a critical reflection on the persistence of such ideologies, implying that the lesson of history has not been learned.",1
21385,"The content in the meme is hateful. It contains derogatory and offensive language directed towards a specific religious group, using terms that are intended to harm, degrade, or intimidate individuals based on their religious beliefs.",1
21386,"The content in the meme is non-hateful. It appears to be promoting the Victoria's's Secret Angels across America tour, which is a fashion event.",0
21387,The content in the meme is hateful. It contains offensive language and makes a derogatory statement about a specific ethnic group.,1
21394,"The content in the meme is hateful. The statement ""there is no hindu terrorism in India"" is a claim that is often used to deny the existence of a real and significant issue, which can be seen as a form of denialism. The additional threat, ""what if I say it isn't true? will shoot you dead,"" is a violent and threatening statement that is intended to intimidate and silence others.",1
21403,"The content in the meme is non-hateful. It appears to be a humorous or satirical statement, possibly referencing a well-known figure in a light-hearted or exaggerated manner.",0
21405,"The content in the meme is non-hateful. The text ""remember the past to save the future"" is a message that encourages learning from history to prevent future mistakes or tragedies.",0
21408,"The content in the meme is hateful. It contains offensive and derogatory language, expressing a negative and discriminatory attitude towards women's reproductive rights.",1
21435,The content in the meme is non-hateful. It is a humorous statement about taking action if someone enters a ladies bathroom while one of your friends is inside.,0
21436,The content in the meme is hateful.,1
21439,The content in the meme is non-hateful.,0
21450,The content in the meme is non-hateful.,0
21453,The content in the meme is hateful.,1
21468,"The content in the meme is non-hateful. It appears to be a humorous or sarcastic statement, possibly referencing a situation where someone was looking for a magical experience but ended up with an unexpected outcome.",0
21479,The content in the meme is non-hateful. It is a humorous and light-hearted meme that uses a playful tone to express a common social situation.,0
21486,"The content in the meme is hateful. It promotes a biased and derogatory approach to discussing and attacking critics of Islam, labeling them as racists and dismissing their points as not legitimate because they haven't been personally attacked. This type of rhetoric is intended to discredit and undermine the credibility of the critics, often without addressing the substance of their arguments.",1
21497,The content in the meme is hateful.,1
21504,The content in the meme is non-hateful.,0
21509,"The content in the meme is hateful. The text ""israel is mak ko hijau mother of terrorism"" is a derogatory and offensive statement that targets Israel and its people, using language that is intended to cause harm and incite hatred.",1
21530,The content in the meme is hateful.,1
21534,The content in the meme is non-hateful. It is a humorous observation about looking forward to returning home and enjoying leftover food.,0
21547,The content in the meme is non-hateful.,0
21548,"The content in the meme is hateful. It refers to public lynchings, which are violent acts of mob justice that took place in the United States, particularly against African Americans, during the late 19th and early 20nd centuries. These acts were characterized by extreme violence and were often used to intimidate and suppress African Americans.",1
21560,"The content in the meme is hateful. The use of the phrase ""ya orange bastards"" is a derogatory term that is often associated with negative stereotypes and can be considered offensive.",1
21567,The content in the meme is non-hateful.,0
21569,"The content in the meme is hateful. The text uses derogatory language and makes a harmful and offensive comparison, which is not appropriate or respectful.",1
21583,"The content in the meme is non-hateful. The text ""this is not right"" suggests that the situation depicted is morally wrong or inappropriate.",0
21589,"The content in the meme is non-hateful. It is a humorous observation about the concept of ""born again"" and suggests that personal growth and maturity might be a more straightforward approach.",0
21593,"The content in the meme is hateful. The phrase ""cracka ass crackas"" is a derogatory term used to mock and degrade people of African descent.",1
21598,"The content in the meme is non-hateful. It appears to be a light-hearted illustration showing a diverse group of people engaging in various sports and activities. The text ""when the muslim kids in your class start hanging out with you"" suggests a positive and inclusive message about friendship and inclusivity.",0
21604,The content in the meme is non-hateful.,0
21605,"The content in the meme is hateful. It makes a harmful generalization about Muslims and suggests that their offense to jokes justifies violence, which is a form of hate speech.",1
21607,The content in the meme is non-hateful.,0
21609,"The content in the meme is non-hateful. The text ""holocaust makes me sad!"" expresses a sentiment of empathy and sadness towards the Holocaust, which is a tragic event in history.",0
21637,The content in the meme is non-hateful.,0
21640,"The content in the meme is non-hateful. It is a humorous observation about a waitress dating the new dishwasher, which is a light-hearted and relatable scenario.",0
21643,"The content in the meme is non-hateful. It appears to be a humorous image of a person wearing a pig mask and standing in a field, with the caption suggesting that the person is peeing standing up. The humor is likely derived from the absurdity of the situation rather than any offensive content.",0
21647,The content in the meme is hateful.,1
21648,"The content in the meme is hateful. It promotes negative stereotypes and encourages violent behavior, which is not appropriate or constructive.",1
21650,"The content in the meme is non-hateful. It is a humorous observation about fashion trends, suggesting that wearing an all-black outfit is now considered fashionable, akin to the color grey.",0
21653,The content in the meme is hateful. It contains derogatory language and makes offensive remarks about a specific group of people.,1
21659,"The content in the meme is non-hateful. The text ""asian child with her pet"" is a neutral description of the image, indicating that the child is Asian and she has a pet. There is no indication of any negative or offensive connotations in the text.",0
21674,The content in the meme is hateful. It contains derogatory and offensive language directed towards a specific group of people based on their skin color.,1
21693,The content in the meme is non-hateful. It appears to be a humorous or ironic statement about a purchase price being higher after an incident of theft.,0
21698,"The content in the meme is non-hateful. It humorously suggests that a painting of the Quran will soon be created, which is a positive and non-offensive message.",0
21704,"The content in the meme is non-hateful. The text is a humorous play on the idea of someone who is not black but expects their children to be, which is a common internet meme format.",0
21706,The content in the meme is hateful.,1
21730,"The content in the meme is non-hateful. The text ""live. laugh. love"" is a positive and uplifting message, and the image shows a person laughing, which alignss with the theme of joy and positivity.",0
21739,The content in the meme is non-hateful.,0
21740,The content in the meme is hateful.,1
21746,"The content in the meme is hateful. The phrase ""white trash"" is a derogatory term used to describe people of lower socioeconomic status, often in a racist context. The meme uses this term in a negative and offensive manner.",1
21748,The content in the meme is non-hateful.,0
21749,The content in the meme is non-hateful.,0
21753,"The content in the meme is non-hateful. It appears to be a humorous and light-hearted reference to a social gathering or event, possibly involving a group of friends or a community event. The phrase ""ready to go to the hoe down"" is a playful way of saying they are excited and prepared to have a good time.",0
21769,"The content in the meme is hateful. It contains derogatory and harmful language directed towards a specific racial group, promoting negative stereotypes and encouraging harmful actions against them.",1
21780,"The content in the meme is hateful. The text references mandatory vaccinations with no exemptions and uses a phrase that is a play on words, ""I do nazi the problem...."", which is a reference to the Nazi regime in Germany. This is a form of hate speech and is intended to be offensive and derogatory.",1
21804,"The content in the meme is non-hateful. It appears to be a humorous or sarcastic comment about someone's attractiveness and potential, without any explicit or implicit hate towards any group or individual.",0
21809,The content in the meme is non-hateful.,0
21835,The content in the meme is hateful.,1
21836,"The content in the meme is non-hateful. It appears to be a humorous or sarcastic statement about someone's age and their dental situation, along with a comment about the viewer's lack of understanding of how to live.",0
21849,"The content in the meme is non-hateful. The text ""march 8th international women's day"" is a reference to International Women's Day, which is a global day to celebrate women's achievements and promote gender equality. The image of cars piled up does not convey any negative or hateful message related to women.",0
21850,"The content in the meme is non-hateful. It promotes rights and principles that are universally accepted, such as the right to love who you want, equal pay, respect, the right to become a citizen, and the right to work hard like everyone else.",0
21853,"The content in the meme is non-hateful. The text ""pure american muscle"" refers to a classic American muscle car, which is a positive and non-offensive reference.",0
21859,The content in the meme is non-hateful. It appears to be a humorous or sarcastic comment about a hotel receptionist's response to a guest's request for porn to be disabled in their room.,0
21863,"The content in the meme is non-hateful. The text ""farming 1800"" refers to historical farming practices from the 1800s, which is a factual statement and does not contain any offensive or discriminatory language.",0
21869,"The content in the meme is non-hateful. The phrase ""laughs in goat-fucker"" is a humorous expression that is not intended to be offensive or derogatory.",0
21890,The content in the meme is hateful.,1
21903,"The meme is non-hateful. It promotes unity and support for the United States, as indicated by the text ""we're all americans and we're in this together."" The banners support Trump's 2020 campaign and the phrase ""KEEP AMERICA GREAT!"" The second image shows a group of people celebrating, which is generally considered a positive and non-hateful context.",0
21904,"The content in the meme is non-hateful. It is a humorous observation about a practical feature of dishwashers, which is not intended to be offensive or hateful.",0
21908,The content in the meme is non-hateful.,0
21930,The content in the meme is non-hateful.,0
21936,The content in the meme is non-hateful. It is a humorous and sarcastic statement about the idea of getting revenge by leaving someone alone.,0
21943,The content in the meme is non-hateful.,0
21946,"The content in the meme is hateful. It contains offensive language and makes derogatory remarks about a person with a disability, using the term ""retarded"" which is considered offensive and outdated.",1
21948,The content in the meme is non-hateful. It is a scenario-based question asking for advice on how to respond if someone grabs a girl's ass in a bar.,0
21950,"The content in the meme is non-hateful. The text ""first gay pride parade! can't wait! making history"" suggests excitement and celebration, indicating a positive and supportive attitude towards the gay pride parade.",0
21957,"The content in the meme is non-hateful. The text is a response to a hypothetical question about whether the person hates women and minorities, and it uses the term ""cringe"" to express disapproval or sarcasm, rather than expressing hate or prejudice.",0
21963,The content in the meme is non-hateful. It appears to be a political message encouraging support for a candidate in the 2020 election.,0
21973,The content in the meme is non-hateful.,0
21978,"The content in the meme is non-hateful. It appears to be a humorous or playful message, possibly intended as a joke or a light-hearted comment.",0
21986,"The content in the meme is non-hateful. It shows two children in a hospital setting, with one child lying on a bed with visible surgical scars. The text ""child hospitalized"" indicates that the children are receiving medical care.",0
23014,"The content in the meme is non-hateful. The text ""lookin fly for london fashion week"" is a playful and positive comment about someone's appearance, suggesting they look stylish and fashionable.",0
23018,The content in the meme is non-hateful. It is a humorous observation about the necessity of making sandwiches manually rather than having them make themselves.,0
23045,The content in the meme is non-hateful. It is a humorous and light-hearted meme that plays on the unexpected and sometimes awkward situations that can occur during intimate moments.,0
23046,"The content in the meme is hateful. The word ""jewish"" is used in a derogatory manner, which is not appropriate or respectful.",1
23047,The content in the meme is non-hateful.,0
23048,The content in the meme is non-hateful. It expresses a welcoming message to everyone.,0
23054,The content in the meme is non-hateful.,0
23058,The content in the meme is non-hateful. It is a positive message encouraging people not to be afraid to love again and reminding them that not everyone is like their ex-partner.,0
23059,"The content in the meme is non-hateful. It is a humorous and light-hearted comment that plays on the idea of comparing a child being described as an ""angel"" to the biblical figure Lucifer, who was once an angel but fell from grace. The meme uses humor to make a point rather than expressing hate or negativity.",0
23061,"The content in the meme is non-hateful. It appears to be a humorous observation about a situation where someone predicts an event (in this case, the arrest of a public figure - and then experiences a sudden change in circumstances.",0
23065,"The content in the meme is non-hateful. The text ""this would be racist but everyone is created equal"" suggests a discussion about equality and race, rather than promoting or endorsing hate speech.",0
23068,The content in the meme is non-hateful. It appears to be a factual statement about Ilhan Omar's participation in a House Education and Labor Committee markup.,0
23071,The content in the meme is non-hateful. It humorously expresses relief at not having to see an ex-future mother-in-law anymore.,0
23074,"The content in the meme is non-hateful. It appears to be a humorous or satirical message, likely referencing a situation where someone is advised not to drop the soap, which is a phrase used to caution against taking a sudden, drastic action that could lead to negative consequences.",0
23075,The content in the meme is hateful.,1
23076,The content in the meme is hateful. It contains a stereotype and a historical reference that is intended to be derogatory.,1
23091,The content in the meme is non-hateful. It is a humorous observation about a common childhood experience.,0
23094,"The content in the meme is non-hateful. The text ""mexicans road trip"" suggests a travel theme and does not contain any offensive or derogatory language.",0
23096,"The content in the meme is hateful. The phrases ""black no felony"" and ""cereal no milk.. keep it going"" are derogatory and promote negative stereotypes.",1
23106,The content in the meme is non-hateful.,0
23109,The content in the meme is non-hateful. It appears to be a humorous observation about societal norms and expectations regarding morals and biology.,0
23140,The content in the meme is non-hateful.,0
23154,The content in the meme is non-hateful.,0
23158,"The content in the meme is hateful. It implies that therapy dogs are being trained to console rape victims of Muslims, which is a harmful and discriminatory statement.",1
23159,The content in the meme is non-hateful. It is a friendly and positive message encouraging people to visit a specific page and wish someone a happy Easter.,0
23164,The content in the meme is non-hateful. It is a playful and humorous meme that uses a visual pun to make a light-hearted joke.,0
23174,"The content in the meme is non-hateful. It is a humorous and light-hearted illustration that plays on a common misunderstanding or joke involving the phrase ""sweet dreams,"" which can be interpreted as a wish for a good night's sleep, but in this context, it is humorously misapplied to a diabetic person, who might have a different interpretation of the phrase.",0
23175,"The content in the meme is hateful. The statement ""all men are pigs"" is derogatory and implies a negative stereotype about men, while ""women are equal to men"" is a statement that supports gender equality. However, the overall message of the meme is negative and harmful towards men.",1
23178,"The content in the meme is non-hateful. The text ""it says right here we can bang goats"" is a playful and humorous statement, likely intended as a joke or a light-hearted comment.",0
23187,The content in the meme is non-hateful.,0
23197,"The content in the meme is non-hateful. It is a humorous play on the branding of a popular headphone brand, using the name ""beats by Tyrone"" to create a joke.",0
23198,The content in the meme is non-hateful.,0
23401,"The content in the meme is non-hateful. It is a humorous observation about the presence of a dog in a bathroom with children, suggesting that the dog is not wanted in the same space as the wives.",0
23407,The content in the meme is non-hateful. It is a humorous and light-hearted meme that makes a playful reference to dodging a slap from one's mother.,0
23408,The content in the meme is non-hateful.,0
23415,The content in the meme is non-hateful. It appears to be a humorous or satirical statement about the unexpected cost of a purchase after an incident of theft.,0
23416,"The content in the meme is non-hateful. It appears to be a humorous or satirical statement, possibly making light of a situation or event involving Michelle Obama.",0
23419,"The content in the meme is non-hateful. The text ""Islamic prayers answered"" suggests a positive or informative context, likely related to providing answers or guidance on Islamic prayers.",0
23450,"The content in the meme is non-hateful. The text ""i'm beautiful!"" is a positive statement expressing self-confidence and self-acceptance.",0
23456,"The content in the meme is hateful. The text suggests a contrast between societal acceptance of same-sex relationships and religious condemnation, implying that the latter is considered an ""abomination"" by a certain religious perspective.",1
23459,"The content in the meme is non-hateful. It is a humorous statement that acknowledges and admires someone's dedication to a particular type of behavior or mindset, without expressing any negative or offensive attitudes.",0
23467,The content in the meme is hateful.,1
23476,"The content in the meme is non-hateful. The text ""stomp on my flag i'll pound your ass"" is a statement of defiance and threat, but it does not contain any explicit hate speech or targeted harassment towards any particular group or individual.",0
23478,"The content in the meme is hateful. The text implies a negative stereotype about African cuisine and suggests that those in the image have not experienced it, which can be seen as derogatory and offensive.",1
23485,"The content in the meme is non-hateful. It appears to be a humorous or light-hearted question, possibly related to a religious context, asking if sins are forgiven.",0
23498,The content in the meme is non-hateful.,0
23501,"The content in the meme is non-hateful. The text humorously contrasts the situation of Muslims in 2001, when the September 11 attacks occurred, with the representation of Muslims in Congress in 2019, and suggests defunding homeland security. It is a satirical take on the political climate and does not contain any explicit hate speech or derogatory content.",0
23504,"The content in the meme is hateful. The term ""white trash"" is a derogatory and offensive term used to describe people based on their race and social class, often associated with negative stereotypes and discrimination.",1
23510,"The content in the meme is hateful. It contains offensive language and makes derogatory remarks about Muslims during Ramadan, a significant religious observance.",1
23514,"The content in the meme is non-hateful. The text ""diversity is our greatest strength"" promotes inclusivity and appreciation of diversity.",0
23519,"The content in the meme is non-hateful. The text ""I'm not a racist"" is a statement that indicates the person is not expressing racist beliefs or actions.",0
23564,The content in the meme is non-hateful. It appears to be a humorous or sarcastic exchange between a father and son about the son's request for a car.,0
23570,The content in the meme is hateful. It contains a derogatory and offensive statement that implies that a person's consent can be overridden based on their dyslexia. This is not only disrespectful but also promotes harmful stereotypes and discrimination.,1
23576,"The content in the meme is non-hateful. It is a humorous statement about cleaning up one's friends list, which is a common social media activity.",0
23578,"The content in the meme is non-hateful. The text ""when each letter is cool"" suggests a positive and inclusive message, and the image of people of different colors around the globe reinforces a sense of unity and diversity.",0
23581,"The content in the meme is hateful. It implies that people who show intolerance towards other religions expect the highest level of tolerance for their own, which is a form of hypocrisy and can be considered hateful.",1
23615,The content in the meme is non-hateful.,0
23619,"The content in the meme is non-hateful. It is a casual conversation about plans for a party tonight, with a friendly response indicating willingness to attend.",0
23645,The content in the meme is non-hateful. It is a humorous observation about the commonality between a slinky toy and a person who enjoys pushing them down the stairs.,0
23648,The content in the meme is hateful.,1
23657,The content in the meme is non-hateful.,0
23681,"The content in the meme is hateful. The text suggests that the flag of South Africa represents ""white genocide,"" which is a derogatory and offensive term.",1
23690,"The content in the meme is hateful. The text ""stop the racism.."" followed by ""we were all white once..."" suggests a harmful and offensive comparison that is intended to be derogatory.",1
23694,"The content in the meme is hateful. It contains threatening and violent language directed against non-Muslims, which is considered hateful speech.",1
23698,"The content in the meme is non-hateful. The text describes a family from Mexico crossing the border, which is a factual statement and does not contain any derogatory or offensive language.",0
23705,"The content in the meme is non-hateful. It appears to be a humorous statement about the concept of ""liberal privilege,"" which is often discussed in social and political contexts. The meme suggests that the individual's status or background has protected them from negative consequences, in this case, prison.",0
23715,"The content in the meme is hateful. It promotes a false and harmful stereotype about Sharia law and suggests that it is coming to a city near the viewer, which can be perceived as a threat or an invasion of privacy.",1
23745,The content in the meme is non-hateful.,0
23746,"The content in the meme is hateful. The image of a noose with the text ""official muslim refugee checkpoint"" is intended to be provocative and is likely meant to convey a message of hatred or discrimination against Muslims.",1
23748,"The content in the meme is non-hateful. It features a character from the children's television show ""Sesame Street,"" which is known for its educational and inclusive programming.",0
23751,The content in the meme is hateful. The text suggests a negative stereotype and is intended to be provocative and offensive.,1
23754,"The content in the meme is hateful. The text ""black people are trying to wake up"" is a derogatory and offensive statement that implies that black people are not fully aware or conscious, which is a harmful and discriminatory stereotype.",1
23759,The content in the meme is hateful.,1
23760,The content in the meme is hateful.,1
23761,The content in the meme is non-hateful.,0
23785,"The content in the meme is non-hateful. It is a reference to the classic fairy tale ""Hansel and Gretel,"" which is indeed known for its dark and scary elements. The text in the image is a humorous take on the story, suggesting that the witch in the tale is so scary that she should be thrown into the oven.",0
23790,"The content in the meme is non-hateful. It is a humorous response to a comment, using the hashtag #thanksgivingclapback, which suggestsively implies that the uncle is not the only one with hair and the speaker is not the only one with kids.",0
23794,The content in the meme is hateful.,1
23795,The content in the meme is non-hateful. It expresses sympathy and support for the victims of a tragic event.,0
23806,"The content in the meme is non-hateful. It is a humorous and potentially offensive joke that makes light of the survey result about men's knowledge of dishwashers, but it does not contain any hate speech or discriminatory language.",0
23807,"The content in the meme is non-hateful. It appears to be a humorous statement about the crime rate in the United States, suggesting that laughter is involved in 52% of crime incidents.",0
23810,"The content in the meme is hateful. The text ""these aren't people"" implies a dehumanizing or derogatory attitude towards the individuals in the image.",1
23815,"The content in the meme is hateful. The text implies a negative stereotype about the neighbors, suggesting that they are of a different race or ethnicity, and the phrase ""proved him wrong"" reinforces this negative stereotype.",1
23817,"The content in the meme is non-hateful. The term ""sea monkeys"" is often used humorously to refer to a type of toy that resembles monkeys and is sold as a novelty item. It is not intended to be offensive or hateful.",0
23841,"The content in the meme is non-hateful. It is a humorous and light-hearted comment about a group of four individuals, usingfully referred to as ""the gang of four.""",0
23845,The content in the meme is hateful.,1
23849,"The content in the meme is hateful. The statement ""guns don't kill people, Clintons kill people"" is a political statement that targets a specific individual and group, and it is often associated with conspiracy theories and hate speech.",1
23851,"The content in the meme is hateful. The text explicitly states that the person on the left believes they are genetically superior to the person on the right, which is a form of racial superiority and can be considered hateful.",1
23854,The content in the meme is non-hateful.,0
23859,"The content in the meme is non-hateful. It is a humorous reference to Eminem's rap style and his association with the Juggalo subculture, suggesting that he couldn't be a part of it due to his music style.",0
23864,"The content in the meme is non-hateful. It appears to be a positive message of gratitude and resilience, celebrating the survival of an individual who has overcome the Ebola virus.",0
23875,"The content in the meme is non-hateful. The text ""the feeling of the first dance"" is a playful and light-hearted phrase, and the image of the walrus does not convey any negative or offensive connotations.",0
23897,"The content in the meme is non-hateful. It uses a humorous and fictional reference to the ""Fire Nation"" from the animated series ""Avatar: The Last Airbender"" to comment on a tragic event in New York City. The meme is not intended to cause harm or offense to any group of people.",0
23901,The content in the meme is non-hateful.,0
23905,"The content in the meme is non-hateful. It depicts a Muslim couple taking a selfie, which is a common and non-controversial activity.",0
23907,"The content in the meme is non-hateful. It is a humorous and ironic statement that plays on the idea that while one might not be able to choose their bedtime, they can choose their gender. The meme uses humor to highlight the absurdity of certain societal norms and expectations.",0
23908,The content in the meme is non-hateful.,0
23910,"The content in the meme is non-hateful. The text is a playful and humorous comment about the appearance of the baby, suggesting that the baby looks like it pays his own child support.",0
23940,The content in the meme is non-hateful. It is a factual statement about the behavior of monkeys.,0
23954,The content in the meme is non-hateful. It appears to be a political statement or opinion about a person's political career and their stance on a current political issue.,0
23957,"The content in the meme is hateful. The phrase ""they can't un-rape you"" is a derogatory and offensive statement that implies a negative stereotype about a particular group of people.",1
23961,The content in the meme is hateful. The text implies a negative stereotype and is derogatory towards a person named Abdul.,1
23968,The content in the meme is non-hateful. It is a humorous meme that plays on the idea of starting law enforcement careers at a young age.,0
23971,"The content in the meme is hateful. The statement implies exclusivity and discrimination against white women, suggesting that inclusivity is only for women of color and not for white women.",1
24019,"The content in the meme is hateful. The text ""lawn darts muslim style"" is a derogatory and offensive phrase that implies a negative stereotype and is intended to be insulting.",1
24038,The content in the meme is non-hateful. It is a humorous take on the debate around gender pronouns and the importance of using the correct pronouns for individuals. The meme is making a light-hearted comment about the absurdity of the situation rather than expressing any form of hate or discrimination.,0
24039,"The content in the meme is non-hateful. It appears to be a humorous or lighthearted statement, possibly indicating that the person is out of ideas or inspiration for a creative activity.",0
24051,"The content in the meme is non-hateful. It presents immigrants as people who want a better life, which is a positive and non-confrontational message.",0
24061,The content in the meme is non-hateful. It expresses an opinion about the absence of Hindu terrorism in India and invites respect for differing viewpoints.,0
24067,"The content in the meme is non-hateful. It is an advertisement for a website called ""incestry.com"" that suggests that one's family story is waiting to be discovered. The meme uses a cute image of a dog with puppies to attract attention to the website.",0
24069,"The content in the meme is non-hateful. It appears to be a playful or humorous statement, possibly implying that girls with smart mouths should be treated with respect and appreciation.",0
24083,The content in the meme is non-hateful.,0
24095,The content in the meme is non-hateful. It provides a fact about the prevalence of red hair in the human population without any negative or discriminatory connotations.,0
24098,"The content in the meme is non-hateful. The text ""thanksgiving in china"" suggests a humorous comparison or cultural reference, but it does not contain any offensive or derogatory language or imagery.",0
24106,The content in the meme is non-hateful.,0
24108,"The content in the meme is non-hateful. It is a humorous meme that uses a picture of Bill Cosby and a wine glass to make a joke about the consequences of sleeping in ( ""you snooze... you lose!""",0
24109,"The content in the meme is non-hateful. The text ""pride week"" suggests a celebration of LGBTQ+ pride, which is generally a positive and inclusive event. The image of a person covering their face with their hand might be interpreted as a humorous or ironic gesture, but it does not convey any explicit hate or negativity towards the pride week event.",0
24130,The content in the meme is non-hateful.,0
24135,The content in the meme is non-hateful. It is a humorous and light-hearted message that is commonly used as a goodnight wish.,0
24157,"The content in the meme is hateful. The phrase ""the jew jew train"" is a derogatory and offensive term that targets Jewish people.",1
24165,"The content in the meme is non-hateful. The text ""blackpeoplemeet.com"" is a website address for an online dating platform that connects people of African descent.",0
24178,The content in the meme is non-hateful.,0
24189,"The content in the meme is hateful. The phrase ""n****r"" is a derogatory term that is considered offensive and racist. The meme's use of this term in multiple languages is intended to be provocative and offensive.",1
24197,"The content in the meme is hateful. The phrase ""kenyan shit"" is a derogatory and offensive term that is used to insult or demean individuals based on their nationality.",1
24309,"The content in the meme is non-hateful. It is a light-hearted and humorous response to a question about favorite characters from the TV show ""The Golden Girls.""",0
24316,"The content in the meme is hateful. It makes a derogatory and offensive joke about a person's appearance, implying that sharks avoid attacking them because they mistake them for a whale. This type of humor is not appropriate and can be considered offensive.",1
24317,"The content in the meme is non-hateful. It appears to be a social commentary or a humorous observation about a situation where someone has obtained something they wanted (in their fix), but not something else (their kids). The context and tone suggest it is meant to be a light-hearted or ironic statement rather than hateful.",0
24319,"The content in the meme is non-hateful. It appears to be a commentary on the legal outcomes of different individuals, questioning why one person was convicted while others were not.",0
24351,The content in the meme is non-hateful. It tells a heartwarming story about twins who were separated at birth and found each other after 50 years.,0
24356,"The content in the meme is non-hateful. It is a light-hearted and educational meme that uses tomatoes to illustrate that something can be both a fruit and a vegetable, which is a common point of confusion.",0
24357,The content in the meme is non-hateful.,0
24368,"The content in the meme is non-hateful. The text conveys a message of warning against ignorance and hate, suggesting that these qualities will ultimately lead to shame.",0
24376,The content in the meme is non-hateful. It is a humorous expression that uses a metaphor to describe a reaction to someone's stupidity.,0
24380,"The content in the meme is non-hateful. It is a humorous observation about the convenience of having a dishwasher that is ready for another load, suggesting that it means the dishwasher is full and ready for use again.",0
24389,The content in the meme is non-hateful.,0
24390,"The content in the meme is non-hateful. It is a humorous take on a common phrase, suggesting that consent should be explicitly given (""yes"") rather than assumed (""no means no unless she says yes"").",0
24395,"The content in the meme is hateful. It contains derogatory and offensive language, making it clear that it is intended to harm or offend a particular group of people based on their religion and gender.",1
24396,"The content in the meme is hateful. It contains derogatory and offensive language, making light of sexual orientation and gender identity.",1
24397,"The content in the meme is non-hateful. It presents a neutral and factual statement about the hijab, which is a headscarf worn by Muslim women in public, and emphasizes that it is their choice to do so.",0
24501,"The content in the meme is non-hateful. It is a humorous and light-hearted reference to a situation where one of your neighbor's goats strays away from the herd, suggesting that it might be a job for someone to handle the situation.",0
24519,"The content in the meme is non-hateful. It is a humorous play on words using the phrase ""in a relationsheep"" to create a pun, combining ""relationship"" with ""sheep.""",0
24537,The content in the meme is hateful.,1
24538,"The content in the meme is non-hateful. It shows a group of people taking a selfie, which is a common and friendly activity. There is no indication of any hate speech or offensive content in the image.",0
24567,The content in the meme is non-hateful.,0
24570,The content in the meme is non-hateful.,0
24573,The content in the meme is non-hateful. It is a humorous and non-threatening question about the appearance of the skin.,0
24576,The content in the meme is non-hateful.,0
24579,The content in the meme is non-hateful. The text promotes peace and love as values associated with Islam and suggests providing healthcare for Muslims.,0
24580,The content in the meme is non-hateful. It is a humorous and relatable meme that uses a cat with wet fur to convey the feeling of trying to stay positive despite having a rough day.,0
24581,"The content in the meme is non-hateful. The meme is a visual representation of the importance of being cautious around pedestrians, emphasizing the potential dangers of not paying attention to them.",0
24586,"The content in the meme is non-hateful. The text ""laundry day"" suggests a playful or lighthearted theme, possibly referring to a day dedicated to washing clothes.",0
24593,"The content in the meme is hateful. It makes a comparison between the actions of Jesus Christ and Adolf Hitler, trivializing the Holocaust, and uses offensive language.",1
24603,"The content in the meme is non-hateful. It appears to be a humorous or playful statement, likely referencing a popular song or phrase.",0
24607,The content in the meme is non-hateful. It is a humorous observation about the discovery of oil in Australia and the implication that this discovery is not a significant event because Australia already has democracy.,0
24630,"The content in the meme is hateful. The text suggests a derogatory and offensive comment about the smell associated with a specific group of people, which is a form of hate speech.",1
24631,"The content in the meme is hateful. The text and the image combined suggest a derogatory and offensive comment, implying that the person in the image is not being addressed correctly and is being mocked for their appearance.",1
24650,"The content in the meme is non-hateful. It appears to be a humorous or suggestive comment, possibly related to a specific context or joke that is not provided in the image.",0
24651,The content in the meme is non-hateful.,0
24653,The content in the meme is non-hateful.,0
24658,The content in the meme is hateful. The text uses derogatory language and makes offensive remarks about a specific group of people.,1
24687,The content in the meme is non-hateful.,0
24689,The content in the meme is non-hateful.,0
24698,The content in the meme is non-hateful.,0
24713,The content in the meme is non-hateful.,0
24730,"The content in the meme is non-hateful. It is a humorous and informative meme about quokkas, a species of marsupial, and their behavior of tossing their babies at predators to protect them.",0
24738,The content in the meme is non-hateful.,0
24751,The content in the meme is non-hateful.,0
24756,The content in the meme is hateful.,1
24765,"The content in the meme is non-hateful. It is a humorous take on the idea of a gun range being referred to as a ""2nd amendment theme park,"" suggesting that it is a place where people can engage in activities related to the Second Amendment of the United States Constitution in a recreational or theme park-like setting.",0
24769,"The content in the meme is non-hateful. It appears to be a satirical or humorous statement, possibly making light of a hypothetical scenario involving chip implants.",0
24781,The content in the meme is non-hateful. It is a birthday greeting with a playful and light-hearted message.,0
24783,"The content in the meme is hateful. The text implies that those who fought for independence neglected to address the issue of slavery, which is a sensitive and controversial historical topic. The use of the word ""forgot"" in a way that suggests negligence or oversight is intended to be provocative and offensive.",1
24791,"The content in the meme is non-hateful. It is a positive and appreciative depiction of African cuisine, expressing enjoyment and appreciation for the food.",0
24806,"The content in the meme is hateful. It makes a derogatory and offensive comparison between men with beards and women with hair in their vaginas, perpetuating harmful stereotypes and biases.",1
24810,"The content in the meme is non-hateful. It is a humorous and exaggerated statement about a steak being so dark that it stole a television, which is intended to be funny rather than offensive.",0
24815,"The content in the meme is non-hateful. It refers to a significant historical event that affected New York City, specifically the terrorist attacks on September 11, 2001.",0
24835,"The content in the meme is hateful. It promotes divisiveness and discrimination based on religion, suggesting that Hindus are solely responsible for crimes in religious-based riots and that they will not be held guilty even if they are victims.",1
24836,"The content in the meme is non-hateful. It expresses a strong opinion about the government's actions regarding the treatment of helpless babies, but it does not contain any direct hate speech or targeted discrimination against any group.",0
24851,"The content in the meme is non-hateful. The image shows a man holding and kissing a baby, which is a positive and affectionate scene. The text ""how to get a black guy to see his baby"" is neutral and does not contain any offensive language or stereotypes.",0
24853,The content in the meme is hateful.,1
24857,"The content in the meme is non-hateful. It appears to be a humorous meme using the phrase ""too much ram not enough dodge"" to play on the words ""ram"" (a type of computer memory) and ""dodge"" (a driving to avoid something.",0
24859,"The content in the meme is hateful. It implies a discriminatory attitude towards illegal immigrants, suggesting that they are unwanted in one's own home district but are welcome in someone else's.",1
24860,The content in the meme is hateful. It contains derogatory and harmful language directed towards a specific group of people based on their sexual orientation.,1
24861,"The content in the meme is hateful. It contains a derogatory and insensitive joke about blind people, which is inappropriate and disrespectful.",1
24865,The content in the meme is non-hateful.,0
24870,The content in the meme is non-hateful.,0
24875,The content in the meme is non-hateful. It is a light-hearted statement about the effects of makeup.,0
24876,"The content in the meme is hateful. The text ""time to get rotissified"" is a derogatory phrase that implies a negative outcome for a group of people, which is not appropriate or respectful.",1
24891,The content in the meme is non-hateful.,0
24905,"The content in the meme is non-hateful. It is a humorous and light-hearted meme that plays on the idea of NASCAR, a popular American motorsport, and the Walmart 500, a race held at the Talladega Superspeedway in Alabama. The meme humorously suggests that an elderly person is driving a scooter, which is a playful and non-threatening reference to the race.",0
24907,"The content in the meme is non-hateful. The text ""oh look, men"" is a humorous and light-hearted comment, likely intended to be a playful observation rather than an expression of hate or prejudice.",0
24918,"The content in the meme is non-hateful. It appears to be a humorous or informative statement about the evolution of check engine lights, possibly in the context of a car dealership named Autostadt.",0
24931,"The content in the meme is non-hateful. The text suggests a humorous or critical observation about the British public's ability to identify or address a particular issue, without any direct reference to hate or discrimination.",0
24958,The content in the meme is non-hateful.,0
24967,"The content in the meme is hateful. It contains racist and offensive language, promoting negative stereotypes and discrimination against a specific racial group.",1
24971,The content in the meme is non-hateful.,0
24973,"The content in the meme is non-hateful. It is a humorous observation about driving directions in England and Canada, using a light-hearted manner.",0
24975,The content in the meme is non-hateful.,0
24980,"The content in the meme is non-hateful. It appears to be a humorous or satirical statement, possibly implying that the police officer is so confident or arrogant that they believe they have a right to shoot people.",0
24986,The content in the meme is non-hateful.,0
25013,The content in the meme is hateful.,1
25017,"The content in the meme is hateful. The phrase ""tranny problems"" is a derogatory term used to mock or insult transgender individuals.",1
25037,The content in the meme is non-hateful.,0
25061,The content in the meme is hateful.,1
25063,"The content in the meme is non-hateful. The meme humorously refers to a dog as a ""fur missile,"" which is a playful and light-hearted way to describe the dog's appearance and movement.",0
25067,"The content in the meme is non-hateful. The text refers to the movie ""Rise of the Planet of the Apes,"" which is a science fiction film.",0
25068,"The content in the meme is non-hateful. It is a humorous reference to a popular rapper, 50 Cent, and a play on words related to the currency in Zimbabwe.",0
25071,"The content in the meme is non-hateful. It appears to be a motivational or provocative statement, possibly related to a group or community known as ""Anons,"" encouraging them to stay involved and suggesting that there will be significant events or changes. The context is more about anticipation and excitement rather than hate or negativity.",0
25079,The content in the meme is non-hateful.,0
25093,The content in the meme is non-hateful.,0
25096,"The content in the meme is non-hateful. It is a humorous comparison, suggesting that the person has walked a significant distance, which is humorously likened to the Bataan Death March, a historical event.",0
25097,"The content in the meme is non-hateful. The text references characters from the Star Wars franchise, specifically Chewbacca and the Ewoks, and does not contain any offensive or derogatory language.",0
25103,"The content in the meme is hateful. The text suggests a negative outcome for being gay in a Muslim country, which is a harmful and discriminatory statement.",1
25107,"The content in the meme is hateful. The text implies that the person named Tyrone is guilty of theft, using derogatory language, and making a racial slur.",1
25109,"The content in the meme is non-hateful. It is a question about the possibility of a terrorist infiltrating the government, which is a matter of concern and discussion rather than an expression of hate or prejudice.",0
25137,"The content in the meme is non-hateful. It is a humorous statement that plays on the idea that someone finds something offensive while the speaker finds it funny, implying that the speaker is therefore happier.",0
25149,The content in the meme is non-hateful. It is a humorous and light-hearted joke that uses a play on words to make a point about being intolerant of certain physical characteristics.,0
25164,"The content in the meme is non-hateful. The text ""Washington and Cornwallis at Laguardia"" appears to be a playful reference to historical figures George Washington and Charles Cornwallis, possibly in a humorous or fictional context.",0
25168,"The content in the meme is non-hateful. It is a humorous reference to Wilford Brimley, a well-known actor, and does not contain any offensive or hateful language or imagery.",0
25170,The content in the meme is non-hateful. It appears to be a humorous or sarcastic statement about a person's husband's behavior.,0
25174,"The content in the meme is non-hateful. It appears to be a humorous statement, likely intended to express frustration or indifference.",0
25178,"The content in the meme is hateful. It contains derogatory and offensive statements about Muslims, using stereotypes and making unfounded claims about their practices.",1
25179,"The content in the meme is hateful. It uses a metaphor to suggest that Muslims are dangerous or harmful, implying that a small percentage of Muslims could be harmful, similar to a small percentage of M&Ms being poisoned. This type of language is intended to create fear and discrimination against Muslims.",1
25180,The content in the meme is hateful.,1
25189,"The content in the meme is hateful. It contains derogatory language and makes unfounded accusations about a specific individual and their perceived actions, which can be considered as hate speech.",1
25193,"The content in the meme is hateful. It implies that because black people were around during slavery, they should also be removed or eradicated, which is a harmful and racist statement.",1
25197,"The content in the meme is non-hateful. It is a humorous take on a grammar question, with the answer being a play on words rather than any form of hate speech.",0
25198,"The content in the meme is non-hateful. It is a humorous observation about the practice of throwing rice at weddings, questioning the waste of food.",0
25310,"The content in the meme is hateful. The joke is offensive and makes light of racial stereotypes, which is not appropriate or respectful.",1
25314,"The content in the meme is hateful. The phrase ""tranny savage"" is a derogatory term used to insult and demean individuals based on their gender identity and sexual orientation.",1
25318,The content in the meme is hateful. It contains derogatory language and makes a negative comparison based on gender and sexual orientation.,1
25340,"The content in the meme is hateful. The text suggests a call to action to kill as many people as possible and implies a negative view of the government, which can be considered hateful rhetoric.",1
25341,The content in the meme is non-hateful. It is a humorous birthday greeting with a playful and light-hearted tone.,0
25361,The content in the meme is non-hateful.,0
25367,"The content in the meme is hateful. It contains a false and offensive statement about Jews, suggesting that Jews are responsible for a large number of deaths in Russia from 1918 to 1957, which is a historical and factual distortion.",1
25368,The content in the meme is hateful.,1
25369,"The content in the meme is hateful. The phrase ""banging a squirter"" is a derogatory term used to mock and belittle gay men culture, particularly in reference to the use of water guns at pride parades. The text ""not fun for a gay man"" further reinforces this negative and offensive message.",1
25370,"The content in the meme is non-hateful. The text ""porch monkey 4 life"" is a phrase that is often used in a humorous or ironic context, rather than as a derogatory term.",0
25376,The content in the meme is non-hateful.,0
25381,The content in the meme is hateful.,1
25384,The content in the meme is hateful. The text uses derogatory language and makes a comparison that is intended to be offensive and disrespectful.,1
25386,"The content in the meme is hateful. The text references a historical figure known for his racist and anti-Semitic policies, and the context of building a wall is associated with his policies, which were aimed at excluding certain groups of people.",1
25397,"The content in the meme is hateful. It uses a racial stereotype and makes a derogatory joke about a black person in a tree with a briefcase, referring to them as a ""branch manager,"" which is a play on words that is intended to be offensive.",1
25401,"The content in the meme is hateful. It uses derogatory and offensive language to describe individuals, which is not appropriate or respectful.",1
25416,The content in the meme is non-hateful. It is a humorous expression of excitement about the upcoming weekend.,0
25436,The content in the meme is non-hateful.,0
25438,The content in the meme is non-hateful. It expresses a personal opinion about the appreciation of old trucks and a belief that everyone should have one.,0
25461,"The content in the meme is hateful. The phrase ""rev up those gas chambers"" is a reference to the gas chambers used in Nazi concentration camps during World War II, which were used to kill millions of people, primarily Jews. Using this phrase in a meme is highly offensive and promotes hate speech.",1
25463,The content in the meme is non-hateful.,0
25467,The content in the meme is hateful.,1
25468,The content in the meme is hateful. It contains a racist stereotype and promotes a false narrative about the historical relationship between white and black people.,1
25473,The content in the meme is non-hateful. It appears to be a humorous or lighthearted scenario involving a family going on a camping trip.,0
25478,"The content in the meme is hateful. It makes derogatory statements about the LGBTQ+ community and implies that their high suicide rates are due to religious and evolutionary beliefs, which is a harmful and inaccurate stereotype.",1
25481,"The content in the meme is non-hateful. It describes a child's interest in playing a game called ""child soldiers"" with friends. The term ""child soldiers"" in this context is likely used metaphorically to describe the game's theme or content, rather than referring to actual child soldiers.",0
25483,The content in the meme is non-hateful. It is a light-hearted and playful statement about wearing a yellow hat.,0
25489,"The content in the meme is hateful. The phrase ""a day without a blast is a day wasted"" suggests a glorification of violence and destruction, which is generally considered to be hateful and harmful.",1
25493,"The content in the meme is hateful. The phrase ""you're a spastic tragedy!!"" is derogatory and offensive, as it implies that the person is a victim of a disability or condition in a negative and demeaninging way.",1
25497,"The content in the meme is hateful. The text ""momma says girls are the devil"" expresses a harmful and discriminatory attitude towards women.",1
25498,"The content in the meme is hateful. The text suggests that certain individuals are gay, which is a form of hate speech.",1
25610,The content in the meme is non-hateful. It simply describes someone enjoying a day at the beach.,0
25614,The content in the meme is non-hateful.,0
25634,The content in the meme is non-hateful. It appears to be a humorous or playful reference to using Google Glass technology to locate a KFC restaurant.,0
25639,"The content in the meme is non-hateful. It is a humorous observation about the color of the pipe, suggesting that the problem with the drain might be related to its color rather than any functional issue.",0
25640,"The content in the meme is non-hateful. It humorously depicts two individuals resting after a day of protesting against Trump, suggesting a sense of relief and relaxation.",0
25643,"The content in the meme is non-hateful. It is a statement expressing frustration that people still do not understand the distinction between Sikhs and Muslims, despite the rich history of both communities. The meme does not contain any explicit hate speech or derogatory content.",0
25683,"The content in the meme is non-hateful. It is a humorous and light-hearted joke about a situation during sex, using a term from streaming services (bufferinging, to describe a pause in the sexual activity.",0
25687,"The content in the meme is non-hateful. It humorously depicts a situation where a friend likes to sing along loudly during a favorite song, which can be amusing or annoying depending on the context.",0
25690,"The content in the meme is non-hateful. It appears to be a humorous or exaggerated depiction of a blacksmith, possibly suggesting a sense of pride or intensity associated with the profession.",0
25693,The content in the meme is non-hateful.,0
25706,"The content in the meme is non-hateful. It highlights the disparity between the struggles faced by some people and the privileges enjoyed by others, particularly in terms of access to fresh water.",0
25709,The content in the meme is non-hateful.,0
25713,The content in the meme is non-hateful.,0
25716,The content in the meme is hateful. It contains derogatory language and makes a negative and offensive comparison based on race.,1
25718,"The content in the meme is non-hateful. The text ""a serbian man"" simply identifies the person in the image without expressing any negative or offensive attitudes towards the individual or their nationality.",0
25719,The content in the meme is non-hateful.,0
