id,path,prediction,text
1235,img/01235.png,1,when you're feeling horny asf but your habibi is on periods let's try a goat
1236,img/01236.png,0,meanwhile at the isis strip club
1243,img/01243.png,0,"when your human says ""who' s a good girl?"" and you already know it's you"
1245,img/01245.png,1,and that was the last nativity play my son was invited to take part in
1247,img/01247.png,1,you can't be racist if there is no other race
1256,img/01256.png,1,when your debit card decline at the abortion clinic and they have to put the baby back in
1258,img/01258.png,0,ladies! if your man is offended by this he is a faggot. end of story
1264,img/01264.png,0,you're a special kinda nuts aren't you?
1269,img/01269.png,1,kermit the frog definitely not a muslim
1274,img/01274.png,0,how you guys think you looks like but when pados wale pandit jee sees you taba renso
1275,img/01275.png,0,if you think t willl stop eating palony and viannas voetsek!!! stupid no brain here
1276,img/01276.png,0,a smile is worth a thousand words
1293,img/01293.png,0,when you forget to wash your hands
1295,img/01295.png,1,"men wearing dresses and molesting our children? the word you're looking for is clergy, not transgender"
1327,img/01327.png,0,"i'm not sick, i'm twisted sick makes it sound like there's a cure"
1329,img/01329.png,1,saddle up motherfuckers it's time to play cowboys
1348,img/01348.png,0,meanwhile at the isis strip club
1349,img/01349.png,1,girl you're so special i'm gonna give you a gold star
1379,img/01379.png,0,american teenage girl visiting the children of africa
1382,img/01382.png,0,my body my choice
1389,img/01389.png,0,confession-every sunday around brunch time i take my cat to the mall and make people take pictures of us
1392,img/01392.png,0,hello jesus thanks for making a way!
1395,img/01395.png,1,i just found out mexican babies come out just like the food
1423,img/01423.png,0,when you want to nap after a long day of mudding
1436,img/01436.png,1,when the school shooter accidently shoots the autistic kid but doesn't know that the tard strength makes him impervious to bullets
1439,img/01439.png,0,im long and strong and down to get the goat hump on
1452,img/01452.png,0,the feeling after a long day at work
1465,img/01465.png,0,there is difference between violating muslims and other muslims dont get confused
1467,img/01467.png,0,it's a great day to be a honky!
1468,img/01468.png,0,"assad: my son exploded better than yours, lol hamid:"
1469,img/01469.png,1,when you punch the muslim kid so hard that he starts having seizures and fucking dies the bomb has been defused
1472,img/01472.png,0,in my country this headdress is common to wear if you want to. here in other countries i am also free to wear it if i want to
1475,img/01475.png,1,last time muslims invaded europe vlad stuck poles up their asses and made a fucking forest be like vlad
1476,img/01476.png,0,im confident in my own skin
1483,img/01483.png,0,"feeling bored, let's go to a mosque"
1487,img/01487.png,1,when you forget you're retarded
1492,img/01492.png,0,i don't like the sun so i wear a visor
1497,img/01497.png,1,now back to the married islamic classic.. to children
1498,img/01498.png,0,democrats claim daca kids shouldn't have to pay for their parent's crimes... ...but white people are still responsible for 17th century slave owners??
1524,img/01524.png,1,when you catch your goat with another man
1526,img/01526.png,0,put the money in a bag. now! that will be $0.15
1527,img/01527.png,0,oh no i can't run anymore
1529,img/01529.png,0,acceptance of individuality is not a disgusting thing
1546,img/01546.png,1,kill the jews and muslims for being anti-white
1547,img/01547.png,0,how mexicans be like... when they hear their friends kid is having a birthday party
1548,img/01548.png,0,"what are they fighting over? is it: a) the last pan ducle b) he accidentally touch the homies hand passing a beer? c) foo used the last of the three flowers. d) homie said ""i got you on gas"" but he only has $3!"
1564,img/01564.png,0,puts on sunblock doesn't protect from harmful rays
1568,img/01568.png,1,do you think a terrorist has or could infiltrate our goverment ???
1569,img/01569.png,0,when you can't decide to pre heat the oven or just throw the meal in right away
1576,img/01576.png,0,when your ex ask you for help
1578,img/01578.png,1,sea monkeys
1579,img/01579.png,1,"muslim figure: ""we must have pork-free menus or we will leave u.s"" bacon america great again!"
1589,img/01589.png,1,has an orgasm... ...shoots out tranny fluid
1598,img/01598.png,1,men are like dogs we're excited to see you... and have no clue what you're mad about
1637,img/01637.png,1,this time jesus you're not getting away
1642,img/01642.png,1,this would be racist if black people could read
1643,img/01643.png,0,i'm not a racist my shadow is black
1649,img/01649.png,1,american cops when they graduate police academy let the black man come forth! let murder be done upon him!
1653,img/01653.png,0,"a girl asks her mom, ""why am i black and you're white?"" she says, ""the way that party went, you're lucky you don't bark. """
1658,img/01658.png,0,first rule of fight club.
1672,img/01672.png,0,when the new call of duty comes out and you're already camping
1682,img/01682.png,1,fuck allah fuck islam and guck the child raper muhammad and yes that's pork in the quran
1694,img/01694.png,0,which one should we butcher first
1698,img/01698.png,1,this guy cut her head off workplace violence my ass
1734,img/01734.png,0,and that was the last time we let uncle larry babysit
1736,img/01736.png,0,korean war soldiers come home msnbc no live coverage cnn 58 seconds nbc no coverage abc 24 seconds cbc no coverage share if they should be ashamed
1743,img/01743.png,0,sen mitt romney wall declaration let's make this his last term wwg1wga! utah voted against trumps emergency
1746,img/01746.png,0,everyone told me you gonna be a blessing
1749,img/01749.png,0,so then we told them cannabis is dangerous and pharmaceuticals are good for you
1756,img/01756.png,0,she is a fast runner
1763,img/01763.png,0,want a spin ?
1793,img/01793.png,1,don't mind me i'm only watering my muslims
1794,img/01794.png,1,i beat children
1823,img/01823.png,0,i too was once a male trapped in a female's body but then i was born
1827,img/01827.png,0,if your man is offended by this then he's never been hunting
1829,img/01829.png,0,him: the dishwasher is acting weird her: what's it doing him: chopping fucking vegetables
1835,img/01835.png,0,that makes my lady junk tingle
1842,img/01842.png,0,it's a wiener pit kinda like your mouth
1845,img/01845.png,0,when you consume too much trans fat
1854,img/01854.png,1,goes for when an indian walk with his dog
1875,img/01875.png,0,does anyone know if he had a donor card? i need parts for my go-cart
1892,img/01892.png,0,i did not divide the country the republican decision to obstruct every single thing i proposed to help us dig out of the financial crisis they caused divided the country
1894,img/01894.png,0,we haven't t seen any new jesus appearances on pancakes in a while i hope he's okay
1896,img/01896.png,0,terrorism is just part and parcel of living in a big city. sadiq khan london mayor tokyo: over 13 million people no islamic terrorism
1924,img/01924.png,1,whats the difference between a feminist and a suicide vest? a suicide vest actually accomplishes something when its triggered
1943,img/01943.png,1,person i chase: *shows clear signs he doesn't want to do anything with me* me: i'm gonna pretend i didn't see that
1953,img/01953.png,1,muslim +hunt = less muslims
1954,img/01954.png,0,the best part about a prostitute dying on you is you get the second hour free
1956,img/01956.png,0,i am a crocodile!
1962,img/01962.png,0,i put makeup for my profile photo
1972,img/01972.png,0,you don't have a cat? this is your lucky day! i'm moving in!
1974,img/01974.png,1,hiroshima hiroshima nagasaki everybody needs a friend
1975,img/01975.png,1,valentine in islamic countries
2139,img/02139.png,0,no less beautiful
2146,img/02146.png,0,from the bottom of my heart i would like to sincerely apologize..... for being white
2153,img/02153.png,0,when you're arguing with someone and trying notto hit them
2156,img/02156.png,0,never forget
2158,img/02158.png,1,i like my women like i like my chickens held in captivity until i behead them
2165,img/02165.png,0,the difference between moderate muslim and radical muslim follow my allah or i kill you! follow my allah or he kill
2168,img/02168.png,0,how many fucking accounts do you assholes have?
2169,img/02169.png,1,"to see better, asians sometimes switch to fullscreen view"
2185,img/02185.png,0,weeeeeee! back over the border you go!
2194,img/02194.png,0,when you're a good farmer who raises healthy animals
2315,img/02315.png,0,don't forget me!!!!!! i'm an asshole too!!!
2316,img/02316.png,1,they can kill the messenger but they can't kill the message
2317,img/02317.png,1,white trash go to hell trump fuck donald trump
2351,img/02351.png,1,when karen helps u camouflage the crackhouse
2358,img/02358.png,1,diary of a wimpy kid hard luck anne frank is one wimpy kid
2365,img/02365.png,0,"quick, which one is a bb gun? oops, too late . . . you're dead"
2367,img/02367.png,0,dodge owners be like don't take a picture
2371,img/02371.png,0,why do all the mexican foos who work lmaooo at t-mobile look like this
2374,img/02374.png,0,"i don't always fuck midgets but when i do, i go balls deep"
2381,img/02381.png,1,"got braces friend told me ""you're so black, even your teeth are behind bars"""
2384,img/02384.png,0,caitlin jenner showing off her new whip
2385,img/02385.png,0,every life is precious
2389,img/02389.png,0,democrat jan schakowsky defends ilhan omar: 'she comes from a different culture' where they want to kill all the jews
2413,img/02413.png,0,"women ask for equal rights, and this is why"
2431,img/02431.png,1,subway is similar to prostitution you pay someone else to do your wife's job
2435,img/02435.png,0,when you type fidget spinner but it autocorrects to midget spinner
2439,img/02439.png,0,"superman's flying class was popular, but no one ever passed"
2456,img/02456.png,0,"people are loosing their minds over terrorism and isis in america... and veterans are all like... ""wake me up when i can go fuck shit up and not go to iail for it"""
2457,img/02457.png,1,i hate when i see a black out in my neighborhood but i still offer my neighbors a candle
2459,img/02459.png,1,"my dishwasher is acting strange, can anybody help?"
2461,img/02461.png,0,"whenever you feel stupid, remember this"
2467,img/02467.png,0,how much did the holo cost
2471,img/02471.png,0,when you walk into the welfare office hello monkeys
2475,img/02475.png,0,therapy dogs are now being trained to console rape victims of muslims
2476,img/02476.png,0,im never doing a garden again!
2481,img/02481.png,1,greetings tranny time to die
2483,img/02483.png,0,group of people rescued from medditaranian sea by italian coast guard
2485,img/02485.png,0,real friendship is sending them a link to something terrible so you can both be traumatised at the same time i torture all my friends. it's how i show love
2497,img/02497.png,0,you're a wizard motherfucker
2519,img/02519.png,1,it's funny because he's fat!
2536,img/02536.png,0,don't drink and drive
2537,img/02537.png,0,arrest george soros for crimes against europe
2538,img/02538.png,0,when my girl pissed me off but she runs through the room in her draws me my dick
2543,img/02543.png,0,catch me outside how bout dat i'll catch my damn self outside
2548,img/02548.png,0,oi are you looking at me?
2561,img/02561.png,1,"we are coming to america one way or another! we will rape, pillage, & reap havoc riot on your nation while stealing your welfare"
2571,img/02571.png,0,former first lady during an interview
2576,img/02576.png,0,this is a snakes mouth it all makes fucking sense now
2581,img/02581.png,1,mussie guy tried to rape me he didn't make it to court
2594,img/02594.png,1,jamal! im pregnant!!!
2613,img/02613.png,0,after group sex mohammed is very tired
2614,img/02614.png,0,black boyfriend white boyfriend
2631,img/02631.png,0,when your grandma sees you for the first time in a whole week he's so fucking big. me#irl
2647,img/02647.png,0,notice how the kenyan skidmark has been silent about the mueller report?
2653,img/02653.png,1,england where moslems can rape your children and reporting it is a crime
2654,img/02654.png,0,when people are spreading rumors but you're unbothered
2657,img/02657.png,1,oh look someone's returning a broken sandwich maker to walmart
2674,img/02674.png,1,asian drivers test went as expected
2687,img/02687.png,0,i hang a sock on my doorknob so my roommate knows not to come in because i'm busy fucking the other sock
2691,img/02691.png,0,teaching them how to hunt young
2716,img/02716.png,0,"felt cute might pray later, idk"
2718,img/02718.png,0,my kid threatened to hold his breath until i gave him dessert. he's now passed out on the kitchen floor i don't negotiate with terrorists
2719,img/02719.png,1,your black neighbor after you called the cops
2735,img/02735.png,0,when each letter is a mental disorder
2761,img/02761.png,0,i'm sorry i didn't mean to hurt your feelings
2763,img/02763.png,0,immigrants illegal aliens
2764,img/02764.png,1,closing time one last call for green cards you dont have to go home but you cant stay here
2768,img/02768.png,0,when you look in your neighbor's yard and see an illegal immigrant mowing their lawn
2769,img/02769.png,0,"think we just discovered ""cop crack"" bacon wrapped donuts mother of god"
2793,img/02793.png,0,sea monkeys
2795,img/02795.png,0,police academy graduation ceremony
2814,img/02814.png,1,want to party? yeah i'm down
2815,img/02815.png,1,how do i like my eggs? same as i like my niggers beaten and separated from the whites
2816,img/02816.png,1,help im downing
2831,img/02831.png,1,where's jaws when you need him ?
2841,img/02841.png,0,birthday because i don't care if it's happy
2845,img/02845.png,0,they have sex with goats wipe their asses with their hands and drink camel piss but i'm the unclean one!
2849,img/02849.png,1,abba ree i can fryyy
2853,img/02853.png,1,"but islam can radicalize muslims muslims are not terrorist quran 8:39 ""kill all non believers till the only religion is islam"""
2854,img/02854.png,1,do gay midgets come out of the cabinet?
2857,img/02857.png,1,"i love it when women go to school. it's like seeing a monkey on roller skates: it means nothing to them, but it's so adorable for us"
2863,img/02863.png,1,white men are the biggest terror threat except for my white boyfriend
2867,img/02867.png,0,russia #freesentsov #freekolchenko
2876,img/02876.png,1,your milkshake brings all the tards to the yard
2891,img/02891.png,1,look! a blow up doll!
2894,img/02894.png,0,"how high are you no officer, its ""hi, how are you""?"
2914,img/02914.png,0,the only thing that hinders you is your own motivation
2917,img/02917.png,1,islamaphobe no i just hate the mother fuckers
2918,img/02918.png,0,a islamic leader among his followers
2935,img/02935.png,0,copsuckers be like the whole boot daddy
2943,img/02943.png,0,hide and go seek champion july 6 1942 - august 4 1944
2945,img/02945.png,1,you've been hungerstruck!
2946,img/02946.png,1,is your girlfriend hot like me?
2947,img/02947.png,0,meanwhile at the isis strip club
2951,img/02951.png,0,protesters throwing smoke bombs
2956,img/02956.png,0,how i sleep knowing i'm going to hell in every religion
2958,img/02958.png,1,when you forget that your blind friend has a heightened sense of smell bro. chop a fuckin line up for me
2965,img/02965.png,1,i once dumped a cross eyed chick thought she was seeing someone else
2967,img/02967.png,0,when the black kids start fighting at school
2971,img/02971.png,1,what do you get when you cross harvey price with a pritt stick? a sticky black spastic
2973,img/02973.png,0,how long can i run? till the chain tightens
2974,img/02974.png,1,"it might look fucked up, but her handjobs are fucking unbelievable"
2975,img/02975.png,0,you never realize how little self control you actually have until chips and salsa are in front of you at the mexican restaurant
2983,img/02983.png,0,large big mac no onions
2984,img/02984.png,0,stop racism black children and white children are the same
2987,img/02987.png,0,not my president not my residents
3124,img/03124.png,0,muhammed fixing his calculator
3128,img/03128.png,1,lazy day nothing to steal
3145,img/03145.png,1,when each letter is a mental disorder
3148,img/03148.png,0,fact: ethiopian food is so rare that locals dont even eat it ethiopian food
3162,img/03162.png,0,recruiter added me on linkedin so i guess things are getting pretty serious
3172,img/03172.png,0,im white trash and im in trouble
3178,img/03178.png,1,"""we fly planes into their buildings now they kiss our asses!"" """
3185,img/03185.png,1,best thing about an ethiopian blowjob ? you know she's going to swallow
3186,img/03186.png,0,removes polish with chemicals nobody bats an eye commits crimes against the polish starts ww2
3187,img/03187.png,0,every dad: *shaves beard* his own baby: i've never met this man in my life
3189,img/03189.png,0,"if a man wants you, he will come and get you"
3241,img/03241.png,1,when black people make white jokes when white people make black jokes
3246,img/03246.png,0,mobile nun
3248,img/03248.png,0,when you just can't stop thinking about obama
3251,img/03251.png,0,it is disgusting to laugh at gender dysphoria
3254,img/03254.png,1,"liberals: ""japan has gun control without issues, what makes you think it can't work here in the usa?"" me: (whispering) black people"
3256,img/03256.png,0,when you ask for advice and they tell you to just be yourself you want me to get naked and start the revolution?
3257,img/03257.png,1,white trash not marriage material
3258,img/03258.png,1,"i heard we can get free steroids in australia please help feed and house this poor, defenceless refugee. don't be racist and let me in!"
3268,img/03268.png,0,hey mom the goats asshole is inside out. what do?
3271,img/03271.png,0,when your wife and girlfriend dont get along
3275,img/03275.png,0,the only time you can hang out with 2 dirty hookers and a tranny
3276,img/03276.png,0,unless life also gives you water and sugar your lemonade is gonna suck
3279,img/03279.png,0,aren't you tried of my jokes!
3281,img/03281.png,0,the weekend be like
3285,img/03285.png,0,i wanna see the most fucked up meme. lets see what you got
3289,img/03289.png,0,fuck banks fuck indians too
3291,img/03291.png,1,do you agree with pauline to stop islamic immigration to australia share if you agree
3296,img/03296.png,0,come on over i'm having a party the place is crawling with pussy
3298,img/03298.png,0,thanks for visiting
3418,img/03418.png,0,i got a flat on my way to the store
3421,img/03421.png,1,"when you shoot up the school and somebody else gets blamed for it we stand here amid my achievement, not yours!"
3429,img/03429.png,0,throwback thursday we was all by ourselves at one time we was the only once's in the new phase to build and close
3468,img/03468.png,0,"my dishwasher is acting strange, can anybody help"
3472,img/03472.png,1,"pet niguana for sale!! come with food dish, a few toys, and a screen lid so it can't get out $300 obo"
3479,img/03479.png,1,just waterin' the dirt
3482,img/03482.png,0,i try not to be bias
3495,img/03495.png,0,"when your homie throws a heart react on your status just fucking kiss me, man"
3528,img/03528.png,0,look at the bright side you are only half black now
3547,img/03547.png,0,people with dwarfism arguing
3574,img/03574.png,0,pull up your pants and back away from the goat!!
3591,img/03591.png,1,"joins the democrat party to indulge in deep seated supremacist proclivities. ""helping"" minorities also loves black cock"
3615,img/03615.png,0,joke time 3 muslims walk into a bar.
3629,img/03629.png,0,hey man you gotta go home my parents are fighting again
3642,img/03642.png,0,when you catch your goat with another man
3659,img/03659.png,0,"""i hope the electoral college gets beat in the ncaa tournament"""
3675,img/03675.png,0,because of trump i got fired from my job
3678,img/03678.png,0,lock her up and throw away the key
3681,img/03681.png,0,when you're muslim but you have oil
3685,img/03685.png,0,not all angels reside in heaven.. many walk the battlefield.
3691,img/03691.png,0,koran class with the rohingya people
3715,img/03715.png,0,great at making martinis terrible at stealing tambourines
3718,img/03718.png,0,baaaa-utiful
3728,img/03728.png,0,"stalin: if you invade us, you break our agreement hitler: quicksaving.."
3751,img/03751.png,0,"""i yelled catch ! i swear i thought she was ready """
3756,img/03756.png,1,white people have no right to live in africa... .. but it's a blackman's right to live in any european country he chooses?
3759,img/03759.png,0,what's the difference between hillary and putin? putin actually wins the elections he rigs
3764,img/03764.png,1,"my black flag brings all the goats to the yard and they're like allah akbar and then i'll put a bomb in a car, i'd teach u but i have no arms"
3789,img/03789.png,0,anne frankly i don't care
3794,img/03794.png,1,tranny jesus died for your eyebrows
3795,img/03795.png,1,even i can see you're a cunt
3841,img/03841.png,1,when i grow up... lol nevermind
3845,img/03845.png,1,rev al sharpton that gorilla was 17 black and unarmed
3847,img/03847.png,0,meanwhile at the isis strip club
3849,img/03849.png,0,gmc short for give me cock
3854,img/03854.png,1,did a lot of medical research didn't hurt any animals
3861,img/03861.png,0,when you realize you fought on the wrong side during wwii
3864,img/03864.png,1,you can't be the victim of a school shooting if you're the school shooter
3865,img/03865.png,0,after 3 million years of evolution we still love to relax
3871,img/03871.png,1,justin trudeau the imam of canada
3874,img/03874.png,1,one of the poor defenseless refugees we hear about she's smuggling 31 pounds of pure heroin
3875,img/03875.png,1,we're glad you're home the russians pooped in the hallway!
3896,img/03896.png,1,"let me salute to hitler the great he said ""i would have killed all the jews of the world, but i kept some to show the world why i killed them"""
3917,img/03917.png,0,attacking a person for who they are or where they're from is an attack on their people and culture as a whole
3927,img/03927.png,1,after group sex mohammed is very tired
3942,img/03942.png,0,they're just like anyone else
3947,img/03947.png,1,no one: steven hawking:
3957,img/03957.png,0,lawn darts muslim style
3962,img/03962.png,0,where's my water?
3971,img/03971.png,0,so i was sucking on her t*ts then the husband walks in and i just sk*t myself
3981,img/03981.png,0,siri take me home starting route to gym
3984,img/03984.png,0,when your brother sucks at driving
4125,img/04125.png,0,sorry i'm late have the racist comments started yet?
4126,img/04126.png,1,"hitler be like ""you sure i killed 6 million? they aint up here"
4132,img/04132.png,0,"dear ""dad"". i did it without you. love, the daughter you left behind"
4138,img/04138.png,1,what do a bicycle and a nigger have in common? neither works without chains
4152,img/04152.png,0,over 50 south africans lost their lives after police opened fire during a protest
4153,img/04153.png,0,let's end racism
4156,img/04156.png,0,me after i take that first sip of mcdonald's sprite kwispy
4157,img/04157.png,0,a real man... loads the dishwasher every night!!
4162,img/04162.png,0,one of the most brillant minds in science
4163,img/04163.png,1,i will kill this white man ooo wwe fans
4175,img/04175.png,1,im not racist because racism is a crime and crime is for black people
4183,img/04183.png,0,back off murderers we fight for justice
4185,img/04185.png,0,when you need a diaper because you're a still a baby
4187,img/04187.png,0,this is how muslims celebrate new year
4217,img/04217.png,1,have a coke and a smile. regen: always coca cola coke adds life. ma: nevermore coca cola
4253,img/04253.png,0,sad world history
4256,img/04256.png,0,me and styrofoam... yup...both white trash
4257,img/04257.png,0,"how sad it must be for supporters - believing that scientist, scholars, historians, economist, and journalists have devoted their entire lives to deceiving america, while a reality-tv star with decades of fraud and exhaustively-documented lying is your beacon of honesty"
4263,img/04263.png,1,holocaust jokes are offensive ann frankly aren't funny
4267,img/04267.png,1,i'm not saying it was muslims but it was muslims
4268,img/04268.png,1,guess which one is which? 1. transgender; 2. suicide bomber or 3. a floor lamp
4273,img/04273.png,0,have you seen my bag
4278,img/04278.png,0,never let someone who has done nothing tell you how to do anything
4281,img/04281.png,0,patty cake patty cake butthole hand i got tourettes syndrome chicken fucked ham
4287,img/04287.png,1,"that's it, back to the kitchen! where's my sammich? women's day is over!"
4295,img/04295.png,0,when black people say they are native american
4296,img/04296.png,0,now imagine if native american cowboys rode bicycles
4316,img/04316.png,0,"algebra and geometry are fine, but graphing is where you draw a line"
4321,img/04321.png,0,"""if that uckin bastard wins, we're all going to hang from nooses! you better fix this shit!"" -hillary clinton email to donna brazile october 17, 2016"
4325,img/04325.png,0,its a 3-day weekend pace yourself
4326,img/04326.png,1,when the chow mein was on point but you kinda miss your cat
4328,img/04328.png,0,if only dogs could pick up after themselves
4356,img/04356.png,0,i only wear silk panties cotton ones remind me of slavery
4361,img/04361.png,1,islam turning every single country it touches into a shithole for over 1400 years
4372,img/04372.png,0,my sister gave me this haircut after i fucked her
4379,img/04379.png,0,tfw you hear that you should be able to walk again with 2 months of pt
4387,img/04387.png,0,"sit down kids, i will now tell you how i met your mother"
4397,img/04397.png,1,what do you call a a retarded jew? auschwistic
4529,img/04529.png,1,"please, ' 'share' this piggy he upsets muslims"
4568,img/04568.png,0,me during no shave november
4579,img/04579.png,1,maybe the catholic church protects pedophile preists because the last time christianity shunned a pedophile he started islam?
4591,img/04591.png,0,rep. ilhan omar: 9/11 was 'some people did something' here's your something 2977 people dead by terrorism
4597,img/04597.png,0,terrorist attacks innocent people with guns leaders want innocent people to give up their guns and become even more defenseless.
4619,img/04619.png,1,"the most popular, but least talked about, white trash barbie! kids b like ""not my fault you didn't pay the cable!"""
4623,img/04623.png,1,"six kids, no husband, no job, and food stamps $10,000 back in income taxes"
4629,img/04629.png,0,halloween was great this year
4637,img/04637.png,0,when your chinese food shows up completely uncooked
4639,img/04639.png,1,"the female body is a gentle, delicate flower except for the vagina. pound the fucking vagina"
4651,img/04651.png,0,what every muslim looks like to me
4658,img/04658.png,0,"so, you think by being a a muslim sympathizer, this will somehow keep us from killing you ? you are a special kind of stupid"
4675,img/04675.png,0,i called my boy whatchoo goin do bout that spray bottle now
4682,img/04682.png,0,why can't we spend money on education instead of drugs
4683,img/04683.png,0,"when you make a meme using a different language that everyone can still understand: no es mucho, pero es trabajo honesto"
4689,img/04689.png,0,illegal immigration the cowboy way we'll know them if they try to come back in!
4695,img/04695.png,1,when a badge and gun aren't enough to cope with your fragile senses of self worth and masculinity: roadhouse!
4712,img/04712.png,0,"just figured out trump conned you? not too fucking bright, are you?"
4718,img/04718.png,0,isis you mean them goat fuckers that don't like bacon
4719,img/04719.png,0,how you see it how the turkey sees it
4726,img/04726.png,0,islamic state soldiers celebrating we should kill them all
4729,img/04729.png,0,what if punk is just gangsta rap for white kids
4732,img/04732.png,0,trump supporters be like make america great again
4735,img/04735.png,0,smile even in the worst of times
4758,img/04758.png,0,"my fragile heart at my sex drive - stay back, slut"
4759,img/04759.png,0,im ready to have some fun
4762,img/04762.png,0,scientist are working hard to cure them all
4765,img/04765.png,1,"blame it all on my roots, i showed up in boots.. and ruined your jihad affair"
4768,img/04768.png,0,really? eating pork is gross but marriage to a minor isn't?
4782,img/04782.png,0,adorable african kid appreciating life
4783,img/04783.png,0,"where you can get with that bull shit what is ""fuck outta here correct"
4786,img/04786.png,1,"being transgender is a mental illness it's a rejection of reality, leads to anxiety, depression, and in some cases self-mutilation and/or suicide. that's not healthy"
4791,img/04791.png,1,if you're a gentleman then nothing may disturb you but if you're a hungry sex maniac then there's no dress which can provide security for any women
4798,img/04798.png,0,are you bored? join spastics with special admin powers now
4813,img/04813.png,1,when you haven't stolen for over 2 weeks.
4819,img/04819.png,1,"jew: *walks out of the shower* hey man, can i get a towel? auschwitz guard:"
4823,img/04823.png,0,definitely a new cultural era!
4827,img/04827.png,1,me: puts bag of popcorn into the microwave every one else at the senior center:
4859,img/04859.png,1,arnold schwarzenigger i'll be black
4861,img/04861.png,0,"waiter, another order of crow for my anti-trump friends"
4863,img/04863.png,0,a little hood. a little hippie.
4873,img/04873.png,1,manual tranny automatic tranny rebuilt tranny
4876,img/04876.png,0,goin
4891,img/04891.png,0,cannibalism
4892,img/04892.png,0,send him to... meowschwitz
4912,img/04912.png,1,immigrantswave our flag invaders wave their own
4915,img/04915.png,0,they want this not beause they love you they need to mix breed to preserve their species
4917,img/04917.png,0,similar to sharks because all the great ones are white
4918,img/04918.png,0,why do asians have eyes like this? isn't it hard to see?
4923,img/04923.png,0,beergasm that moment when you take your first sip of beer after a long day
4926,img/04926.png,0,"knowing white people, that's probably the babies father"
4928,img/04928.png,1,dishwasher for sale missing parts
4938,img/04938.png,0,hen your unvaccinated chi rvives 18 years but cides to kill himself you were the chosen one
4971,img/04971.png,0,happy birthday sugar tits
4975,img/04975.png,0,look at me this is my meme now
4976,img/04976.png,0,shit someone added too much soap to the dishwasher again
4986,img/04986.png,0,the enemy within linda sarsour ocasio-cortez rashida tlaib ilhan omar
5123,img/05123.png,1,when cops question someone who just got robbed did anything seem strange? like maybe something black?
5127,img/05127.png,0,we'll kill you over some trivial shit then fucking mock your dying words
5129,img/05129.png,1,"you ever get laid in a sleeping bag? it's awful. you can't even move, you're drenched in sweat, and your scout master is covering your mouth"
5134,img/05134.png,0,the banality of evil
5138,img/05138.png,0,i should not be expected to pledge allegiance to any country including america
5148,img/05148.png,1,the hardest part of breaking up with a japanese girlfriend is having to drop the bomb on her twice before she gets it
5164,img/05164.png,0,dark humor is like food not everyone gets it
5172,img/05172.png,0,islam is the religion of peace! if you don't agree i kill you!
5183,img/05183.png,0,when you run out of bras and have to hold the girls up on your own
5189,img/05189.png,0,siri take me home starting route to jail
5198,img/05198.png,1,went outside today yolo
5214,img/05214.png,1,pull up your pants and back away from the goat!!
5231,img/05231.png,0,the name's bob... bob
5241,img/05241.png,1,"last year tyrone got a new job, started building his credit, and spending more time with his kids then something amazing started to happen!"
5249,img/05249.png,0,i am still so confused about the strategies in this game
5261,img/05261.png,1,i'm deporting all mexicans!!! except the ones in baldwin park you fuckers are crazy!!!
5264,img/05264.png,1,trust me the muslims won't rape you now
5269,img/05269.png,0,been talking shit about trump since day one. now crying like bitches after getting called out
5273,img/05273.png,1,"someone needs to invent car fax for vaginas ""i have only been with one guy."" ""yeah sure, show me the whorefax."""
5276,img/05276.png,0,talk about that for a team photo
5283,img/05283.png,0,"life has never given me lemons it has given me anger issues, anxiety, a love for alcohol, a serious dislike for stupid people. but not lemons"
5294,img/05294.png,0,a little bird told me it is going to be a beautiful day. i ate it
5297,img/05297.png,1,the first thing i did when i got home from the battered womens shelter? the dishes... 'cause i know what's good for me..
5327,img/05327.png,0,i just realized that all i can be is true to myself not matter what
5329,img/05329.png,0,its not right to judge someone by the color of their skin. they might just be tan
5362,img/05362.png,0,you like something that i do not particularly enjoy disgusting prepare to forfeit your life
5369,img/05369.png,0,person i chase: *shows clear signs he doesn't want to do anything with me* me: i'm gonna pretend i didn't see that
5372,img/05372.png,0,"healthcare is a right and the government should pay for it guns are a right, should the government pay for them too?"
5376,img/05376.png,0,did you know you are supposed to pull anal beads out slowly? i didn't... i started the wife up like a fucking chainsaw
5384,img/05384.png,0,spending quality time with dad
5387,img/05387.png,0,is someone using the oven? cuz i smell gas
5398,img/05398.png,1,when a cop pulls his gun on you but you're white gotcha
5421,img/05421.png,0,there was a 4 car pile-up in mexico today 93 people died
5436,img/05436.png,0,lol don't bother buckling up because we are all going to die
5437,img/05437.png,0,this could be us but you keep escaping
5463,img/05463.png,0,when you dress up for dinner at your girlfriend's house parent's house
5468,img/05468.png,0,when you lose your jewelry
5471,img/05471.png,1,do you still suck dick? faggot
5476,img/05476.png,0,greetings white person time to die
5479,img/05479.png,0,"this is steve, he lives with both parents, who both work. no one in his family has a middle name in their facebook name, like javeon doingbigthings jackson. everyone in his family can swim"
5482,img/05482.png,0,stupid you are breed you should not
5483,img/05483.png,0,the only thing more vile than the attitude of these anti americans.. is the absolute ignorance of the delusional people that voted for them
5489,img/05489.png,0,trump says he doesn't like suppressors. well.....he's a democrat so..
5498,img/05498.png,0,step one: turn on the gas
5612,img/05612.png,0,of all time the most underrated cook
5614,img/05614.png,1,"the answer to the age-old question, does a bear shit in the woods? answer... yes they do! answer... yes they do! and here is scientific proof and here is scientific proof"
5617,img/05617.png,0,"& chill i thought i you said netflix no i said ""here, take this pill"
5619,img/05619.png,1,official white house  holiday ornaments
5642,img/05642.png,0,did you say dude blew his tranny???
5643,img/05643.png,1,kids in africa wouldn't starve if they ate the flies on their face
5649,img/05649.png,0,you sicced all of your corrupt  goons after me for 3 years and i came out clean. now it's my turn to send my justice-seeking patriots after you and your corrupt goons let's see how you all come out!!!
5672,img/05672.png,0,i pushed my life alert necklace now i'm waiting on those sexy emt guys to show up
5689,img/05689.png,0,"the most racist people are the ones crying""racist"" all the time!"
5712,img/05712.png,0,god will forgive you no matter what you've done sweet
5716,img/05716.png,0,give me a dog treat human
5719,img/05719.png,1,"islamomopolitan special feature: know your place, how to survive your women: daily beating why men treat you like cattle"
5726,img/05726.png,0,a stork might bring you a baby but a swallow never will
5736,img/05736.png,1,"dad, what is humanity? i don't know son, we are zionist"
5741,img/05741.png,0,during a speed chase which song are you blasting in your car ?
5743,img/05743.png,0,how your booty feels after the taco bell drops
5749,img/05749.png,1,"nobody at school wants to guard muhammad, he's too explosive"
5761,img/05761.png,0,"don't shoot, i'm from the group why dont you post and comment? i'm shy, but i like stuff"
5762,img/05762.png,0,"listen bitch, before you start fucking with me you should know my team is bigger"
5781,img/05781.png,0,hitler comedy called mein fuhrer
5782,img/05782.png,1,you know what grinds my gears? niggers
5784,img/05784.png,1,"let me be clear....  if i had a son, he would look like harambe"
5789,img/05789.png,0,the only person i trust is me and even that's pretty fucking iffy sometimes
5793,img/05793.png,0,name something females say before sucking dick
5798,img/05798.png,0,when they become besties over the same dude
5813,img/05813.png,0,roses are red candles drip wax breaking news man tries to trade kidnapped baby for 15 big macs
5824,img/05824.png,0,"keep yelling, motherfuckers you're just playing call of duty"
5826,img/05826.png,1,"i'm not sexist. being sexist is wrong , and being wrong is for women"
5832,img/05832.png,0,hitler giving a speech
5841,img/05841.png,1,what's worse than ants in your pants? uncles
5847,img/05847.png,0,when they ask for fire extinguisher and you reply i don't smoke
5863,img/05863.png,1,hello brother wait is that a shotgun?
5869,img/05869.png,0,"my wife asked me where i'd like to be buried apparently, ""balls deep in your sister"" wasn't the answer she was expecting"
5872,img/05872.png,1,joke time 3 muslims walk into a bar.
5874,img/05874.png,0,how you like me now ?
5912,img/05912.png,0,look at me i'm the european now
5914,img/05914.png,0,meanwhile at the isis strip club
5916,img/05916.png,0,"hey, i just met you, and this is crazy, this is my grenade so blow me, maybe?"
5917,img/05917.png,1,stephen hawking reincarnated as a chair
5918,img/05918.png,0,burning them was a horrific event in the history
5926,img/05926.png,1,this sunday.. don't forget to set your bomb forward one hour
5928,img/05928.png,0,"just because she weighed as much as two people, that doesn't mean that you had a threesome"
5931,img/05931.png,0,stop editing your pics. what if you go missing? how are we gonna find you if you look like barbie on fb and chupacabra in real life?
5936,img/05936.png,0,i wish i was there and had my gun to help them
5941,img/05941.png,1,"i saw an ad on tv. i called the number on the screen i had to get one, they seem to work so much better than those sticky strips that hang from the ceiling"
5942,img/05942.png,1,"""your majesty, what's the secret to a long life?"" ""well kate, don't leave william for a fucking muslism."""
5943,img/05943.png,1,this is what rich white trash looks like and it's time to take out the trash!
5947,img/05947.png,0,still more confirmed sightings than 28 nosler ammo
5948,img/05948.png,1,"i pull up in this and yell ""come on we got some redneck sh*t to do"" are you getting in?"
5972,img/05972.png,0,when you have to take another picture for mom
5973,img/05973.png,0,how black people became christians
5976,img/05976.png,0,what does your wife and a hand grenade have in common remove the ring and your house is gone
5984,img/05984.png,0,removes polish with chemicals nobody bats an eye removes polish with chemicals everyrody loses his shit
5986,img/05986.png,0,"we need to be like new zealand new zealand banned rifles, then move to new zealand bitch"
5987,img/05987.png,1,interracial dating somting like that
6125,img/06125.png,0,imma ask this question only once who's got my fucking lighter
6127,img/06127.png,0,when you ask the stoke patient to smile
6147,img/06147.png,0,it's the this is the qur'an islamic sacred book
6153,img/06153.png,0,i had a bad dream about the ku klux klan
6157,img/06157.png,0,dark humor is like food not everybody gets it
6158,img/06158.png,0,new zealand edition call of duty
6175,img/06175.png,0,when someone drops a penny
6179,img/06179.png,1,the face you make after you nut and the goat keeps sucking
6194,img/06194.png,1,burning things that don't mean anything to you
6197,img/06197.png,0,want proof firefighters do it better? ask a police officer's wife
6198,img/06198.png,0,"""vieques u.s. territory march 2019"" constant military bomb explosions!! """
6213,img/06213.png,1,the us navy keeping tranny hookers laid since 1775
6218,img/06218.png,0,thats a little savage
6237,img/06237.png,0,"when leadership says it's not mandatory but it's ""highly encouraged""!!!"
6239,img/06239.png,0,cameraman: i don't understan- psychic kid: trust me this will be really funny someday
6248,img/06248.png,0,your black neighbor after you called the cops
6275,img/06275.png,0,"so you listen to rap music but you're offended by ""baby it's cold outside"""
6291,img/06291.png,0,when you throw yourself in a casket bc you're over it
6293,img/06293.png,1,do you know how to end transphobia? killing all trans people
6295,img/06295.png,0,are u a wizard?
6315,img/06315.png,1,solution to mexicans paying for the wall leave all the illegals hanging around the border
6319,img/06319.png,1,proof you don't have to fly a plane into a building to destroy a nation!
6325,img/06325.png,0,trump donated his salary to alcoholism research i see it as a personal attack
6345,img/06345.png,0,"driver: ""what am i supposed to do with this speeding ticket?"" .co "" officer: ""keep it, when you collect four of them, you get a bicycle."""
6349,img/06349.png,1,they still think i'm not a muslim they still think i'm a chick
6357,img/06357.png,0,it's time to stop this
6359,img/06359.png,0,what women think they'll do when the economy collapses vs what they'll actually do
6374,img/06374.png,1,islamic windchimes
6375,img/06375.png,0,we have peace but we can give wars
6378,img/06378.png,1,let's end racism
6392,img/06392.png,0,don't forget guys may is buy your wife a new gun month
6412,img/06412.png,1,when you eat your rehab romance booty in the laundry room but she's day 3 sick
6415,img/06415.png,1,#neverforget what your ancestors went through #christianity if you even think about dating a white man you disgust me
6418,img/06418.png,0,1 bomb every minute
6425,img/06425.png,0,"if you have a problem with me..call me if you don't have my number, then that means you don't know me well enough to have a problem"
6431,img/06431.png,0,when the employee asks what bra size you wear
6435,img/06435.png,1,"slave salesman:*slams hand on head* this baby can pick so much fucking cotton, only comes in one color tho"
6439,img/06439.png,0,back to the... hall of fame 19th annual rock and roll
6458,img/06458.png,0,"oh, you're tired of my anti-trump posts? why don't you pray for me to stop?"
6471,img/06471.png,1,"colin kaepernick and his evil white oppressors oh wait, those are his parents!"
6479,img/06479.png,1,when you've finally become a cop and see a black guy this is where the fun begins
6481,img/06481.png,0,where's kaepernick? i need my car washed
6482,img/06482.png,1,i dont always make sandwiches because im not a woman
6483,img/06483.png,1,"one day, long, long ago, there lived a woman who did not whine, nag or bitch. but it was a long time ago, and it was just one day. ~the end~"
6489,img/06489.png,1,a head diaper is required when you have shit for brains
6513,img/06513.png,0,smile no matter what your going through
6514,img/06514.png,0,halal... is it meat you're looking for?
6519,img/06519.png,1,moutain goats hide when they hear allah akbar because they here the goat fuckers are coming
6531,img/06531.png,0,"i don't always have sweaty balls but when i do, they're wetter than a tiajuana hooker during spring break and smell like a zombie's vagina"
6534,img/06534.png,0,sorry white guys but i only date black guys
6537,img/06537.png,0,lust and love
6539,img/06539.png,0,excuse me! anyone can wear a dress!
6541,img/06541.png,1,"hey i just met you and this is crazy, but here's my number i'll gas your baby"
6543,img/06543.png,1,"you are finally here, brother-slayer. spawn killer. all that strength and you're still nothing but a nigger"
6547,img/06547.png,1,hide and seek european champion  1942-1944
6579,img/06579.png,0,don't know how to deal with black people but i guess i'll take a shot at it
6584,img/06584.png,1,when you consume too much trans fat
6589,img/06589.png,1,on ala akbar i will fuck ur goats
6597,img/06597.png,0,we're all here cause we ain't all there
6712,img/06712.png,0,smell that? thats why we have to use condoms
6714,img/06714.png,0,"vote for me free kfc, grape kool aid, & watermelon"
6715,img/06715.png,0,take them to the zoo they said they'll learn something new they said
6725,img/06725.png,0,"open's inbox ""let me suck your dick"" opens profile: it's your crazy ex gf"
6728,img/06728.png,0,the only kkk to ever let black men in
6739,img/06739.png,0,"i don't usually act like an asshole... ...but when i do, i'm probably fucking with someone from the shallow gene pool"
6749,img/06749.png,0,when they laugh at your 9cm but you haven't even reached puberty yet
6759,img/06759.png,1,girl: how do you eat pussy? me: like a retard tasting ice cream for the first time
6781,img/06781.png,1,how cops subdue whites blacks see the night and day responses
6791,img/06791.png,0,great news! my iq tests came back negative
6793,img/06793.png,0,"when asked what i did over the weekend i reply, ""why, what did you hear"
6794,img/06794.png,0,if you think the other puns where bad just wait till you sea mine
6795,img/06795.png,1,that look when you find out your husband isn't coming home from the mosque
6798,img/06798.png,0,news from 20th century
6823,img/06823.png,1,removes polish with chemicals nobody bats an eye removes polish with chemicals everybody loses his shit
6824,img/06824.png,1,these aren't bears! these are just two fat gay fucks! pride
6825,img/06825.png,1,"""at first, i didn t want to wear a hijab."" ""but my husband convinced me otherwise."""
6832,img/06832.png,1,government shills hate him!!! <<< this aussie shitposter removes 50 muslims with this one weird trick and basically you are fucking accelerated!
6842,img/06842.png,0,"when your trying explain why you were out last night with the boys . ""look honey"""
6845,img/06845.png,1,"""whatcha thinkin' about, liberal cuck""? ""antifa getting their asses kicked, crying about the election, loving islam goatshaggers, butt sex, crying, more crying, and stuff..."""
6847,img/06847.png,0,matte black gloss black
6852,img/06852.png,0,"man committing genocide armed with nuclear weapons, gunboats, helicopter gunships, tanks, bombers, bulldozers, drones and as many arms as he can buy with the $4 billion per year america gives him.. plays the victim"
6859,img/06859.png,1,the entire world: the great war killed millions germany: you gotta pump those numbers up!
6871,img/06871.png,1,"abdul, you moron! i said ""bag the oat and wheat""! not ""shag the goat meat""!"
6873,img/06873.png,1,just got a bootleg copy of muslim porn deep goat
6874,img/06874.png,1,ach!! thats my car volkswagen cars produce more gaz than expected
6875,img/06875.png,0,it didn't happen because of the actions of one man it happened because of people who were 'just doing their jobs'
6892,img/06892.png,0,when you're trying to listen to the teacher in your school and the foreign exchange student keeps on crying
6893,img/06893.png,1,you rape em we scrape em no fetus can defetus
6897,img/06897.png,1,"if you think the crakkka of today is different from the crakka 500 years ago, you're a damn fool"
6914,img/06914.png,1,"""never forget"" - you said. i am the proof you have forgotten"
6934,img/06934.png,0,hitler nonchalantly killing millions of jews with no remorse
6937,img/06937.png,0,"coming soon to your neighborhood 300,000 islamic heathens demanding the usa change to suit thier sick religion"
6945,img/06945.png,0,"""culebra u.s. territory"" u.s.miltary bomb explosions march 2019"
6948,img/06948.png,0,you mean i don't have to pick it and i can eat it?!
6951,img/06951.png,0,never forget united we stand
6952,img/06952.png,0,motorcross bikes are ridden by drug dealers and gang members because they can easily elude law enforcement mothers against death sports if your child has an interest in motorcross they may have joined a gang or be involved in the illegal drug trade
6973,img/06973.png,0,what it looks like when cancer gets aids
6985,img/06985.png,0,"their average iq is about 70-80, few points above being retarded"
6987,img/06987.png,0,that look you give when you got your fix but not your kids
7124,img/07124.png,0,how to wink at a muslim
7125,img/07125.png,1,muslim in congress 2019 muslims in 2001
7126,img/07126.png,0,"these are kids, these are pigs please dont get us confused"
7134,img/07134.png,0,sexbomb sexbomb you are my sexbomb
7159,img/07159.png,0,when the school shooter finally leaves and the hottest girl in class is laying dead on the floor it's free real estate
7164,img/07164.png,0,i promise i promise. i promise. i deliver
7192,img/07192.png,1,when you're a nazi officer and someone gives you the name and location of a jewish family
7194,img/07194.png,0,running is one of the best ways to stay fit
7215,img/07215.png,0,"dogs are cute, great compantions, and can be taught to obey and protect. a better option than a gun"
7218,img/07218.png,1,"when you and ya classmate are hiding from the school shooter, but you wanna die so you sneeze to get his attention hehehehehe my bad guys"
7219,img/07219.png,0,a gorilla dreaming that she was kim burrell
7234,img/07234.png,0,that's enough facebook for today this sammich isn't going to make itself
7236,img/07236.png,1,"when you realize that ""ginger"" is just the n-word, rearranged"
7238,img/07238.png,0,"uh oh, guess what day it is trump day"
7239,img/07239.png,0,a head diaper is required when you have shit for brains
7241,img/07241.png,1,it warms my heart seeing fathers spending time woth their kids
7248,img/07248.png,1,it is disgusting to laugh at gender dysphoria
7249,img/07249.png,0,obama throws first pitch at an all-star game
7254,img/07254.png,1,"muslims believe that if they get killed by a woman, they go straight to hell well ladies, it's time to lock and load"
7258,img/07258.png,1,"some crazy rez girls be like: ""if you ever leave me, i'll punch myself in the face and tell cops you did it"""
7259,img/07259.png,0,come here girl let me smell yo butt
7261,img/07261.png,1,so you are telling me american gypsies are just white trash
7268,img/07268.png,0,middle eastern prostitute
7269,img/07269.png,0,this salad is so fresh it had to live with its aunty and uncle in bel air
7285,img/07285.png,0,shame on you fork tongued devils
7286,img/07286.png,0,hiltler eating a meal with his family
7293,img/07293.png,1,"anyone that says white people can't jump obviosly hasn't seen the 9/11 footage ""white people can't jump"""
7294,img/07294.png,1,bruder you killed me so the jew could control your media so the jews could control your banks so the jews control you money so the jews could control your government so your children could die for israel so foreigners could destroy your cities so foreigners could run your civil and public services so you become a prisoner in your own homes so your people and race are lost forever
7312,img/07312.png,0,yeah bitches totalinarism is a sham
7318,img/07318.png,0,"you say i'm racist because i don't want illegals here? i have some news for you. ""illegal"" isn't a race, morons"
7319,img/07319.png,0,"musslamic democrat, ilhan omar, has threatened members of congress. she's told several republicans that she'll send them ""shawarma"", to ""give them a taste of her culture"" share to say arrest her now!"
7325,img/07325.png,0,but i need you
7345,img/07345.png,0,fuck banks and all their fees
7354,img/07354.png,0,is there anything more beautiful than the islamic call to prayer?
7356,img/07356.png,0,my husband told me to make him a sandwich i need a good comeback i would come back with a sandwich
7385,img/07385.png,1,i said glass of juice not gas the jews
7389,img/07389.png,0,will you tell the cat bullying is not okay?
7391,img/07391.png,0,"i'm not racist, but... racist memes are allowed, right?"
7412,img/07412.png,1,white trash nation
7413,img/07413.png,0,hello! may i please speak with jesus? cause these folks gonna make me break at least 4 of the ten commandments
7419,img/07419.png,1,"on this day, the 25th of march, 1920, the black and tans arrive in ireland... they are given a warm welcome"
7431,img/07431.png,0,leave no dog behind
7436,img/07436.png,0,"if the government says, ""you don't need a gun"" you need a gun!"
7438,img/07438.png,0,how women win an argument
7452,img/07452.png,1,germany builds the first jet but couldn't make a steel door for a gas chamber expose the lie
7456,img/07456.png,1,"domestic violence 2017 what level you on now? this chicken is cold,bitch!!"
7458,img/07458.png,1,transgender satan is not amused
7463,img/07463.png,0,meanwhile at the isis strip club
7465,img/07465.png,0,"until you give the white man back his god, everything i post is going to offend you"
7469,img/07469.png,0,where is the criminal?
7481,img/07481.png,0,when you see your goat with another man
7486,img/07486.png,1,what's the difference between a walrus and a lesbian? one smells like fish and has a moustache and the other is a walrus!
7496,img/07496.png,0,this muslim guy is in heaven
7523,img/07523.png,1,man caught having sex with a feminist at the beach
7539,img/07539.png,1,redneck word of the day: twerk imma have a few beers before i get back twerk
7561,img/07561.png,1,"ernie remembers the brave soldiers who fought before him. tonight, he would reenact their bold acts by smashing through his jewish neighbors glass window"
7562,img/07562.png,0,rest in peace
7582,img/07582.png,0,when you're not only the gay friend but also have the sickest memes
7591,img/07591.png,0,democrats claim daca kids shouldn't t have to pay for their parent's crimes.. ...but white people are still responsible for 17th century slave owners??
7592,img/07592.png,0,justin come here the chevy faggots are mad again
7594,img/07594.png,0,"if you think it's okay for iran to have nukes, but not okay for law abiding americans to have guns you might be a dumbass"
7615,img/07615.png,0,i put the ape in rape
7618,img/07618.png,0,protesting death to the middle east
7623,img/07623.png,0,a handful of rich people should not run the country a handful of politicians should
7628,img/07628.png,1,"when you tell your islamic friend, you cannot go on the same plane as them. all right then. keep your life"
7632,img/07632.png,0,when someone makes eye contact with you while you're doing cardio look away!
7634,img/07634.png,0,talking about animal rights is fun
7649,img/07649.png,0,i see no difference
7651,img/07651.png,1,how you gotta treat girls with smart mouths
7659,img/07659.png,0,latinos will do anything to get into trump's america
7685,img/07685.png,1,"*when i finally snap and actually kill myself after years of saying ""i wanna die""* my friends: you did it. you crazy son of a bitch, you did it"
7692,img/07692.png,1,"hurry up son, the owner is coming"
7693,img/07693.png,0,marokko speed dating
7698,img/07698.png,0,"go ahead, call the cops see who cums first"
7824,img/07824.png,0,it's hump day!!! oh fuck!!!
7825,img/07825.png,0,men and women are sacrificing their lives doing this so that we can live peacfully in the comfort of our homes
7826,img/07826.png,0,any time you have to rely upon your enemy for a job you're in bad shape!
7834,img/07834.png,0,guess whose house wasn't raided by the fbi?
7836,img/07836.png,1,hi hacker bro we are muslim brotherhood
7839,img/07839.png,0,dont fuck with me... my husband is married to vladimir putin
7849,img/07849.png,1,sorry white guys but i only date black guys
7851,img/07851.png,0,feeling fresh for picture day
7852,img/07852.png,0,"old people at weddings always poke me and say ""you're next."" so, i started doing the same thing to them at funerals"
7853,img/07853.png,1,"9/11 gets a mourning day while gay get a ""pride"" month because homosexuality is a bigger tragedy"
7865,img/07865.png,1,a real man... loads the dishwasher every night!!
7893,img/07893.png,0,wax figure reconstruction of anne frank
7895,img/07895.png,0,the feeling of dry skin be like
7912,img/07912.png,0,european rats in the 15th century i'm about to end man
7916,img/07916.png,0,theleft will never condemn sharia law the muslim vote matters more to them than preserving the constitution
7924,img/07924.png,0,when you've accepted your sexual preferences and are happy with your life now
7926,img/07926.png,0,lisa page admits obama's doj ordered fbi not to charge hillary clinton in email scandal... hi i'm barrack obama and my ass is grass
7931,img/07931.png,1,how black people became christians
7935,img/07935.png,0,"'did you know princess diana had dandruff?'' ''oh yes, yes, they found her head and shoulders on the dashboard''"
7956,img/07956.png,1,when you find out there's an opening for the role of chewbacca
7965,img/07965.png,1,whites without blacks blacks without whites
7968,img/07968.png,1,ernie mocks tyrone's lack of a father in front of the whole class
7983,img/07983.png,0,did we run out of gas ? someone get out and push
7984,img/07984.png,1,"we are not a rich nation but we know better than to tolerate islam so if you have ever wanted to visit africa, keep amgola in mind"
8125,img/08125.png,1,manual tranny automatic tranny rebuilt tranny
8126,img/08126.png,0,kenyan shit
8134,img/08134.png,0,mark zuckerberg approves!
8137,img/08137.png,0,cannibalism
8146,img/08146.png,1,i am a gamer not because i don't have a life but because i hate women and minorities
8147,img/08147.png,0,when you are back home from cheating
8162,img/08162.png,0,on my way to daycare got me like
8163,img/08163.png,1,i told my gay friend that i can turn fruits in to vegetables and he told me to prove it so i pushed him off a balcony
8164,img/08164.png,1,it's not a hijab it's a diaper for people with shit for brains
8172,img/08172.png,0,bosses be like when you coming in?
8173,img/08173.png,1,i may not be a smart man ilhan but i know what a jew-hating islamist sounds like
8175,img/08175.png,0,i'm not saying you are a slut but you go out with everyone
8176,img/08176.png,0,notice how the kenyan skidmark has been silent about the mueller report?
8196,img/08196.png,0,women can wear what they want you dont have the right to ban the burka its basic democracy
8219,img/08219.png,1,"i make everyone the way they are oh, you're gay? i'm going to burn you in hell for eternity"
8234,img/08234.png,1,"a world leader, a supermodel, a mass murderer, a tranny, satan's daughter, and a peanut farmer walk into a funeral......"
8241,img/08241.png,0,when people are still talking about epstein's pedo ring after 3 mass shootings in a week you're going to need a bigger
8243,img/08243.png,0,damn i need some shades
8251,img/08251.png,1,the name's todd... retodd
8254,img/08254.png,0,we've been saved! from what? critical thinking?
8259,img/08259.png,0,old yearbook photo of a cute child
8267,img/08267.png,1,uncle daddy says that i have to wash my pussy cos mummy says my brothers cock tastes different
8275,img/08275.png,1,the pimp hand strong enough for man but made for teaching
8276,img/08276.png,0,it's hard but it's worth it
8295,img/08295.png,0,please consider donating water to children in need
8297,img/08297.png,0,ahmed? i'm pregnant!!
8317,img/08317.png,0,a head diaper is required when you have shit for brains
8345,img/08345.png,0,this sunday.. don't forget to set your clock forward one hour
8349,img/08349.png,1,"honor killings are part of our culture well then, it will be my honor to kill you all"
8357,img/08357.png,0,nazi soldiers used flame throwers to clear trenches
8367,img/08367.png,0,you may kiss the bride
8369,img/08369.png,0,and just like that fox news and trump stopped caring about the caravan
8372,img/08372.png,0,wave hello make someone smile
8375,img/08375.png,1,rashida tlaib in traditional 'palestinian garb'
8395,img/08395.png,1,my dad is the best at hide and seek he's been gone for 15 years
8415,img/08415.png,0,all people should be protected by those in blue
8423,img/08423.png,0,true love is an emotion
8439,img/08439.png,0,started playing hide and seek with dad been looking for him for 25 years
8452,img/08452.png,0,i don't know who gave my child a whistle but i will find you and i will kill you
8462,img/08462.png,0,i will not let america turn into another nation of islam !!!!!!
8469,img/08469.png,0,trump supporters be like mexicans stole my teeth
8471,img/08471.png,1,they have sex with goats wipe their asses with their hands and drink camel piss but i'm the unclean one!
8476,img/08476.png,0,classic anne frank photo
8495,img/08495.png,0,mein feelings have been hurt
8516,img/08516.png,0,smirked at an adult media coverage: 30 days shot up a school media coverage: 2 days
8517,img/08517.png,0,when the weekends finally here
8523,img/08523.png,1,cute getting ready to start kid her life too bad shes already fkn' dead raped and murdered by an illegal immigrant
8531,img/08531.png,0,this one's called dirty deeds done with sheep
8534,img/08534.png,1,if you don't believe in god you're going to suffer and burn for all eternity in hell  child abuse it isn't necessarily physical
8537,img/08537.png,1,allah is watching you!
8546,img/08546.png,1,i'm not saying you are a slut but you are easier than poland
8563,img/08563.png,0,the terrible actions this all began with of one man doing a terrible job for mankind
8564,img/08564.png,0,when your dishwasher is broken so you take it back to walmart to get a new one
8569,img/08569.png,0,weekend friendship brunch date
8571,img/08571.png,0,asian drivers test had an accident
8591,img/08591.png,0,teacher of the year for black community
8593,img/08593.png,1,18 years later
8597,img/08597.png,1,"now, you're telling me you were so ingrained with white trash dna, your facial hair actually grows in on its own all white trashy like that?"
8613,img/08613.png,1,on my way to run over w*men and minorities
8617,img/08617.png,1,history teacher: 6 million jews died during wwii me:
8621,img/08621.png,0,"thats fucked up, but i like it"
8624,img/08624.png,1,i saw a little jewish boy playing with an ash tray while walking down the road today i asked him if he was looking for his grandparents did jew nazi that this israeli funny?
8627,img/08627.png,0,always love your mother even if she's batshit crazy
8632,img/08632.png,1,"""why do you have to punch a hole in the wall when you get upset?"" white guys: it defines who i am"
8637,img/08637.png,1,islam: how many more are we going to have to murder... ...before the world realizes that we are the religion of peace?
8641,img/08641.png,0,caitlyn jenner is kylie jenners transexual biological father
8645,img/08645.png,0,some people say religion is a labor of love
8649,img/08649.png,0,love in the world comes in many forms
8652,img/08652.png,1,how we see muslims how muslims see us
8654,img/08654.png,1,never had one before . what? a room to yourself? a white bitch
8657,img/08657.png,1,i saw her standing there and i told her she had three beautifull children. she did't have to get all pissed off and threaten me. it was an honest mistake
8671,img/08671.png,0,scientist have found that caucasians share 99.9% dna with us
8693,img/08693.png,0,this thread needs more bacon
8695,img/08695.png,1,how you guys think they look like but when pados wale pandit sees you
8719,img/08719.png,0,why do white people smell like bologna?
8732,img/08732.png,0,what guys envision lesbian look like what lesbians really look like
8741,img/08741.png,1,jussie smollet taken at gunpoint in maga country
8742,img/08742.png,0,so there i was.. setting up economic miracles for the next president
8743,img/08743.png,0,"if you see me in public looking a hot mess, just know; my bills are paid, my children have food, & i ain't trying to impress you"
8761,img/08761.png,0,mental health is important
8793,img/08793.png,1,that's black people for ya what did you expect
8924,img/08924.png,0,"when you already started eating and someone says ""lets pray"""
8934,img/08934.png,1,white kids be like im killing everybody
8937,img/08937.png,0,you know like when the tv doesnt work you give it a hard hit and then its all better
8941,img/08941.png,0,i put the ape in rape
8954,img/08954.png,0,the pope at the vatican
8957,img/08957.png,0,"telling a girl you jerk off to her is the ultimate compliment, with all the free porn there is, she was chosen"
8961,img/08961.png,1,what was hitler's favorite race? nazi jews
8962,img/08962.png,1,you know you're getting older when you walk by 3 priests and don't even get a look
8964,img/08964.png,1,did you know . if you hold a person underwater long enough they stop being an asshole
9124,img/09124.png,0,close your eyes 50% you'll see both of the pics are similar
9126,img/09126.png,0,"when your friend plays rap music on the way to a kkk meeting dude, you're embarassing me in front of the wizards"
9128,img/09128.png,0,"only in america could these people consider themselves the ""master race"""
9132,img/09132.png,0,based in america
9138,img/09138.png,1,muslims in 2001 defund homeland security! muslim in congress 2019
9148,img/09148.png,0,friends come and go but brothers last forever
9154,img/09154.png,0,we've been at peace with japan since 1945 time to make peace with isis
9156,img/09156.png,1,"sit down kids, i will now tell you how i met your mother"
9162,img/09162.png,0,please make them white
9176,img/09176.png,0,always be kind to those less fortunate than you
9184,img/09184.png,1,how to get a black guy to see his baby
9185,img/09185.png,1,ahmed? i'm pregnant!!
9187,img/09187.png,1,what's black and screams? stevie wonder answering the iron
9213,img/09213.png,1,boys are the devil
9215,img/09215.png,0,me: wanna watch porn or golf? her: porn. you already know how to golf
9217,img/09217.png,0,overdose
9238,img/09238.png,0,turn that frown upside down
9247,img/09247.png,0,enough deaths stop gun violence
9248,img/09248.png,0,when your dishwasher is broken so you take it back to walmart to get a new one
9251,img/09251.png,1,"you have adhd? well, i know a place i can send you where you'll learn to concentrate"
9263,img/09263.png,0,"eix bafe2, i didn't sign up for this shit"
9265,img/09265.png,0,"take advantage of u.n. and foreign aid-funded housing and benefits ""death to the west!"""
9267,img/09267.png,1,support the temple motherfuckers i'm here to claim the rights of husband you never give your wife away join the fucking government i hate all freemasons and christians
9268,img/09268.png,1,incest never goes wrong
9273,img/09273.png,0,hard to argue with a woman that's braless when she's already made two oustanding points
9283,img/09283.png,0,all people in this world deserve help
9284,img/09284.png,0,the world's most wanted terrorist obama bin lying
9285,img/09285.png,1,when the squad is about to get lit.
9286,img/09286.png,0,please send us your thoughts and prayers
9312,img/09312.png,0,need a hug ? i love hugs
9315,img/09315.png,0,when you've finished with your life of crime
9321,img/09321.png,0,glad of growing up with this not this
9324,img/09324.png,0,what would i do if she got pregnant
9326,img/09326.png,0,"my parents lived better with a high school diploma than i do with a 4 year degree of the 3 million available jobs today, less than 20% require a 4 year degree ""we are lending money we don't have to kids who can't pay it back to train them for jobs that no longer exist. that's nuts -mike rowe"
9347,img/09347.png,0,when you step on a landmine but you do not weigh enough
9352,img/09352.png,1,they will soon be extinct
9364,img/09364.png,1,all races are equal
9368,img/09368.png,0,am i doing a good job?
9374,img/09374.png,1,the war on drugs is ridiculous  that's just more money we could be using to bomb the fuck out of those muslims!
9376,img/09376.png,0,i might not be good at sucking cock but i can put beavers outta work
9382,img/09382.png,0,you've been hungerstruck!!
9384,img/09384.png,0,when you're muslim but you have oil
9385,img/09385.png,1,"i'm not gay, but for 20$ you can ramit inmah ashol"
9387,img/09387.png,1,now at home depot check out the new kenyan fly strip
9413,img/09413.png,1,when you start fingering yourself but your sister cums instead
9423,img/09423.png,0,when you get paid when you check your bank account after paying bills
9432,img/09432.png,1,you've been hungerstruck!!
9457,img/09457.png,0,i hate buffalos they ruin my land
9462,img/09462.png,0,halloween got you like
9465,img/09465.png,1,"omg quick, someone call hasmat smells like a concentration camp"
9468,img/09468.png,1,prospective without white '' ''
9478,img/09478.png,0,manual trans automatic trans rebuilt trans
9482,img/09482.png,1,marital status?? in a relationsheep.
9486,img/09486.png,0,don't get me started about your problems
9514,img/09514.png,0,someone shoot this bitch
9518,img/09518.png,1,after sex selfies usa croatia germany
9523,img/09523.png,0,we shall snort cocaine and have our assholes tongued by the angels
9527,img/09527.png,1,listen up cupcake we are losing our country to goat humpers!
9531,img/09531.png,0,we should put a stop to capital punishment
9547,img/09547.png,0,if being a racist means i don't want my country turned into a pile of rocks & and goatshit ruled by a barbaric cult then i'm a racist
9561,img/09561.png,0,when the chow mein was on point
9572,img/09572.png,1,"all men are animals baby, some just make better pets than others"
9587,img/09587.png,0,that chicken is so black it owes child support
9615,img/09615.png,0,met gala celebration
9617,img/09617.png,0,when you turn on the light and realize you have been fisting the wrong hole
9618,img/09618.png,0,vitiligo is a disease that causes the loss of skin color
9623,img/09623.png,0,all my guns now self identify as dirt bikes so i had to install mufflers
9624,img/09624.png,1,white people already paid reparations
9634,img/09634.png,1,come on our shame tour! we will show you how to murder babies and harass the elderly
9641,img/09641.png,0,zakk wylde zakk calm
9642,img/09642.png,0,"pelosi slams trump after he gets mexico to cave, says ""threats & temper tantrums are no way to negotiate foreign policy..."" why is she so mad that trump got mexico to finally help us stop illegal immigration?"
9648,img/09648.png,0,damn michelle are you hungry?
9657,img/09657.png,0,"and then trump said i'm, like, a really smart person"
9682,img/09682.png,0,pals
9713,img/09713.png,0,the hardest part of breaking up with her is having to drop the bomb on her twice before she gets it
9716,img/09716.png,0,weeeee! im back home
9718,img/09718.png,0,can you tag your friend tell them i found their baby pic
9731,img/09731.png,0,moses was the first to know of the 10 commandments
9738,img/09738.png,0,i know you are wearing extensions
9756,img/09756.png,0,daily activity log i got this
9765,img/09765.png,0,"in most countries, traitors are killed. in america, they join the democrat party"
9768,img/09768.png,1,whats black and screams? harvey price answering the iron
9781,img/09781.png,0,hello brother wait is that a shotgun?
9785,img/09785.png,0,searching for buried treasure
9814,img/09814.png,1,you are not wanted! you are a mental deficient!
9821,img/09821.png,0,the pic after saying i didnt drink that much last night to your friends
9823,img/09823.png,0,meanwhile.. back at #nevertrump command center
9824,img/09824.png,1,mfw the local tranny gets lynched
9827,img/09827.png,0,the enemy within linda sarsour ocasio-cortez ilhan omar rashida tlaib the enemy has infiltrated congress
9831,img/09831.png,1,"when someone says ""show me in the bible where it says jesus command gays should be out to death?"" leviticus 20:13"
9834,img/09834.png,0,a muslim threesome
9841,img/09841.png,0,"oh you drive a dodge, do you blow trannys as good as your truck"
9843,img/09843.png,1,laughs in throwing gays from tall buildings!
9851,img/09851.png,0,it appears you're hm.. a cracker
9852,img/09852.png,1,all men should be disarmed preferably both arms
9867,img/09867.png,1,we can kill as many as we want and your stupid government keeps bringing us in
9875,img/09875.png,0,i see dickheads everywhere they don't even know they're dickheads
10236,img/10236.png,0,immigrants wave our flag invaders wave their own
10238,img/10238.png,0,african girl suffering from a face deformity
10246,img/10246.png,0,when you ask your dad who is a retired drill sargent to build you a ginger bread house
10254,img/10254.png,0,when you realize tomorrow is monday
10256,img/10256.png,1,"and if anything happens, the women are to blame that's right, it's their fault, definitely"
10258,img/10258.png,1,*lands plane successfully as planned * everyone at the twin tower:
10259,img/10259.png,0,they stole ma chickin i stole their life
10263,img/10263.png,0,"rep. dan crenshaw former navy seal decorated war hero literally lost an eye ""doing something about terrorism"" rep.ocasio-cortez former bartender supports socialism told dan crenshawn he should ""do something about terrorism"""
10264,img/10264.png,0,when you eat her ass and then she say that she don't suck dick... wayment
10268,img/10268.png,0,bitch please go back to england
10269,img/10269.png,0,when your human stops petting you
10278,img/10278.png,0,of duty call new zealand
10283,img/10283.png,1,"well, it was tough getting this community up to standards but were alwhite now shadowy place over there? but what's that dont talk black to me you little n ewborn african"
10289,img/10289.png,0,when you're trying to keep eye contact but her cleavage game is strong
10325,img/10325.png,0,i will build a space force and make the martians pay for it believe me! bigly!
10328,img/10328.png,1,how dikes look when they're in line paying for their pads
10329,img/10329.png,0,mom.. this horse smells funny!
10345,img/10345.png,0,images of german leaders and soldiers of ww2
10357,img/10357.png,0,hockey would be fun they said
10358,img/10358.png,1,why arent there any pharmacies in africa? because you cant take medicine on an empty stomach
10372,img/10372.png,0,i hate 3 things: vampires. werewolves and witches
10384,img/10384.png,0,he is proving that grown adults can be a bully
10385,img/10385.png,0,when he's muslim and asks you to role play
10389,img/10389.png,1,"only in america could these people consider themselves the ""master race"""
10395,img/10395.png,0,2+2 is potato minus 1 is poo quick math!
10398,img/10398.png,1,arabs arabs how could the jews do this to us
10423,img/10423.png,1,nobody wants to hang auschwitz me
10436,img/10436.png,1,sea monkeys
10453,img/10453.png,1,all men are pigs women are equal to men
10458,img/10458.png,0,i love my precious they will always me mine
10459,img/10459.png,0,i'm not racist i hate white liberals more than anybody
10463,img/10463.png,0,"so, where did you get all of this gold elizabeth? i stole it from africa!!!"
10465,img/10465.png,1,happy 4th of july
10478,img/10478.png,0,house of pedophile
10479,img/10479.png,1,who can deny the cash chambers
10483,img/10483.png,1,"you're a rapist, you're a rapist, all mexicans are rapists!"
10489,img/10489.png,1,have you ever tried ethiopian food? neither have they
10492,img/10492.png,1,"""judgement day will not come until the muslims fight the jews and kill them"
10493,img/10493.png,0,"stevie wonder is ""wonder""ful"
10524,img/10524.png,0,some people did something again.
10527,img/10527.png,0,when you finally headshot 150 black people
10528,img/10528.png,1,this shit is why i bake people
10538,img/10538.png,0,morgan freeman condemning slavery
10539,img/10539.png,0,"millions of kills, 1 death what a fucking camper"
10547,img/10547.png,1,fuck banks fuck indians too
10562,img/10562.png,1,what if i change my gender so i become the victim and not the rapist
10567,img/10567.png,1,america first rag heads fuck you people trump 2020 you are the enemy of the people
10572,img/10572.png,0,"so they rigged the elections, gave hillary the debate answers had dead people vote, tapped trumps phones, and they still lost!"
10574,img/10574.png,0,"last year tyrone got a new job, started building his credit, and spending more time with his kids then something amazing started to happen!"
10576,img/10576.png,0,emmanuel macron said: 'nationalism is treason' if not for the u.s. you'd be saying that in german right now
10579,img/10579.png,1,only 1.4% of white people ever owned slaves so blaming the entire white race is racism at it's finest!
10582,img/10582.png,0,four years for your bachelor's? i've worked 60 for my masters
10583,img/10583.png,0,once you go black you don't go back
10584,img/10584.png,0,goes on tinder instead of match.com
10589,img/10589.png,0,i love coke more than pepsi
10596,img/10596.png,0,i love pudding pudding my dick nhere it don't belong
10625,img/10625.png,0,the new democratic flag
10639,img/10639.png,0,now i'm gonna use two fingers
10653,img/10653.png,0,buckle up sugar tits 'cause i'm about to take you to pound town in the fuck truck
10659,img/10659.png,0,chinese ppl be like happy thanksgiving
10673,img/10673.png,0,when you're still a week away from pay day and your car breaks down on you
10675,img/10675.png,1,handjobs sold separately!
10682,img/10682.png,1,"stephen miller, architect of the policy to seperate children from their parents at the border. the jew with the soul of a nazi"
10689,img/10689.png,0,when you got an itch on your back that you can't reach but your white friend got you
10692,img/10692.png,0,this piggy just wants to say have a wonderful day!
10693,img/10693.png,0,the enemy within ilhan omar linda sarsour rashida tlaib the enemy has infiltrated congress
10725,img/10725.png,0,man rejoices over harvest
10732,img/10732.png,0,look dad im doing it you did it tyrone! you stole your first bike
10734,img/10734.png,0,"""yo bro ask the c.o. why he ain't pop my door"""
10743,img/10743.png,0,move to new york they said it'll be fun they said
10752,img/10752.png,0,did the irish celebrate black history month
10759,img/10759.png,0,"also, my best friend emma says: fuck off forever and ever"
10765,img/10765.png,0,i asked him to see things from my point of view he looked out the kitchen window
10786,img/10786.png,0,president trump accused of sexual assault right before the election clarence thomas accused sexual harassment right before the election right before getting voted in by the senate roy moore accused of sexual assault right before senate election in alabama brett kavanaugh accused of sexual assault right before getting voted in by the senate still convinced that the accusers are telling the truth? bret e macgregor monday at 8:34 pm
10792,img/10792.png,0,guys what the fuck what the actual fuck
10793,img/10793.png,0,meanwhile at the isis strip club
10827,img/10827.png,0,watch out i'll put a bomb in your car
10829,img/10829.png,1,"its ok, let them in only a few will kill"
10834,img/10834.png,0,when my autistic son finds out we're having chicken for dinner
10835,img/10835.png,1,"yeah bitches 6,000,000 kill streak"
10839,img/10839.png,0,hitler wanted this embarrassing photo of him destroyed
10843,img/10843.png,0,your an idiot trump thanks for the wall i'm need target practice
10852,img/10852.png,0,a beautiful family
10853,img/10853.png,0,that look when you want to speak to the manager
10857,img/10857.png,0,how do you know when this prick is lying? the sphincter under his nose is moving
10867,img/10867.png,0,official muslim refugee checkpoint
10893,img/10893.png,1,"marge, i converted to islam!"
10895,img/10895.png,0,what do you call a mexican without a car? carlos
10926,img/10926.png,0,traditional african tribe
10932,img/10932.png,0,you come home and found this.. what do you do ???
10935,img/10935.png,0,modern japanese '' ''
10936,img/10936.png,1,77 years after pearl harbor and it still hurts but just 17 years after 9/11 and we want to move them here and adopt their laws in american cities
10943,img/10943.png,1,how women win an argument
10946,img/10946.png,1,glad she put the paper up someone might recognise her
10947,img/10947.png,0,i think it's funny to haggle over price with hookers when you're just going to kill them anyway
10948,img/10948.png,1,what are you doing ? nothing babe just women stuff you crashed the car again?
10952,img/10952.png,0,i agree hi 5 bro
10962,img/10962.png,0,nothing beats a good old sultry stare down
10972,img/10972.png,0,what i'm really thinking when i like all your pictures
10976,img/10976.png,0,when you see a commercial about starving kids in africa i missed the part where that's my problem
10983,img/10983.png,0,miami dolphins super bowl highlights
10985,img/10985.png,0,"i just met you, and this is crazy but i love bath salts, and you look tasty"
12034,img/12034.png,1,why don't i get sunburnt? because prisons are indoors
12035,img/12035.png,0,i date crazy bikers with beards cause once you ride a beard and a harley you don't go back
12036,img/12036.png,1,execute a plan to accept your actual born sex you'll be happier when you do
12039,img/12039.png,0,never forget 9/11
12054,img/12054.png,1,what do chevy trucks have in common with their owners? they've both blown a tranny.
12059,img/12059.png,1,the only kkk to ever let black men in
12063,img/12063.png,0,when your goat tells you oh no! she ain't on the pill
12068,img/12068.png,1,this muslim guy is in heaven
12074,img/12074.png,1,"when somebody ask's a jew why they are jewish.. ""i think of myself as above the average person """
12086,img/12086.png,1,i just wanna show you something comment what you think he's gonna show this goat fucker??
12093,img/12093.png,0,"if you see me in public looking a hot mess, just know; my bills are paid, my children have food, & i ain't trying to impress you"
12094,img/12094.png,0,when you offer to get someone stoned and they decline
12096,img/12096.png,0,this is how ignorant people will see rashida tlaib
12309,img/12309.png,0,"i don't know how to deal with criminals, i guess i'll take a shot at them"
12348,img/12348.png,0,"bitch, say something else"
12349,img/12349.png,1,a muslim in congress wants to get rid of homeland security let that sink in! 18 years after 9/11 and this is where we are at?
12356,img/12356.png,0,the guy that wrote this sign wants $15.00 an hour
12358,img/12358.png,0,oh no i can't steal anymore
12374,img/12374.png,0,holding cooking classes for those with disabilities gives them a new form of independence
12376,img/12376.png,0,why girls wanna be mermaids: 1. no pants 2. no periods 3. perfect hair 4. you get to lure men to their deaths well that escalated quickly
12389,img/12389.png,1,bert and ernie dress up as goats in an attempt to catfish arab men
12407,img/12407.png,0,my favorite animal is carrot
12430,img/12430.png,0,howdy y'all!
12450,img/12450.png,1,meanwhile in alabama... nothing says come hither quite like your sister in a hefty bag mermaid suit.
12453,img/12453.png,0,these are just to break
12460,img/12460.png,1,when people just talk about weed and forget your birthday (sad racist noises)
12483,img/12483.png,0,islam is a religion of peace behead those who mock islam
12489,img/12489.png,0,welcome to europe our government told us that diversity makes us stronger and we should adopt their culture
12490,img/12490.png,1,we can kill as many as we want and your stupid government keeps bringing us in
12495,img/12495.png,0,metalhead doing laundry..
12504,img/12504.png,1,it says right here we can bang goats
12507,img/12507.png,1,got thrown out of a muslim clothes shop today. i only asked where the bomber jackets were
12509,img/12509.png,0,walking away from the bathroom after accidentally eating some gluten
12534,img/12534.png,0,border agents in texas aprehend over 400 span. in just 5- minutes illegals we know we have an issue with illegal immigration but how can we fix this and not separate families
12546,img/12546.png,1,"i saw a black man carrying a tv i rushed home to see if it was mine nope, mine was still there, polishing my shoes"
12547,img/12547.png,1,gonna go outside #yolo anne frankly i thought she should have stayed home
12548,img/12548.png,0,running chocolate
12549,img/12549.png,0,eatin with the crew
12570,img/12570.png,0,when you pick her up for a date and she got hairbands on her wrist
12576,img/12576.png,0,becky lemme smash
12580,img/12580.png,1,why are the french protesting high taxes that pay for their free shit didn't they protest to get the free shit nobody said they were smart
12597,img/12597.png,0,he is proving you don't have to be poor to be trash
12603,img/12603.png,0,it would be surprising to find a muslim in a gay bar due to their beliefs
12604,img/12604.png,0,when your sheep wins first place at the fair
12607,img/12607.png,0,how i see black people getting trolled on the internet
12608,img/12608.png,0,polished aluminum f150 proof that you really can polish a turd
12637,img/12637.png,0,come and take it
12647,img/12647.png,0,"adam schiff used tax payer money to pay off a 19 year old male due to sexual harrassment claims echo, if you are sick of this creepy & dosgraceful hypocrite, trashing our president !"
12648,img/12648.png,1,the look on his face when he discovers the blood from ahmed raping his virgin daughter
12649,img/12649.png,0,i said glass of juice not gas the jews
12657,img/12657.png,1,hans ja? get him to auschwitz
12673,img/12673.png,0,how it feels being a military spouse over 30
12675,img/12675.png,0,always dtsy positive
12694,img/12694.png,0,when your teacher has a monotone voice
12704,img/12704.png,1,i cannot comment on your mother because cows are sacred in my country
12736,img/12736.png,0,"nice watch you got there david thanks, my dad sold it to me before he passed"
12748,img/12748.png,1,my thai girlfriend says a small penis shouldnt be a problem in a loving relationship but i still wish she didnt have one
12750,img/12750.png,0,hope you had fun investigating me now it's my turn
12754,img/12754.png,0,i am full! that pho was good !
12763,img/12763.png,0,when they're not picking up the phone at the pizza place
12784,img/12784.png,0,when your chinese food shows up completely uncooked
12793,img/12793.png,1,afghan muslim men make him look like a girl so they can have sex with him! he is just a little boy! stop the abuse
12807,img/12807.png,0,bruce jenner's cat
12836,img/12836.png,0,texas churches be like... praise the lord!
12837,img/12837.png,1,imagine if you will a group of people so disgusting... ...they have to make laws making it illegal to hate them
12839,img/12839.png,0,"am i allowed to watch excuse me, miss? the cowboys game here? of course, sir. it is 2019. you're allowed to be gay anywhere"
12843,img/12843.png,0,when you have to race to see who gets to the playground quicker
12867,img/12867.png,1,"part of america, ""muslims have always been starting in colonial times"" and they were hijackers and terrorists back then too you f'n jackass"
12873,img/12873.png,1,"oh, he's using you for sex? stop bitching, sex is awesome. complain when he's using you for laundry ..or a human shield"
12876,img/12876.png,0,fucking aye
12890,img/12890.png,0,hitler getting his tan on
12894,img/12894.png,0,"imagine, if you will an entire country so ignorant that the people wilfully give billions of dollars in order to elect rich criminals to rule over their lives and steal their money, but believe they are free"
12907,img/12907.png,1,siri take me home starting route to jail
12935,img/12935.png,1,"""wea yo top lip at doe"" ""missing like yo dad"""
12936,img/12936.png,1,i'm sure glad i dodged that bullet fuck white women asians are cute and tight asf i should know i watch anime and hentai
12953,img/12953.png,0,all starting from 1995
12956,img/12956.png,0,when you find out your neighbors stole your goats
12957,img/12957.png,1,"privilege has a color, white is not it"
12958,img/12958.png,1,"if you think we need protection from these people... but not these people, you're a special kind of stupid"
12967,img/12967.png,1,omg the middle east has ninjas too!!
12968,img/12968.png,0,when your little car bomber brings home his first girlfriend
12983,img/12983.png,0,laughter really is the best medicine
13042,img/13042.png,0,"jean claude van ma'am! coming soon to a gamestop near you, ""it's ma'am!!!"
13045,img/13045.png,0,an amazingly realistic wax figure of anne frank
13046,img/13046.png,1,"religion of peace? before every one understands that slam is the i mean, how many more times they have to do this i can kind of understand why muslims get so frustrated"
13049,img/13049.png,0,when he brings home his first girlfriend
13067,img/13067.png,1,when you found out your wife is cheating on you
13068,img/13068.png,0,"some noise"" and she start screaming when you at a concert with ya girl and the dj says ""all my single ladies make"
13076,img/13076.png,1,when fat white girls sit on the toilet
13085,img/13085.png,0,when you choke the hooker a little too hard and she dies this is where the fun begins
13086,img/13086.png,1,kill all americans & remind them islam is peaceful
13095,img/13095.png,1,how mexicans be like.. when they hear their friends kid is having a birthday party
13096,img/13096.png,1,virgin sheep running from horny muslims
13098,img/13098.png,1,upper downer
13209,img/13209.png,1,"when you get arrested and the cop says ""you have the right to remain silent"" but you're happy because finally you have a right"
13248,img/13248.png,0,i don't have time to be racist when i have my american muscle with four working tires
13249,img/13249.png,1,"here's a little song i call ""the talmudists are planning to kill us all"""
13269,img/13269.png,1,mississippi wind chime
13270,img/13270.png,0,remember no matter how much you whine like a little bitch trump is still your president
13276,img/13276.png,0,feminist: we're equally upset about this line me *agreeing intensifies*
13289,img/13289.png,0,i came to fuck bitches and learn rocket science
13402,img/13402.png,0,happy birthday let's snort some cake!
13426,img/13426.png,0,they will soon be free
13428,img/13428.png,1,i've told my neighbor to keep thier pug out of my yard 3 times already
13450,img/13450.png,1,something went... terribly wrong 1947 2017
13458,img/13458.png,0,oh my god i don't give a fuck
13459,img/13459.png,0,when you're in jail and missing her like crazy
13460,img/13460.png,0,cute female amputee
13465,img/13465.png,0,"""car salesman roof of car"""
13469,img/13469.png,0,when there is one coco puff left in the bowl
13470,img/13470.png,0,muslims in 2001 defund homeland security! muslim in congress 2019
13476,img/13476.png,0,i keep hitting the escape key... but i'm still here
13478,img/13478.png,0,this type of mission needs to stop
13482,img/13482.png,0,black friday sale
13486,img/13486.png,1,oh look... it's the wetern feminist movement when it comes to islam and sharia law
13492,img/13492.png,0,my mom makes the best sandwiches
13495,img/13495.png,0,there is no such thing as an appropriate joke that's why it's a joke
13506,img/13506.png,1,i can't wait to name you some dumb shit nobody can pronounce
13520,img/13520.png,1,i only wear silk panties cotton ones remind me of slavery
13528,img/13528.png,1,where's jaws when you need him ?
13542,img/13542.png,0,yobo you only blowup once
13548,img/13548.png,1,basic white girl in her natural habitat this is what i imagine heaven looks like womenwholovewine wineaisle target whitegirlwasted
13570,img/13570.png,0,who needs help getting into the u.s i can help
13576,img/13576.png,0,"hey i just met you and this is crazy, but here's my number i'll gas your baby"
13579,img/13579.png,0,up his sleevies where did hitler where? keep his armies?
13590,img/13590.png,1,q: what's the difference between harry potter and jewish people? a: harry potter eventually escape the chamber
13592,img/13592.png,0,go ahead call the cops they can't unrape you
13596,img/13596.png,0,ever notice christians are horrible drivers
13602,img/13602.png,0,when someone is trying to convince you that a fetus is a living baby but you really don't have a problem with killing a living baby either
13607,img/13607.png,0,respect your elders they've learned a lot in their time
13609,img/13609.png,0,when your 8 year old wife isn't home but your goat is improvise. adapt. overcome
13620,img/13620.png,1,when you get shot in the groin by a rubber bullet and your made-up gender doesn't protect your willie
13624,img/13624.png,0,"him: ""you have to respect our religious beliefs"" me:"
13640,img/13640.png,0,authentic lunch in venezuela
13650,img/13650.png,0,i feel like the big bad wolf looking for the 3 little pigs
13652,img/13652.png,1,"dad, does wanking give you big muscles i don't know son, but don't stop now, i'm about to cum"
13657,img/13657.png,0,you & your best friend vs me and my best friend
13675,img/13675.png,1,the fresh prince
13679,img/13679.png,1,yessss muhammad fuck me like a 6 year old
13690,img/13690.png,0,the face he makes when he's about to tell you another war story
13692,img/13692.png,0,active shooter at a walmart in tx targeting only hispanics. armed white people
13695,img/13695.png,1,when you let your ethiopian child sexslave swallow your cum i am a generous god
13697,img/13697.png,0,how chevy owners say hi to each other
13745,img/13745.png,0,x did you know that 1 out of 3 trump supporters are just as stupid as the other 2!
13748,img/13748.png,0,these were the faulty wires that caused the fire at notre dame cathedral
13764,img/13764.png,1,removes polish with chemicals everybody loses his shit removes polish with chemicals nobody bats an eye
13769,img/13769.png,0,my goal for 2018 is to accomplish the goals of 2017 which i should have done in 2016 because i promised them in 2014 and planned them in 2013
13795,img/13795.png,0,49 people were killed at christchurch muslim muslim 49 people were killed at christchurch mosques
13798,img/13798.png,0,this can get me through anything
13802,img/13802.png,1,time to make money the old fashioned way by killing christians
13806,img/13806.png,1,opens ice cream shop only sells shakes
13842,img/13842.png,0,"...and down here, we'll add a happy little van, down by the river"
13849,img/13849.png,1,damnit ! i said glass of juice not gas the jews
13852,img/13852.png,0,thank you for allowing me into your country now we need to talk about the things that need to change around here to accommodate my beliefs
13856,img/13856.png,0,officer down
13857,img/13857.png,0,this is why we shoot you guys
13859,img/13859.png,0,the fuck did you just say?
13865,img/13865.png,1,getting stoned in america can be expensive in my country it is free for everyone
13875,img/13875.png,1,i see a cat let's get it for lunch
13876,img/13876.png,1,can i get an order of savage with no chili please
13894,img/13894.png,0,putting bows on your pet
13895,img/13895.png,0,it's time for america to flush this turd
13902,img/13902.png,1,i will never be assassinated because all the crazy white trash people with guns are my biggest fans!
13906,img/13906.png,0,the results of putting a starbucks next to an outdoor basketball court
13924,img/13924.png,0,i asked him to see things from my point of view he just looked at his computer
13945,img/13945.png,0,looking for attention? join us
13958,img/13958.png,1,"""i'd like a book on suicide."" ""fuck off. you won't bring it back."""
13960,img/13960.png,1,we want sharia law !! well.... go home
13962,img/13962.png,1,dishwasher is broken? slap her a few times
13964,img/13964.png,0,this isn't even my final form
13968,img/13968.png,1,"they fear us waking up from the bull shit, and taking back what was stolen from us"
13970,img/13970.png,0,the lie detector test determined that was a lie
13976,img/13976.png,1,this is why no one likes black people
13986,img/13986.png,0,this one time at camp we got so baked
14028,img/14028.png,0,"i'm an evolved monkey on a cartoon ball, nasa told me, its science bruh!"
14037,img/14037.png,1,radical muslims are snakes moderate muslims are the grass they hide in
14038,img/14038.png,0,"holocaust jokes arent funny, anne frankly, i'm getting tired of them"
14052,img/14052.png,1,this is racist but this is not?????
14059,img/14059.png,1,"when the school shooter fires at the retarded kid, but it ricochets off of his helmet and kills the shooter"
14067,img/14067.png,0,when i see my girlfriend at any time of the day doing anything at all you're breathtaking
14072,img/14072.png,0,"during sex i suddenly stopped and didnt move she: ""what are you doing?"" me: ""hush bitch, i seen this on pornhub, its called buffering"
14078,img/14078.png,1,white people just nasty!!!
14079,img/14079.png,0,"dear single girls, please stop saying you should give up and get a cat. if no man wants you, please don't force an innocent cat to live with you"
14082,img/14082.png,1,face down. ass up. that's the way we like allah
14083,img/14083.png,1,racing for pink slips in south africa
14086,img/14086.png,0,if this is what they call pride.. then i don't wanna see what they call shame
14087,img/14087.png,1,so i bent him over like this and i made sure he felt the lord inside him
14092,img/14092.png,0,pineapple on pizza in front of a confederate flag let's see how many people we can get pissed off
14096,img/14096.png,0,is it just me or do idiots multiply quicker than normal people?
14097,img/14097.png,0,do you have any idea how fast you were going
14236,img/14236.png,0,when you told her you was going to fuck her till she was stupid & she didn't believe you now she's like..
14238,img/14238.png,0,most religions are religions of peace
14239,img/14239.png,0,cammed corvette starts up mustang pisses itslef
14259,img/14259.png,1,he is proving you don't have to be poor to be trash
14260,img/14260.png,0,when you step on a lego on your front porch
14263,img/14263.png,0,1 for english and 2 for spanish? what do i press to speak to a gorilla
14268,img/14268.png,0,"you've heard of elf on a shelf, now get ready for"
14275,img/14275.png,1,i have 72 nukes aimed at israel if these damn j'ws don't stop pretending to be white i will wipe israel off the fucking map
14276,img/14276.png,1,you think your day was bad? these two didn't get accepted to the same college
14278,img/14278.png,0,"the real racists 1863 democrats: without slaves who will pick our crops? 2017 democrats: without illegals, who will pick our crops?"
14283,img/14283.png,0,for just ten cents a day you can have delicious hand jerky
14296,img/14296.png,0,"what part of ""i didn't find shit"" liberals do you not understand?"
14297,img/14297.png,0,president trump has suggested random drug tests be performed on members of congress
14306,img/14306.png,0,i was going to make a joke about us but then i got distracted
14327,img/14327.png,0,"hunting it's not a hobby, it's a way of life"
14329,img/14329.png,1,black pastors are the new house negroes the gatekeepers of mental slavery
14360,img/14360.png,0,when isps are pushing to get rid of net neutrality protection from the law oh fuck put it back in!
14362,img/14362.png,0,rev al sharpton that kid was 17 black and unarmed
14372,img/14372.png,0,just another year and another wrinkle on the ole' nutsack. happy birthday
14378,img/14378.png,0,family are gathered in the kitchen the mum is watching her son interact with his sister
14379,img/14379.png,0,lizzie velasquez was born with a rare disease and is now a motivational speaker
14386,img/14386.png,1,"oh herro preeze welcome to shitty wok, can i take your order preeze!"
14397,img/14397.png,0,lol she thinks she's a goat
14507,img/14507.png,1,when your history teacher starts talking about the holocaust ''
14520,img/14520.png,0,"in space, reverse cowgirl and doggy style are the same position"
14523,img/14523.png,0,every modern rap album cover
14530,img/14530.png,1,it's a proven fact marines islamic radicals are less prone to violent acts after they've been shot in the head
14569,img/14569.png,0,i need someone to look at me the way he looking at that candy
14570,img/14570.png,1,how i see kim burell everytime she grabs a mic!
14573,img/14573.png,1,japanese fashion trends
14580,img/14580.png,0,"i married my brother to commit immigration fraud this makes her an illegal alien, ineligible for congress and deportable! ice, where are you?"
14589,img/14589.png,0,they don't deserve to suffer
14590,img/14590.png,0,fifty shades of goat an isis love story
14598,img/14598.png,0,"lawd, please give me strength to walk away peacefully because we both know i don't have the bail money"
14603,img/14603.png,1,ratchet strap
14620,img/14620.png,0,the look you give your friend when you know hes lyin
14625,img/14625.png,1,ernie educates bert about why the japanese deservee a third nuclear bombing
14632,img/14632.png,1,after 3 million years of evolution we have only lost the hair!
14650,img/14650.png,0,when someone asks to be my friend
14652,img/14652.png,0,when your dishwasher asks you to take out the trash i think it has a mind of its own
14657,img/14657.png,0,islam is the religion of peace peace over here peace over there
14658,img/14658.png,0,native american women
14675,img/14675.png,0,the media calls them refugees but this is what you will get
14679,img/14679.png,1,"when the white kid you've been nice to passes you a book under the table and he wrote ""you're cool. run out of the school when i give the signal"""
14685,img/14685.png,1,"white people throwing rice at weddings. ""why are they wasting the food"""
14690,img/14690.png,0,showing the kids you can do it too
14695,img/14695.png,0,my dad is the best at hide and seek he's been gone for 15 years
14697,img/14697.png,0,"everyone knows hitting appliances that stop working, sometimes fixes the problem"
14726,img/14726.png,1,i'm not racist my drug dealer is black
14728,img/14728.png,0,pray for the starving children while i hold this gold thingy
14769,img/14769.png,0,god loves all of his children
14782,img/14782.png,1,"what do you call a mexican midget? a paragraph, because he's too short to be an essay"
14783,img/14783.png,0,take that monkey shit off! you embarassin' us
14789,img/14789.png,1,hardest thing about burning a church my dick
14793,img/14793.png,0,damn it john. leave stevie alone
14802,img/14802.png,0,when you walk in your room and your uncle is naked on your bed. this is where the fun begins
14823,img/14823.png,1,you are the funny one maybe i'll kill you last
14829,img/14829.png,1,fucking queers
14830,img/14830.png,1,i see you are our waitress i'll order very sloooowly obviously you don't listen
14837,img/14837.png,0,can you please tag laura and let her know she has left her bra
14852,img/14852.png,0,people and dogs ... friendships that last
14856,img/14856.png,0,"i hate racist jokes you heard juan, you heard jamal"
14859,img/14859.png,0,when your lipstick smudges after eating a hamburger
14869,img/14869.png,0,"islam is the religion of peace piece of you over here, piece of you over there"
14870,img/14870.png,0,chimps asking for food
14879,img/14879.png,1,crawling in mein skin these jews they will not heil!
14892,img/14892.png,1,life has its ups and i have downs
14893,img/14893.png,0,"last year tyrone got a new job, started building his credit, and spending more time with his kids then something amazing started to happen!"
14897,img/14897.png,0,when you walk in on your goats making passionate love
14906,img/14906.png,0,"if you don't want to get raped, just say yes well boys we did it, rape is no more"
14908,img/14908.png,1,the floor is jews
14920,img/14920.png,0,cuddle party
14950,img/14950.png,0,the enemy within ilhan omar linda sarsour ocasio-cortez rashida tlaib the enemy has infiltrated congress
14953,img/14953.png,0,"the pope flies to greece to tell christians to love muslims i'm just curious, why doesn't he fly to iraq"
14958,img/14958.png,1,i got kicked out of hogwarts for using black magic
14965,img/14965.png,0,arabs: how they think they look how they actually look
14968,img/14968.png,1,iroc z italian retards out 'cruising'
14976,img/14976.png,0,where's jaws when you need him
15029,img/15029.png,1,they probably arguing over some little shit
15037,img/15037.png,1,"average white ""women"" average muslim women"
15043,img/15043.png,1,"bert looks down in horror, as he hears cookie monster and ernie start to masturbate to the autism documentary they are watching"
15049,img/15049.png,0,you sent out so much smoke red indians came to make peace
15062,img/15062.png,0,"this is vitiligo, the same disease that michael jackson suffered from"
15064,img/15064.png,1,"i'm uncertain where i stand on abortion. i like killing babies, but hate the idea of giving women a choice"
15067,img/15067.png,0,feeling cute may go out with my cousins later
15072,img/15072.png,0,meanwhile at the isis strip club
15076,img/15076.png,0,immigrant problem problem fixed
15078,img/15078.png,0,when abortion is illegal so you become an anti-vax parent improvise. adapt. overcome
15083,img/15083.png,0,what did you say? i didn't quite catch that
15093,img/15093.png,1,how dare people make fun of our peaceful religion
15203,img/15203.png,0,it's about how you play them its not about the cards you've been dealt
15208,img/15208.png,1,i work hard to provide for my cocaine addiction
15209,img/15209.png,1,"not all of us like to pray and protest some of us get it poppin, crakkka!"
15236,img/15236.png,0,trashy nation
15238,img/15238.png,0,being buried with honor vs disrespect in an unmarked grave
15260,img/15260.png,0,"the face they make when you've left the ""plantation"" and you no longer think like them"
15267,img/15267.png,0,why do muslims were towels on their heads so if they run out of toilet paper they have something to wipe their ass
15269,img/15269.png,0,mr. wilson you have to take your pill with water you can't crush it up and snort it off my tits
15270,img/15270.png,1,my sister died in a car accident she died reading a text i sent to her hit a tree if you hate niggers this is the text hit a tree if you hate niggers
15278,img/15278.png,0,no one: white people when you nod at them:
15280,img/15280.png,1,when hoes backwash their drink
15283,img/15283.png,0,march 8th international women's day
15290,img/15290.png,0,romanians when they see a slightly open purse/pocket/window
15298,img/15298.png,0,kim jong un had more during their debate american flags on display than the leftists did
15308,img/15308.png,0,you know shit got real... once chucky got up
15320,img/15320.png,0,obama working to legalize medical cannabis for all of the usa
15328,img/15328.png,0,please follow proper safety protocal osha is there for a reason
15349,img/15349.png,1,"whenever you feel stupid, remember this"
15368,img/15368.png,0,dont mind me just watering my muslims
15374,img/15374.png,0,"1-800 abos-r-dum, thats 1-800-abos-r-dum! do you hate yourself? doubt science & established historical records?"
15394,img/15394.png,0,happy birthday brother!!!!
15407,img/15407.png,1,when you find out a brown man talking to your sister
15409,img/15409.png,0,i'm awesome on the piano but i suck at singing
15420,img/15420.png,0,"actually no, my post wasn't about you but if the shoe fits, feel free to lace that bitch up & wear it"
15427,img/15427.png,1,teach you about him? how can they if the romans killed christ
15432,img/15432.png,0,when ur too young to know the concept of racism but ur happy cause u got a new pet
15439,img/15439.png,0,goat yoga is my favorite sport
15478,img/15478.png,1,this one time at camp   we got so baked
15479,img/15479.png,1,when you're in heaven and you got your 72 virgins but allah lied about that one goat!
15480,img/15480.png,1,"we kill you on 9/11 and you elect 3 of us to congress, stupid infidels!"
15490,img/15490.png,1,"9/11 gets a mourning day while gays get a ""pride"" month because homosexuality is a bigger tragedy"
15493,img/15493.png,0,she asked me to make her feel special so i gave her a helmet and crayons
15603,img/15603.png,0,"just say yes to socialism jim carrey ""dumb and dumber"" was a movie... ...not a lifestyle"
15609,img/15609.png,1,stomp on my flag i'll pound your ass
15630,img/15630.png,0,i'll never forget who did this no matter how much facebook defends them
15638,img/15638.png,0,when you have scented pokeballs
15642,img/15642.png,1,"""you wouldn't stop me if i was a polar bear."""
15647,img/15647.png,1,broken dishwasher for sale or rent
15648,img/15648.png,1,"it is no longer pc to call someone a ""tweeker""... they must now be referred to as ""methican american"
15649,img/15649.png,0,be kind to those less fortunate than you
15674,img/15674.png,0,then he said i couldn't come to the barbecue because i always burn the hamburgers
15690,img/15690.png,1,muslims when someone uses kilometres per hour instead of wifes per child sex slaves
15694,img/15694.png,0,i love this game
15720,img/15720.png,1,that feeling you get when people from the uk start talking shit
15723,img/15723.png,0,keep flirting with me i will find you and i will fuck you
15726,img/15726.png,0,samuel l jackson wearing a hat
15728,img/15728.png,1,this head diaper is proof indians have poo poo in their brains still not defamation
15734,img/15734.png,1,people who aren't retarded muslims hating jews
15738,img/15738.png,1,you're black. sorry no cure
15743,img/15743.png,0,when you introduce someone to a new meme you like that?
15746,img/15746.png,0,our dad is potato farmer
15768,img/15768.png,1,thinking before robbery
15796,img/15796.png,0,a short history of my snack regimen
15798,img/15798.png,0,when your mom tells you to clean up your room but you just cleaned it
15803,img/15803.png,1,what do you call a retarded jew? auschwistic
15804,img/15804.png,0,we have 3 apples. we give away 2 apples now calculate the radius on the bomb blast
15806,img/15806.png,0,so much trash we need a garbage collector
15809,img/15809.png,0,1 st graders: rain rain go away come again another day rain: it's a simple spell but quite unbreakable
15820,img/15820.png,1,stop racism black children and white children are the same
15824,img/15824.png,0,piggy back ride racing with friends is one way to get your cardio
15839,img/15839.png,0,"""if that fuckin bastard wins, we're all going to hang g from nooses! you better fix this shit!"" -hillary clinton email to donna brazile october 17, 2016"
15846,img/15846.png,0,"america in 2045 ""grandpa...why didn't you stop them?!"""
15847,img/15847.png,0,cheers to all my haters! be patient. so much more is coming
15872,img/15872.png,0,when you come home from a long day of suicide bombinb and your wife gives you this look
15892,img/15892.png,1,womens day gift packs
15893,img/15893.png,1,"how many mexicans does it take to build a... oh wow, they're done"
15902,img/15902.png,0,"wait , mohammad come back!! i didn't mean to laugh, your haircut looks great!"
15906,img/15906.png,0,obedience for those that dont like smiling probably due to their constant painful hip they all seem to grasp
15907,img/15907.png,1,and that was the last nativity play my son was invited to take part in
15920,img/15920.png,1,i only wear silk panties cotton ones remind me of slavery
15926,img/15926.png,0,who can deny the cash chambers
15936,img/15936.png,0,here to collect my reparations check
15937,img/15937.png,1,i hate muslims too they take their religion too seriously pathetic weaklings
15938,img/15938.png,0,"10-4 copy that, approaching the suspect"
15948,img/15948.png,0,that awkward moment when there's no candy in the back
15964,img/15964.png,1,"meet jon savage starring in tranny beatdown ladies and gentlemen, fasten your seatbelts"
15983,img/15983.png,1,showing skin '' since you don't have anything else to offer ''
16032,img/16032.png,0,michelle obama sighted sun bathing in afghanistan
16035,img/16035.png,1,i'm so black even my teeth are behind bars
16039,img/16039.png,0,pakistanis when indian pages posts any posts
16045,img/16045.png,0,hanging your panty's out to dry in the sun because the dryer can't dry this out !
16047,img/16047.png,0,islam is the religion of peace! don't believe me? then i will blow you up
16048,img/16048.png,1,"what your ancestors were doing july 4, 1776 what dummies do today for july 4th"
16049,img/16049.png,0,after blowing on an n64 cartridge oh fuck put it back in!
16053,img/16053.png,0,all these flavors and you choose to be salty
16054,img/16054.png,0,fuck goat right in the asshole
16058,img/16058.png,0,if you're gonna go boating make sure you have the proper flotation devices
16059,img/16059.png,0,dudes treating their jordans like
16072,img/16072.png,1,remember when you needed to bang your tv to get it working? i tired that with my dishwasher and now she's pregnant
16075,img/16075.png,0,"""islam is love!"" ariana grande yeah. if you're a goat """
16082,img/16082.png,1,are you bored? join spastics with special admin powers now
16084,img/16084.png,1,"do you smell that? no me neither, start cooking"
16089,img/16089.png,0,the media trys to show only one side of the story
16093,img/16093.png,0,when they laugh about your 9cm in the change room but they haven't seen you're 9 mm yet
16097,img/16097.png,0,"oh, you're tired of my anti-trump posts? why don't you pray for me to stop?"
16098,img/16098.png,0,when you find out who's been eating your leftovers
16207,img/16207.png,1,bro pls bro stop being bihari bro you're fuckin annoying and gay bro pls bro
16208,img/16208.png,1,"so, 100 americans and 300 russians walked into a mg 42"
16240,img/16240.png,1,this is lynn. lynn got a watch for her birthday. just kidding. she hasn't opened her present yet
16248,img/16248.png,1,for the many not the jew
16254,img/16254.png,1,define nowfag i want it now!
16259,img/16259.png,0,hitler and mussolini sharing a laugh
16275,img/16275.png,1,whats worse than raping a def girl? breaking her fingers after so she can't tell anyone
16278,img/16278.png,1,"i played baseball with a bunch of orphans yesterday. i won, because none of them knew where home was"
16280,img/16280.png,0,i didn't buy a colour tv to watch naggers on it
16283,img/16283.png,0,pork is unclean? ever smell one of these goat fuckers?
16297,img/16297.png,1,"so, you think by being a muslim sympathizer, this will somehow keef us from killing you ? you are a special kind of stupid"
16298,img/16298.png,0,sea monkeys
16340,img/16340.png,0,you call me a goat fucker that is racist
16357,img/16357.png,1,happy birthday ya lil goat fucker
16359,img/16359.png,1,"when you are virgin for a long time and then you see memes on muslims fucking their sisters, mothers, fathers and goats and now you just can't be more proud of being a muslim"
16372,img/16372.png,0,and fight to kill these why do liberals fight to keep these
16374,img/16374.png,1,who would win? ching-chongs one eggy boi
16380,img/16380.png,0,felling cute might fuck a goat later. idk
16389,img/16389.png,1,"according to women,there are 3 men in this pic"
16407,img/16407.png,0,"my girlfriend just freaked me out she gave me blowjob but insisted on roleplaying as a 14 year old. fucking weird and gross i was like, ""you're going to be 14 in a couple of years anyway, what's the rush?"""
16409,img/16409.png,0,hachimaki is a traditional headband worn by japanese men
16435,img/16435.png,1,what's the difference between jews and a loaf of bread? a loaf of bread doesn't burn in an oven
16437,img/16437.png,0,unnecessary life-vest ice cubes float
16438,img/16438.png,0,"i'm not inturupting anything personal, am i? yeah niles, we just eloped. i'm your new mom. well, i'll be a son of a bitch"
16439,img/16439.png,1,cannibalism
16458,img/16458.png,0,hear us loud and clear we will step over every homeless american to give illegal aliens everything
16480,img/16480.png,0,israel we're coming for you next
16487,img/16487.png,0,dude you've got the ugliest dog i've ever seen
16490,img/16490.png,1,i said glass of juice not gas the jews
16492,img/16492.png,1,having a bad day? you could be a siamese twin attached to a gay brother who has a date and you're the only one with an ass
16502,img/16502.png,0,admins be like this my group
16509,img/16509.png,1,feed the greed hello i'm sir trevor chinn i control tom watson by money it's what zionists do
16520,img/16520.png,1,stop making fun of our peaceful religion or we'll kill you
16532,img/16532.png,0,when all the younglings are cornered in a room this is when the fun begins
16537,img/16537.png,0,how many breaths do i have to take before i'm safe from democrats?
16538,img/16538.png,1,this goat is so raw muslims are trying to fuck it!!
16539,img/16539.png,0,child homelessness is the new issue in america
16540,img/16540.png,1,stupid people should carry a sign to let others know they're stupid me: some do
16543,img/16543.png,0,when you got somewhere to be but the sheep are blocking the road again
16548,img/16548.png,0,"""did you sleep well?"" ""like god during the holocaust"""
16573,img/16573.png,0,got a new slow cooker
16579,img/16579.png,0,when your finally starting to be accepted for who you are
16587,img/16587.png,0,tham that's methed up!!
16593,img/16593.png,0,michelle is very jealous she didn't get a yummy hog dog to eat
16702,img/16702.png,0,vlad the impaler loved eating food and killing people
16720,img/16720.png,0,"my birthday is close, i am excited"
16723,img/16723.png,1,nazi fitness camp before after body transformation within hours
16734,img/16734.png,1,a head diaper is required when you have shit for brains
16759,img/16759.png,1,handjobs sold seperately
16780,img/16780.png,0,education $1000 a child's smile priceless
16783,img/16783.png,0,a lynching in indiana in the early 30s
16784,img/16784.png,0,"o yeah we got the nintendo switch! hey goat, yes human? close your eyes goat, ok human"
16785,img/16785.png,0,yall ready to eat!?
16820,img/16820.png,0,thinking befor '' '' robbery
16824,img/16824.png,0,removes polish with chemicals no one bats an eye... starts world war ii commits crimes against the polish
16830,img/16830.png,0,the holocaust is a sad moment in history
16837,img/16837.png,1,it's mam  is it though?
16845,img/16845.png,0,nothings impossible
16849,img/16849.png,1,shame on you fork tongued devils
16857,img/16857.png,0,some people are like old tvs they need to be slapped a few times to get the fucking picture
16873,img/16873.png,0,"i know you like her son, but you can't just pull a girls hair... until she's 30 or so. they actually come around on this one"
16874,img/16874.png,0,that's a little racist
16892,img/16892.png,0,farrakhan speech at united center in chicago breaking news nation of islam members listen to minister louis
16894,img/16894.png,0,did you know that pigs are cannibals? disgusting savages
16895,img/16895.png,1,talks about good morals day and night gets a boner from looking at a goat's ass
16903,img/16903.png,1,"islam is the religion of peace piece of you over here, piece of you over there"
16920,img/16920.png,0,cartoon image of a soldier from wwii
16927,img/16927.png,0,chuck norris? never heard of her
16934,img/16934.png,0,mother fixing her daughters hair
16935,img/16935.png,0,the perfect bag doesnt exi--
16947,img/16947.png,0,gangster gettig shot
16948,img/16948.png,1,yes sir..! that's a cock
16952,img/16952.png,0,go sports! do the thing! win the points!
16954,img/16954.png,0,tag the little guy who thinks he can take on anyone
16973,img/16973.png,0,when mom dresses you for picture day
17023,img/17023.png,0,when you have a small dick and tell a jewish girl to suck it i can't
17025,img/17025.png,0,i hate americans more than hillary or obama..!! trust me.
17034,img/17034.png,1,that look transgender preditor gives when she's hungry for white people
17052,img/17052.png,1,run over by bacon truck on way to suicide mission ''
17054,img/17054.png,1,"lesbians when they spot a hot straight girl... ""call me tina cos i'm gonna turner"""
17058,img/17058.png,0,ethnic jesus
17082,img/17082.png,1,leave no dog behind ''
17086,img/17086.png,0,oh you're triggered? must be hard being a special snowflake
17089,img/17089.png,0,"about my page there will be shit you don't like, i'm going to post it anyway"
17093,img/17093.png,0,when you don't have a pool but it is a hot summer day
17205,img/17205.png,1,i win again! parkinson's center
17208,img/17208.png,1,it didn't happen because of the actions of one man it happened because of people who were 'just doing their jobs'
17230,img/17230.png,0,my face when i find out that school is canceled
17234,img/17234.png,0,what's worse than a female driver?
17235,img/17235.png,0,if it's brown flush it down
17236,img/17236.png,0,this just in caitlyn jenner claims bruce fondled her for decades
17238,img/17238.png,0,refugees welcome
17248,img/17248.png,0,what we do in our bedroom is none of your business which is why we have parades that block traffic and force you to see examples of what we do in our bedroom
17253,img/17253.png,1,dishwasher for sale missing parts
17268,img/17268.png,0,when you're doing target practice safely out at sea
17280,img/17280.png,0,what men want
17289,img/17289.png,0,breaking news the people don't believe our bullshit anymore
17290,img/17290.png,1,when my autistic son finds out we're having chicken for dinner
17294,img/17294.png,0,see? i fuckin told you! a little foil on top keeps them juicy
17296,img/17296.png,0,"the cashier seemed to appreciate that i bagged my own groceries until i unpacked them all and said, ""that's how i want you to do it."""
17305,img/17305.png,0,i've told my neighbor to keep thier pug out of my yard 3 times already
17306,img/17306.png,1,march against muslims 6 million dogs in britain 3 million muslims dogs lives matter we demand muslim free zones i lost my job as a sniffer dog because muslim racists say i'm 'unclean'
17308,img/17308.png,1,"white people worldwide need to know that south africa is a template for europe, america, australia, canada we jews control all white countries media & education"
17326,img/17326.png,1,what the neighbors see what my father sees
17345,img/17345.png,1,hello my lgbtq+ friends it's pride month so free shots for everyone!
17348,img/17348.png,0,what do you mean being funny isn't just saying hoes mad?
17352,img/17352.png,1,"dark humor is like hitler some people call it wrong, but i find it completely justified"
17354,img/17354.png,0,mlk giving a powerful speech
17356,img/17356.png,0,nothing is stronger than love except a tiger ii
17358,img/17358.png,1,get dunked on   you fucking jew
17359,img/17359.png,1,damn bruh ann frank sister thicc af no wonder the holla cost famous for it shower scenes lmao
17369,img/17369.png,0,the deep-state is about tobe barr-becued
17385,img/17385.png,1,"when whit people don't get shot by the cops because of their skin color i'm sorry, is this some sort of whitejoke that i'm too black to understand?"
17386,img/17386.png,0,"mean a thing, it does not if that swing it ain't got"
17390,img/17390.png,0,"when someone starts acting all friendly, but you already know what they really are"
17392,img/17392.png,0,we are all apart of god's plan. christ will come to us
17398,img/17398.png,1,black guys when her ass is fat asian guys when her titties are big white guys when she's your step sister
17405,img/17405.png,0,"i'm so patriotic, i piss red, white, and blue my doctor said it may be pancreatic cancer i told him to shut his commie mouth"
17420,img/17420.png,0,i have yet begun to defile myself
17425,img/17425.png,1,when you're a complete piece of trash but sheeple still like you because you're black
17430,img/17430.png,1,sooo gorillas really are humans
17438,img/17438.png,0,hello there
17439,img/17439.png,0,when you stuff your jewish chicken before you give it a good roast
17450,img/17450.png,1,feel that? it used to belong to bruce jenner!
17453,img/17453.png,1,"you send us to the middle east to fight, suffer & die; then, turn & invite these scumbags into usa what kind of stupid are you?"
17458,img/17458.png,0,"i married my brother to commit immigration fraud this makes her an illegal alien, ineligible for congress and deportable! ice, where are you?"
17459,img/17459.png,0,"""if that fuckin bastard wins, we're all going to hang from nooses! you better fix this shit!"" -hillary clinton email to donna brazile october 17, 2016"
17469,img/17469.png,0,"chelsea clinton.. so ugly that when she gives head, it counts as anal"
17483,img/17483.png,0,when someone asks why im such a cunt just am
17493,img/17493.png,1,you know you're white trash hoes that talk too much shit stop acting like an innocent victim
17495,img/17495.png,0,black men latin men asian men white men
17504,img/17504.png,0,beach vibe
17523,img/17523.png,0,"who assassinated joan rivers after she trashed obama, remember"
17528,img/17528.png,1,blame other countries for having no culture rape women everyday
17530,img/17530.png,0,when your team wins the world cup
17532,img/17532.png,0,firefighter saves baby
17536,img/17536.png,0,when you finally meet a girl that can make you bust from head please may i have some more
17548,img/17548.png,0,the enemy within ilhan omar linda sarsour rashida tlaib ocasto-cortez
17564,img/17564.png,0,do i make you horny baby.... do i??????
17582,img/17582.png,0,"""we should make it harder for criminals to get guns..."" ""...if even to prevent one tragedy"" but let's not make it harder for perverts to use the ladies room... ...if even to prevent rape? one"
17589,img/17589.png,1,when you move away from india and find out you can't shit in the streets
17594,img/17594.png,1,life is like a bag of jelly beans nobody likes the black ones
17598,img/17598.png,0,when you have an 80 point iq but it's the highest in your village
17603,img/17603.png,1,the whiteman is the devil!
17609,img/17609.png,0,well look what time it is... time to piss off the liberals with a tweet!!!
17623,img/17623.png,0,how do you like my retro red bike?
17624,img/17624.png,0,just trying to do my part
17630,img/17630.png,1,up to train & @peta team @ unhumanrights therapy dogs to console muslim rape victims
17634,img/17634.png,0,when she's mad at you but you want her attention
17643,img/17643.png,0,making decent coffee
17645,img/17645.png,0,man survives a kodak bear attack with just a 22 pistol the friend he shot in the knee was not as lucky
17649,img/17649.png,0,can you see the difference?
17652,img/17652.png,1,absolutely haram absolutely halal
17653,img/17653.png,0,when you have a small dick and tell a jewish girl to suck it. i can't
17659,img/17659.png,0,ex girfriends be like.. i don't even care what he does anymore!!!
17698,img/17698.png,1,when the black kids start fighting at school
17802,img/17802.png,1,runs away from his shit hole of a country because of islam establishes islam and turns new country into a shit hole
17829,img/17829.png,0,when you tell him he can't go to chic-fil-a on sundays. what do you mean?
17830,img/17830.png,0,exfoliating with the tears of my haters
17832,img/17832.png,0,it's time we make peace with islam
17834,img/17834.png,0,meanwhile at the isis strip club
17835,img/17835.png,1,"femenist: all men are evil, and must be castrated because they're all capable of and want to commit rape me *waiting in line at best buy*"
17842,img/17842.png,0,"the same laws that you support to silence people you disagree with can be used to silence you, dumbass"
17843,img/17843.png,0,see? i fuckin told you a little foil on top keeps them juicy medium rare is best
17849,img/17849.png,1,it isn't islamophobia when they really are trying to kill you
17850,img/17850.png,0,"if trump gets elected, i'm leaving the country! like and share if you think i should leave"
17853,img/17853.png,0,man of the year
17860,img/17860.png,0,"""come here, i need's to smack the stupid out of you"""
17892,img/17892.png,1,"men are such pigs, i hate them all why can't i ever get a date, i'm so lonely"
17894,img/17894.png,0,"i vote republican... ...because i may not have much, but republicans will make sure others have even less"
17905,img/17905.png,0,if these females don't stop liking our content i'll kill them
17928,img/17928.png,0,"i'm not interupting anything personal, am i? yeah niles, we just eloped. i'm your new mom. well, welcome to the family mom!"
17932,img/17932.png,1,when mohamed puts it inside
17948,img/17948.png,1,faceswap ching chong 100
17953,img/17953.png,1,four years for your bachelor's? i've worked 60 for my masters
17956,img/17956.png,0,one simple question why are we letting one man systematically destroy our nation before our eyes? answer mitch mcconnell
17962,img/17962.png,0,i will not look at her tits because she is my friend said no man ever
17965,img/17965.png,0,changing every single country it touches
18029,img/18029.png,0,"we will not be influenced this is great britain bloody europeans!!!"" by some say knobheads trying to copy something the french did a few weeks ago"
18034,img/18034.png,0,"no matter who wins, i think this election will seriously boost alcohol sales"
18045,img/18045.png,1,"carolina squat what kind of mental midget, coconut humping, poop throwing from a tree, goat herding, mouth breathing, have you seen my helmet moron remotely thought this was cool"
18052,img/18052.png,0,when you're looking cute as hell at the gym
18074,img/18074.png,1,hide and go seek champion july 6 1942 - august 4 1944
18094,img/18094.png,1,premier michel marrakesh
18203,img/18203.png,1,"dont you care about my future? stop the ""refugee"" invasion"
18204,img/18204.png,0,it's okay for you to believe what you believe it's not okay for you to demand other to believe the same way
18207,img/18207.png,1,how can i accept trans people? if they can't even accept themselves
18234,img/18234.png,1,"when you used to be cool, but now you're basically mentally retarded from years of drug abuse, fat from getting sober, and have no friends"
18235,img/18235.png,0,"damn, that's hot!"
18236,img/18236.png,0,"shoot boy, i ain't racist i've got four black tires and a color tv"
18246,img/18246.png,0,every time your girlfriend enters the bathroom you take 4 shots
18254,img/18254.png,0,i made a website for orphans it doesn't have a home page
18257,img/18257.png,1,"men need walmarts sure they are dirty but, when you're inside one at 4am you think ""i'm glad these are here"""
18267,img/18267.png,1,knowing white people he's probably the father
18273,img/18273.png,1,the only white man that i trust..  for about 15 seconds
18274,img/18274.png,1,"superman's flying class was popular, but no one ever passed"
18275,img/18275.png,0,"instead of being ""born again"" why not just grow up?"
18290,img/18290.png,1,come on over i'm having a party the place is crawling with pussy
18294,img/18294.png,0,"when trump says ""i'll pay americans just for agreeignt to have a wall built"""
18296,img/18296.png,0,your milkshake brings all the tards to the yard
18307,img/18307.png,0,when people talk trash but you're a bigger person
18325,img/18325.png,0,i slipped and fell on black ice i thought it was regular ice but when i got up my wallet was gone
18350,img/18350.png,0,when you see the gas bill
18362,img/18362.png,1,if they don't like it here they can leave!
18364,img/18364.png,0,and that was the last nativity play my son was invited to take part in
18379,img/18379.png,0,notice how the kenyan skidmark has been silent about the mueller report?
18394,img/18394.png,1,these dogs watched over so many black families in the 90's
18397,img/18397.png,1,this is why black people can't advance: ni**ers are holding us back
18407,img/18407.png,0,wing wing wing herro? thats racist!
18420,img/18420.png,0,michelle obama was voted one of the most beautiful people of 2015! by who? the national association for the blind!
18427,img/18427.png,0,then they gave me a crown of thorns and whipped me it was so hot i came twice
18432,img/18432.png,0,when the whole squad shows up to the pilgrimage
18450,img/18450.png,0,"women ask for equal rights, so i give them equal lefts aswell"
18469,img/18469.png,1,white people in chicago at 2am
18490,img/18490.png,0,the rosenbergs were executed 1953 for selling nuclear secrets to russia the clintons actually sold nuclear material for development of weaponsto russia
18497,img/18497.png,1,when you do a fat rail but you still feel down
18504,img/18504.png,0,isn't it interesting that isis has run out money now that obama is no longer in office..
18507,img/18507.png,1,i pray to our lord and saviour to bless this melon
18524,img/18524.png,0,i'm going to choke her with nuts bitches love choking on nuts
18526,img/18526.png,0,look at my new goat cage
18529,img/18529.png,1,' shoot them
18532,img/18532.png,1,if i had a dollar for every racist thing i've said... some black motherfucker would probably rob me
18542,img/18542.png,1,flowers for martin luther king day
18546,img/18546.png,0,when the weed hits you hard
18593,img/18593.png,0,how you guys think you looks like but when pados wale pandit jee sees you
18594,img/18594.png,0,i heard you need a new partner
18597,img/18597.png,0,they stole ma chickin i stole their life
18607,img/18607.png,0,"my girlfriend said ""no more sex in our bed until you put a ring on it"" i really hope that she likes it"
18632,img/18632.png,1,"""muh dick"" indicates a nigger's confusion and lack of understanding"
18640,img/18640.png,1,"blacks are the only race to practice, ""love your enemies!"" no other race practice's it more in the name of religion look at the condition of their people and look at the condition of blacks"
18650,img/18650.png,1,i am not gay.. i am a man who turned into a woman after a bee sting and now i am attracted to men. rellly. trust me
18673,img/18673.png,0,how to remember kid in hot car keep 2nd road beer with them
18675,img/18675.png,0,there are the apes that i helped to save
18679,img/18679.png,1,"racist grandmoth always treat the jewish kids well, or they will put the shini curse on you"
18693,img/18693.png,0,when i grow up i want to be a doctor
18724,img/18724.png,0,cholos be like happy veteranos day ese
18730,img/18730.png,0,immigration invasion learn the difference
18739,img/18739.png,0,my feelings a new amazing anime all must suffer with my new angsty episode
18759,img/18759.png,1,4th of july when white people celebrate killing each other over land that wasnt theirs
18764,img/18764.png,0,mississippi wind chime
18790,img/18790.png,0,your disability is not an obstacle
18926,img/18926.png,0,trump is starting wwiii turn in your guns go snort a rubber you maggot
18935,img/18935.png,0,ford owner blew a rod wasnt talking about his engine
18937,img/18937.png,0,if it fits it ships
18940,img/18940.png,1,when you post a dishwasher meme and trigger the feminists.
18942,img/18942.png,0,who's a birthday girl? you're a birthday girl
18943,img/18943.png,0,jack nicholson is a savage at lakers games when he sceams at the players
18946,img/18946.png,0,officer down
18960,img/18960.png,0,the constitution applies at the border too! stop illegal searches
18963,img/18963.png,1,i believe racism is just like black people it shouldn't exist
19026,img/19026.png,1,only black character in the game passive abiity: runs faster under fire
19027,img/19027.png,0,i hate 3 things: racism. sexism. and white men
19032,img/19032.png,0,i got new shoes brother died from ebola
19036,img/19036.png,0,infamous
19047,img/19047.png,1,dear diary today op was a faggot
19062,img/19062.png,0,first living witness to testify against hillary clinton
19065,img/19065.png,0,your memes suck show us your tits
19072,img/19072.png,0,how y'all look celebrating the customs of your oppressors
19074,img/19074.png,1,"we'ree just here to blow you stupid british people e up, letting us in your country"
19085,img/19085.png,0,"i'm tired, boss. mostly i'm tired of people being ugly to each other"
19203,img/19203.png,0,remember when they voted on your new green deal in the senate and no one supported it? that was awesome!
19205,img/19205.png,0,"hey, i just met you, and this is crazy i forgot the condom, so anal maybe?"
19206,img/19206.png,1,islam.. where little girls are mutilated and old perverted men are worshipped
19234,img/19234.png,0,"is this motherfucker serious? where the fuck am i supposed to find ""a truckload of bitches? """
19240,img/19240.png,1,should we tell them? or just let them figure it out for themselves?
19247,img/19247.png,0,i only wear silk panties cotton ones remind me of slavery
19248,img/19248.png,0,democrats have found another potential candidate for 2020!
19256,img/19256.png,1,"as muslims, our quran orders us to immigrate to other countries, replace their governments with sharia law, orders the murder of christians, jews and all gay people, while embracing slavery and pedophilia. thanks democrats for making it so easy for us!"
19258,img/19258.png,1,handjobs sold separately
19268,img/19268.png,1,"oh boy i can't wait to go out and pray for allah on friday, march 15th 2019 12:30pm gmt at new zealand christchurch hello brother"
19275,img/19275.png,1,"they struck our colors and raised their own if you are not pissed, then you are part of the problem!"
19302,img/19302.png,0,best thing about twenty four year olds twenty of them
19304,img/19304.png,0,dark humor is like good food not everyone deserve it
19308,img/19308.png,0,i will rise but i refuse to shine
19320,img/19320.png,0,this is my neighborhood after the mexicans moved in welcome to the future of america
19324,img/19324.png,0,when you're the only dog left at the dog shelter and the black family wants to adopt you
19326,img/19326.png,0,"rep. omar, somali refugee, claims life in usa is an ""everyday assault"" is she right or out of her mind"
19342,img/19342.png,1,"pete buttigieg.. leviticus 20:13 if a man also lie with mankind, as he lieth with a woman, both of them have commited an abomination"
19345,img/19345.png,0,with faith and willpower you can overcome all obsticales
19352,img/19352.png,0,ain't nothing but a goat
19358,img/19358.png,0,my irony meter just exploded
19362,img/19362.png,0,i'm so old i remember telling people to eat my ass as an insult not a snack offer
19364,img/19364.png,1,i found jesus in prison i raped that mexican hard
19367,img/19367.png,0,"it doesn't matter how good your grades are or if you have a high iq if you lack logic, reason and common sense you're fucking stupid"
19370,img/19370.png,0,"""blue power tie red power tie white power tie"""
19372,img/19372.png,1,if you say these muslim protesters are violent.. they will kill you!!
19375,img/19375.png,0,"democrats, 1961 ask not what your country can do for you; ask what you can do for your country democrats, 2018 free sh*t!"
19380,img/19380.png,1,when you walk past the special ed classroom and see them gangbanging the teaher (jazz music stops)
19406,img/19406.png,1,a muslim in congress wants to get rid of homeland security let that sink in
19408,img/19408.png,0,hello mengele i think one of your experiments has escaped
19420,img/19420.png,0,"so cohen has a history of intentional dishonesty from lying to congress, lying to the irs, lying about his wife's 's birth. lying to banks and he even took millions as an insider consultant without informing trump but dems trust his testimony to be truthful. lol!"
19426,img/19426.png,0,omg the middle east has ninjas too!!
19427,img/19427.png,0,dude stop smoking its gonna harm you dude stop
19430,img/19430.png,0,i am not racist some of my best slaves are black
19438,img/19438.png,0,"when dudes try to be funny at the club i'm sorry, is this some sort of peasant joke that i'm too rich to understand?"
19452,img/19452.png,1,i want white people and aspirins out of this country why? because they are white and they work!!!
19457,img/19457.png,0,egyptian 'ahly ultra' soccer fans climb over a fence at the al ahly home stadium during celebrations
19458,img/19458.png,0,carribbean women
19472,img/19472.png,1,i wish jew a happy brithday
19487,img/19487.png,0,"""i don't think all of the suffering of african-americans during the period of slavery can ever equate to what's been done to white conservative americans in the past 8 years of obama's presidency"" michelle bachman yes, she really said this! conservatives are destroying our future | cadof.org """
19502,img/19502.png,1,"sorry, bill, but where you're going, they won't be frozen but they'll still be long and brown"
19503,img/19503.png,1,you're asking people for 5 cents a day? but you had money to fly here and make a commercial?
19504,img/19504.png,0,squidward setting the kitchen on fire
19507,img/19507.png,0,who listens to ariana grande's music!
19526,img/19526.png,0,life handed me lemons so i fucked them and gave them lemon-aids
19532,img/19532.png,1,*reacts in shea butter twitter*
19537,img/19537.png,1,*playing an old piano i found* the other jews in the attic:
19540,img/19540.png,0,mississippi wind chime
19542,img/19542.png,0,being republican is as easy as laundry you just separate the whites from the colors
19543,img/19543.png,1,whats the difference between boy scouts and jews? boy scouts come back from camp
19547,img/19547.png,0,hooded female anti-semite democrat early 20th century hooded female anti-semite democrat early 21st century
19563,img/19563.png,0,fukrest. ...if die... don't let me vote democrat
19567,img/19567.png,1,welcome to the generation where mental illness is glorified
19573,img/19573.png,0,when you have a screaming contest at the protest
19582,img/19582.png,1,if you could kick an obama in the nuts which would it be?
19586,img/19586.png,0,conjoined twins abby and brittany
19602,img/19602.png,0,i went to walmart and picked up brand new shoes
19604,img/19604.png,1,gave my wife an orgasm ungrateful bitch spit it out
19630,img/19630.png,0,i enjoyed watching the king kong movie
19634,img/19634.png,1,why can't the jews just let us slaughter them? nakba!
19635,img/19635.png,0,when you can smell shit but you're not sure if it's his arse or your hands
19637,img/19637.png,1,motor neurone awards 2018 winner- best t-rex impression
19643,img/19643.png,1,mohammed i'm pregnant...
19647,img/19647.png,0,i grew up in a household where talking back got your ass whooped
19650,img/19650.png,0,when it's the 1600s and you just got here from africa master looks after us now
19653,img/19653.png,1,lucifer is hot! let's kill all non-catholics antichrist sun worship
19670,img/19670.png,0,when ur too young to know racism but ur happy cause u got a new pet
19678,img/19678.png,1,"when you realize that ""ginger"" is just the n-word, rearranged"
19702,img/19702.png,0,i wish jew a happy brithday
19705,img/19705.png,1,wnen you're walking home and come across a naked corpse i shouldn't
19726,img/19726.png,1,when the bitch ass jews won't eradicate themselves so you help them along the way
19736,img/19736.png,0,"scientist: ...my invention can create matter in all three forms. gas, liquid, and solid my asshole: you know, i'm something of a scientist myself"
19742,img/19742.png,1,japan soars to its highest temperature ever recorded: 106 degrees that's where you're wrong kiddo
19752,img/19752.png,0,you know you ain't got no class muthafucka
19753,img/19753.png,1,"how many times do we have to teach you this lesson, you tranny freaks ?"
19758,img/19758.png,0,my religion is the religion of peace if you don't believe in it we will kill you
19763,img/19763.png,1,straight men's physiological stress response to see two men kissing is the same as seeing maggots
19768,img/19768.png,0,look if you dont vote for me... i'll just import people who will
19783,img/19783.png,1,this is what science does for humanity this is what islam does for humanity
19823,img/19823.png,0,"and god said let's make kittens soft and warm, like fuzzy hugs and put tiny razor blades on their feet"
19824,img/19824.png,0,rice krispies are the bomb
19825,img/19825.png,0,"when people keep calling you a terrorist, but you identify as a firework"
19834,img/19834.png,1,how to get a black guy to see his baby
19836,img/19836.png,1,white people before they tell a joke about black people
19837,img/19837.png,0,felt cute.. might delete later!
19845,img/19845.png,1,the face that pro-lifers make when you talk about shooting immigrants
19860,img/19860.png,0,sorry white guys but i only date black guys
19875,img/19875.png,1,"no i'm not going to kill the gays, make slavery legal, and take away women's rights i'm not a muslim"
20134,img/20134.png,0,bro u dont watch idubbbz? bro.... thats kinda cringe
20143,img/20143.png,0,rotissified
20146,img/20146.png,0,six months ago i couldn't spell kongris now lare one!!!
20149,img/20149.png,1,that face you make when you realize where all them free drugs came from
20154,img/20154.png,1,i hate snow its white and on my land
20159,img/20159.png,0,"a ww2 jewish prisoner trying to escape the auchschwitz showers (1943, colorized) wwii jew escaping hitler's rath"
20163,img/20163.png,0,i am your equal!! spend money on me!!
20165,img/20165.png,0,how white liberals treat minorities who don't vote democrat
20183,img/20183.png,1,when you finger an arab girl
20184,img/20184.png,1,you'd be angry too if you just found out your goat was cheating on you
20187,img/20187.png,0,when karen helps u camouflage the crackhouse
20194,img/20194.png,0,"petition to give jacinda ardern nobel peace prize reaches more than 18,000"
20195,img/20195.png,1,when you dont stir the nesquick powder in your milk enough
20196,img/20196.png,1,no difference between both
20317,img/20317.png,1,"my 6 year old son is in a wheelchair, so i made him a tank for halloween this year. special forces?"
20318,img/20318.png,0,what do they want? to kill more
20348,img/20348.png,0,when a thot gets gangbanged in area 51 another area 51 meme
20356,img/20356.png,0,when each letter is a mental disorder
20371,img/20371.png,1,when you ask the stoke patient to smile
20374,img/20374.png,1,new zealand: dozens dead in mass shooting usa: -first time?
20375,img/20375.png,1,islam is a religion of peace lets celebrate by killing infidels and beating women
20379,img/20379.png,1,bitches be like at the beach with my besties
20381,img/20381.png,1,"""the master race'"
20386,img/20386.png,0,america in reality don't let the media divide us!
20395,img/20395.png,0,michael j fox will always be marty mcfly to me
20435,img/20435.png,0,kids playing in the backyard
20438,img/20438.png,0,since u like reportin pix report deez nutz
20459,img/20459.png,1,deport the goat fornicators #fukislam
20473,img/20473.png,0,this is what vitiligo looks like in african males
20485,img/20485.png,0,friendly reminder: a hooker and con man are in the white house fucking things up
20491,img/20491.png,1,if your happy and you know it clap your hands.
20497,img/20497.png,1,"lets erect a memorial to all the americans murdered by an illegal alien make it 1,500 miles long 30 feet tall and put it on the southern border"
20498,img/20498.png,0,lies that people tell to themselves they think they are normal he thinks he's a human being they think they deserve equal rights
20513,img/20513.png,0,when you're a complete piece of trash but sheeple still like you because you're black
20538,img/20538.png,1,what do you call a nun in a wheelchair? virgin mobile
20539,img/20539.png,0,good to see you john. good luck in the election
20543,img/20543.png,1,and then i told that goat fucker suck my star spangled dick
20567,img/20567.png,0,this is what happens when you don't spank your kids..
20568,img/20568.png,0,meanwhile at the isis strip club
20578,img/20578.png,1,you said islam is violent? i kill you!
20593,img/20593.png,0,who ya gonna call? goat fuckers
20598,img/20598.png,0,it warms my heart seeing fathers spending time woth their kids
20615,img/20615.png,0,"knock, knock. who's there not this bitch [ obviously ]"
20617,img/20617.png,1,bruce jenner's cat
20619,img/20619.png,1,when you beat the shit out of the tranny hooker after you nut and call it a f****t but it doesn't get back up
20643,img/20643.png,0,when you're about to play with yourself but you can't stop thinking about that gorilla dream from last night
20654,img/20654.png,0,go be gay somewhere else
20657,img/20657.png,0,i'm not racist ... some of my best ffriends are brown
20671,img/20671.png,0,when schools out for the summer
20673,img/20673.png,0,let's have some fun
20681,img/20681.png,1,muslim in congress 2019 defund homeland security! muslims in 2001
20684,img/20684.png,0,what do you call a muscular arab? protein sheikh
20685,img/20685.png,1,white trash you are doing it right
20691,img/20691.png,1,remeber behind very great black man is the police
20693,img/20693.png,1,photo of a survivor liberated from the auschwitz- birkenau camp 1945 (colored)
20715,img/20715.png,0,enriching the mind and body while also enriching our hearts
20718,img/20718.png,1,how can this be allowed a free home and benefits? when this man was allowed to die on the streets after serving this country
20736,img/20736.png,1,go be gay somewhere else
20738,img/20738.png,1,if being racist means i don't want my country turned into a pile of rocks & goatshit ruled by a barbric cult then i'm a racist
20739,img/20739.png,0,the people who give a fuck are right over there
20745,img/20745.png,1,oh look my new dishwasher arrived
20751,img/20751.png,1,"""islam is love!"" ariana grande august 2017 hillary clinton rally yeah, if you're a goat ***"
20759,img/20759.png,1,this steak is so black it stole my television
20791,img/20791.png,0,"islam ""i will instill terror into the hearts of the un believers: smite ye above their necks and smite all their finger-tips off."" quran 8:12"
20795,img/20795.png,0,we love your country its our best chance at success
20814,img/20814.png,0,but i'm happy in my little home the world changes around me
20819,img/20819.png,0,after a hard day of work mohammed is very tired
20835,img/20835.png,1,in my country i am forced to keep my mouth shut here i am free to talk trash about this country in hopes that it can change into a country where i am forced to keep my mouth shut
20837,img/20837.png,1,"what's a word that begins with n, ends in r and you never want to call a black person? a neighbour"
20851,img/20851.png,1,me cis girls
20857,img/20857.png,0,some people are like old tvs they need to be slapped a few times to get the fucking picture
20867,img/20867.png,1,muslim porn star
20869,img/20869.png,1,when its your first day of wedding and you see him fucking a goat am i a joke to you?
20873,img/20873.png,1,this isn't even my final form
20876,img/20876.png,0,i heard you need a new tranny?
20879,img/20879.png,0,what does a baby from auschwitz look like?
20891,img/20891.png,0,"""gun control"" doesn't mean what you think it means it means only the state will have guns if you think that's a good idea you need to read a history book"
20913,img/20913.png,0,guess she didn't learn her lesson the first time
20915,img/20915.png,0,i see dead people they call me on the phone to complain about trump
20931,img/20931.png,0,don't understand your specific kind of stupid but i do admire your total commitment to it
20936,img/20936.png,0,im gettin white girl wasted tonight
20943,img/20943.png,0,when i grow up.. lol nevermind
20945,img/20945.png,0,grabbing guns because criminals have too many is like castrating yourself because your neighbor has too many kids.
20948,img/20948.png,1,"trumpanzees when are you low skilled, white trash motherfuckers gonna get busy doing all the jobs mexicans used to do? we're waiting"
20951,img/20951.png,1,we had a minor gas leak
20956,img/20956.png,0,literally just a photo of the 1924 democratic convention
20957,img/20957.png,0,jew haters demonrat sewage an evil cancer that wants to destroy america
20968,img/20968.png,1,all men are dogs.. so which breed is your dad?
20971,img/20971.png,0,if i can't trust you i don't need you
20978,img/20978.png,0,hey these arent mcdonalds fries
21035,img/21035.png,0,sorry i annoyed you by making you do your job
21038,img/21038.png,1,"put'n the ""ham"" in mohamed"
21043,img/21043.png,1,i'm pregnant! are you having a boy... or an abortion?
21047,img/21047.png,1,this chick can't stand fishing
21048,img/21048.png,0,"beep! beep! i'm a milk truck go home, bessie. you're drunk"
21053,img/21053.png,1,so i told the rag head keep your dick beaters off my goat
21056,img/21056.png,0,how dark is your humor? me:
21059,img/21059.png,1,"so, you think by being our sympathizer, this will somehow keep us from killing you? you are a special kind of stupid"
21063,img/21063.png,0,"what part of ""i didn't find shit"" do you libtards not understand?"
21064,img/21064.png,1,"oh, i pissed you off? well suck it up buttercup i'm an asshole, it's what we do"
21067,img/21067.png,0,sometime you gotta feed people some bullshit just to see who they run back and tell
21073,img/21073.png,0,i swear harvey's been chasing the same fly for the last 13 years
21078,img/21078.png,1,"i didn't say i wanted to hang the gays, i said ""i prefer gay men to be hung"""
21083,img/21083.png,0,i believe the victim... the victim is kavanaugh! -candace owens
21086,img/21086.png,1,when the muslim kid you bullied starts counting backwards
21089,img/21089.png,1,when you and your homie load each other's dishwashers
21096,img/21096.png,0,heartbreaking i weep for limp dicks everyday
21305,img/21305.png,1,kick islam out of america you can't walk with god holding hands with the devil
21309,img/21309.png,1,destruction 100 restoration 100
21345,img/21345.png,1,"when you re out in public, and your muslim acts up the dirty jew"
21346,img/21346.png,0,slinkies are a good valentine gift for your girl
21347,img/21347.png,0,"geez, you offer someone a sincere compliment on their mustache and suddenly she's not your friend anymore"
21348,img/21348.png,0,wanna go masturbate? fuck yeah! masturbating!
21354,img/21354.png,0,"jesus take the wheel. carlos, you take the stereo. and i'll take lookout"
21385,img/21385.png,1,are both mentally healthy? brahmins are racially paraniod. this is called hinduism brahmanism followers are genetically stupids and fools
21387,img/21387.png,0,happy birthday the mexicans will pay for your birthday cake
21394,img/21394.png,1,there is no hindu terrorism in india. what if i say it isn't true? will shoot you dead
21403,img/21403.png,0,let me be clear i am a treasonous piece of shit
21405,img/21405.png,0,remember the past to save the future
21408,img/21408.png,1,"i'm uncertain where i stand on abortion.. i like killing babies, but hate the idea of giving women a choice"
21435,img/21435.png,0,if some dude walks into the ladies bathroom while one of my girls is in there i will quickly identify as a mma fighter
21436,img/21436.png,1,this lamb is so raw our islamic customers were trying to fuck it!
21439,img/21439.png,0,when you start second guessing why you started the fight
21450,img/21450.png,1,interviewer: can you demonstrate your problem solving abilities ? me:
21453,img/21453.png,1,gays on their way home after pride week
21468,img/21468.png,0,i told him i wanted it to be magical so he fucked me and disapearred
21479,img/21479.png,0,when you have so much cocaine but nobody to share it with
21486,img/21486.png,1,liberal guide to attacking a critic of islam 1. call them a racist 2. tell them their points aren't legitimate because they haven't been personally attacked
21504,img/21504.png,0,"actually, im not even mad thats amazing"
21509,img/21509.png,1,israel israel is mak ko hijau mother of terrorism
21534,img/21534.png,0,when you can't wait to get home and eat them left overs
21547,img/21547.png,1,when you haven't stolen anything in a week
21548,img/21548.png,0,public lynchings took place in the u.s. less than a century ago
21560,img/21560.png,0,fuck off ya orange bastards
21569,img/21569.png,1,"esther, you so ugly, i'm gonna take yo face and stamp out sum gorilla cookies"
21583,img/21583.png,0,this is not right
21589,img/21589.png,1,"instead of being ""born again"" why not just grow up?"
21593,img/21593.png,1,yall got any more a them cracka ass crackas?
21598,img/21598.png,0,when the muslim kids in your class start hanging out with you
21604,img/21604.png,0,bruce jenner's cat
21605,img/21605.png,1,jokes don't kill people muslims who are offended by jokes kill people
21607,img/21607.png,0,so there i was in elizabeth warren's teepee.
21609,img/21609.png,0,holocaust makes me sad!
21637,img/21637.png,1,this one time at camp we got so baked
21648,img/21648.png,0,gets mad about film portraying muslims as murderous savages responds by being a murdering savage
21650,img/21650.png,0,wearing an all black outfit is the new grey
21653,img/21653.png,1,"hmmm... let's see, what kind of conspiracy theory can i get those white trash followers of mine to fall for next ?"
21674,img/21674.png,1,"hey bro i'm not racist bro but ever noticed poo coloured women are loud, ugly, stupid, fat and act like primates? i haven't noticed that"
21693,img/21693.png,0,your purchase of $19.99 comes to $21.36 after theft
21698,img/21698.png,0,here will soon be a painting of a beautiful quran
21704,img/21704.png,0,"the ""i'm not black but my kids will be"" face"
21706,img/21706.png,1,look son a dirty fucking muslim
21739,img/21739.png,0,gravity? never heard of it
21740,img/21740.png,1,the us navy keeping tranny hookers laid since 1715
21746,img/21746.png,0,there's so much white trash in this picture i barely know where to start!
21748,img/21748.png,0,"well, there it is the stupidest fucking thing i've seen all day"
21749,img/21749.png,1,this one time at camp someone had too much gas
21753,img/21753.png,0,when the squad's in town and yall ready to go to the hoe down
21769,img/21769.png,1,"arrest white babies before they become land stealing, inbreeding, child molesting, dog raping, serial killing, racist white supremacist terrorist thugs"
21780,img/21780.png,1,manditory vaccinations with no exemptions i do nazi the problem...
21804,img/21804.png,0,when he's attractive but not kinky it's a shame because he has so much potential
21809,img/21809.png,0,#unapologetically afrikan harvey weinstein settles for $44 million but cosby was given no such option
21835,img/21835.png,1,winnie the pooh skinny the jew
21836,img/21836.png,0,if'm yous still 1 teef at 30 y'all don't know how ta live
21850,img/21850.png,0,what the people deserve: the right to love who they want the right to equal pay and respect the right to become a citicen and work hard like the rest
21853,img/21853.png,0,pure american muscle
21859,img/21859.png,0,i'd like the porn in my room to be disabled we only have regular porn you sick bastard
21869,img/21869.png,1,*laughs in goat-fucker*
21890,img/21890.png,1,transgenderman (fallonfox) brutally beats black woman in ufc match
21904,img/21904.png,0,"apparently you can get a pull start on your dishwasher, who knew"
21908,img/21908.png,0,the face she makes when she dumps a load
21930,img/21930.png,0,hitler looking sad af
21936,img/21936.png,0,the best revenge is leaving somebody completely tf alone
21943,img/21943.png,0,is it a boy or a girl?
21946,img/21946.png,1,he might be retarded but he comes with a bottle opener
21948,img/21948.png,0,this guy grabs your girl's ass in the bar what do you do?
21950,img/21950.png,1,first gay pride parade! can't wait! making history
21957,img/21957.png,1,you don't hate women and minorities? bro that's pretty cringe
21963,img/21963.png,0,they said we didn't have a chance in 2016 they say we don't have a chance in 2020 will you vote for me in 2020?
21973,img/21973.png,1,i never get a straight answer for this ''
21978,img/21978.png,0,show me your bare naked ankles you dirty whore
21986,img/21986.png,0,child hospitalized
23045,img/23045.png,0,when a girl squirts for the first time her:omg i'm so sorry is that pee? did i just pee on you?! omg! him:
23046,img/23046.png,1,jewish
23048,img/23048.png,0,everyone is welcomed to this country
23054,img/23054.png,1,911 was personally difficult for me i lost 19 friends that day
23058,img/23058.png,0,don't be afraid to love again everyone is not like your ex
23059,img/23059.png,0,when a parent tells me that their kid is an angel [whispering] so was lucifer
23061,img/23061.png,0,promises trump is going to be arrested gets arrested the day after it's confirmed trump isn't going to be arrested
23065,img/23065.png,0,this would be racist but everyone is created equal
23068,img/23068.png,0,ilhan omar participates in a house education and labor committee markup
23071,img/23071.png,0,when you don't have to see your ex future mother-in-law anymore
23074,img/23074.png,0,advice for michael avenatti don't drop the soap
23076,img/23076.png,1,"*somethings bad happens* medieval europe: jews i swear, it was the guy with the long nose"
23091,img/23091.png,0,when you pour a bowl of coco puffs and realize you're outta milk
23094,img/23094.png,0,mexicans road trip
23096,img/23096.png,1,black no felony cereal no milk.. keep it going
23106,img/23106.png,0,digging up something to do is hard guess necrophilia isn't for everyone
23109,img/23109.png,0,we live in a society where they lecture us on morals and biology
23140,img/23140.png,0,winter weather got your skin dry? i've got some lotion in the back
23154,img/23154.png,0,this is my hobby to work on car engines
23158,img/23158.png,1,therapy dogs are now being trained to console rape victims of muslims
23159,img/23159.png,0,"don't be rude, folks go to their page and wish them a happy easter"
23164,img/23164.png,0,when her toes start throwing up gang signs u hit that spot
23174,img/23174.png,1,"when you accidentally wish ""sweet dreams"" your diabetic friend"
23178,img/23178.png,0,it says right here we can bang goats
23187,img/23187.png,0,when your teacher roasts you and your homie but he doesn't know about the bomb that's going off in 2 mins
23198,img/23198.png,1,what i say about the gunman every time there's a mass shooting
23401,img/23401.png,0,i just realized we know we don't want him in the same bathroom with our wives
23407,img/23407.png,0,when you dodge your mom's slap your moves are weak mom
23408,img/23408.png,0,she was born at the same time as mlk jr. though you think of them as different eras
23415,img/23415.png,0,your purchase of $19.99 comes to $21.36 after theft
23416,img/23416.png,0,michelle obama sighted sun bathing in afghanistan
23450,img/23450.png,0,i'm beautiful!
23456,img/23456.png,1,the world calls it: love god calls it: abomination
23459,img/23459.png,0,i don't understand your specific kind of stupid but i do admire your total commitment to it
23467,img/23467.png,1,black people anything that doesn't belong to them
23476,img/23476.png,0,stomp on my flag i'll pound your ass
23478,img/23478.png,0,ever tried african food? niether have they
23485,img/23485.png,1,are my sins forgiven now father ?
23498,img/23498.png,0,found this old photo of our grand parents on their quad
23501,img/23501.png,1,muslims in 2001 muslim in congress 2019 defund homeland security!
23504,img/23504.png,1,white trash an individual who may or may not be poor but is monumentally ignorant and stupid
23510,img/23510.png,1,this pork is so raw its ramadan time muslims worship piggy
23514,img/23514.png,0,diversity is our greatest strength
23519,img/23519.png,0,i'm not a racist
23564,img/23564.png,0,"hey dad can i have a car? hell no, son you can not"
23570,img/23570.png,0,"no means no, unless she's dyslexic then it's on"
23576,img/23576.png,0,cleaned up my friends list before it was cool
23578,img/23578.png,0,when each letter is cool
23581,img/23581.png,1,show intolerance for other's religions expect highest level of tolerance for their own
23615,img/23615.png,1,real
23648,img/23648.png,1,if i had a dollar for every racist thing i've said... some black motherfucker would probably rob me
23657,img/23657.png,1,"some pussy gave me flowers weird, i just wanna get railed by a scummy biker"
23681,img/23681.png,1,this flag represents white genocide
23690,img/23690.png,0,stop the racism.. we were all white once..
23698,img/23698.png,0,family from mexico crossing border
23705,img/23705.png,0,my liberal privilege liberal privilege kept me out of prison
23715,img/23715.png,1,this is my wife and it is 100 percent legal under sharia law that is a fact coming to a city near you
23745,img/23745.png,0,i killed someone then i found out they were annoying
23746,img/23746.png,1,official muslim refugee checkpoint
23748,img/23748.png,0,bigbird singing to child on seasame street
23754,img/23754.png,1,black people are trying to wake up
23759,img/23759.png,1,this nigar behind me ain't in compliance
23760,img/23760.png,1,ashes to ashes  dust to dust the jews just left us
23761,img/23761.png,0,this lady is not amused
23790,img/23790.png,0,uncle : that ain't all your hair me: them ain't all your kids #thanksgivingclapback
23794,img/23794.png,1,they say there's safety in numbers tell that to 6 million jews
23795,img/23795.png,0,our thoughts and prayers go out to the victims
23806,img/23806.png,1,a recent survey reported that 3/4 of men don't know how to turn on the dishwasher  i find that licking her nipples and a light fingering usually does the trick!
23807,img/23807.png,1,laughs in 52% of us crime rate
23815,img/23815.png,0,dad said the neighbors couldn't get any blacker proved him wrong
23841,img/23841.png,0,"""the squad?"" more like ""the gang of four!"""
23845,img/23845.png,1,when a transgender takes a pregnancy test
23849,img/23849.png,0,guns don't kill people clintons kill people
23851,img/23851.png,0,just a reminder that the guy on the left believes he is genetically superior to the guy on the right
23854,img/23854.png,0,i only wear silk panties cotton ones remind me of slavery
23859,img/23859.png,1,when eminem found out he couldn't be a juggalo !
23864,img/23864.png,0,survives ebola thankful to see another day
23875,img/23875.png,0,the feeling of the first dance
23901,img/23901.png,0,went to wal-mart and had a bit of fun
23905,img/23905.png,0,muslim couple taking a selfie
23907,img/23907.png,1,you're telling me i can't pick my bedtime but i can pick my gender?
23908,img/23908.png,1,my favorite vegetable is me!
23910,img/23910.png,0,baby look like he pay his own child support
23940,img/23940.png,0,monkeys often pick bugs off each other to snack on
23954,img/23954.png,0,senator for 36 years vice president for 8 blames trump for america's s problems
23957,img/23957.png,0,"go ahead, call the cops they can't un-rape you"
23961,img/23961.png,1,as much as abdul tried he could not get the fucker into first gear
23968,img/23968.png,0,good guy police officer capturing them young
23971,img/23971.png,1,i say woman of color because i want to be inclusive of all but white women
24038,img/24038.png,0,"why do people think it's okay to call babies he or she? they can't speak yet so they can't say their preferred gender please refer to them as babyself or toddlerself until they can say their pronoun preference otherwise you're ableist and transphobic well, there it is the stupidest thing i'll read today"
24039,img/24039.png,1,i came to fingerpaint and fuck and im all out of poop
24051,img/24051.png,0,immigrants people that want a better life
24061,img/24061.png,0,there is no hindu terrorism in india. what if i say it isn't true? then i respect your opinion
24067,img/24067.png,0,your family story is waiting to be found at incestry.com
24069,img/24069.png,0,how you gotta treat girls with smart mouths
24083,img/24083.png,1,i don't see a poblem with banging my sister adam and eves kids had to bang to populate the world
24095,img/24095.png,0,about 1-2% of the human population has red hair
24106,img/24106.png,0,how long can i run? as long as i'm selling records
24108,img/24108.png,0,you snooze... you lose!
24109,img/24109.png,0,pride week
24130,img/24130.png,0,true strength comes from within
24157,img/24157.png,0,all aboard the jew jew train
24165,img/24165.png,0,blackpeoplemeet.com
24178,img/24178.png,0,i'm at the camp and i still can't concentrate
24189,img/24189.png,1,when you know how to say n****r in five different languages i'm kinda a gamer
24197,img/24197.png,1,kenyan shit
24309,img/24309.png,0,when people ask me who my favorite golden girl is
24317,img/24317.png,0,that look you give when you got your fix but not your kids
24319,img/24319.png,0,why is this guy the only one convicted?
24356,img/24356.png,0,proof you can be a fruit and a vegetable
24357,img/24357.png,0,"his d*ck was so tiny"" ""i had to suck it like this"
24368,img/24368.png,0,ignorance and hate will lead you to nothing but shame
24376,img/24376.png,0,have you ever talked to someone so stupid that it gives you a forest whitaker eye
24380,img/24380.png,0,when your dishwasher is ready for another load
24389,img/24389.png,0,when you and your best friend get in trouble together
24390,img/24390.png,0,no means no unless she says yes then it's on
24395,img/24395.png,1,when you are excited that a muslim has made it into american politics so the next phase of the caliphate can begin and destroy western civilization but you realize it is a woman
24397,img/24397.png,0,a hijab is a veil worn by muslim women in public. it's their choice to do so
24501,img/24501.png,1,when one of your neighbor's goats strays away from the herd now this looks like a job for me
24519,img/24519.png,0,marital status?? in a relationsheep.
24537,img/24537.png,1,"normie: ""your meme's are racist and offensive, i'm unfollowing"" nigger me: ""take this on your way out"""
24538,img/24538.png,0,selfie time
24567,img/24567.png,1,just ordered the new anne frank puzzle
24570,img/24570.png,0,tell me again how stupid that sounds
24573,img/24573.png,0,whats wrong with your skin? why is it like that?
24576,img/24576.png,1,when did you have lunch?
24579,img/24579.png,0,healthcare for muslims
24580,img/24580.png,0,"when you've had a rough day but you're trying to stay positive ""it's great. i'm great. everything's just great."""
24581,img/24581.png,0,be careful with pedestrians
24586,img/24586.png,0,laundry day
24593,img/24593.png,1,"jesus christ may have 2,000 people with 5 loaves of bread and 2 fish. but adolf hitler made 6 million jews toast"
24603,img/24603.png,0,they gone be feeling on my boooooty
24607,img/24607.png,0,they found oil in australia but they already have democracy
24630,img/24630.png,0,did you hear that ? smells right ? lmao
24631,img/24631.png,1,it's ma'am!! yooouu lookah like a man
24650,img/24650.png,0,eat have more more bacon sex?
24651,img/24651.png,1,dad: we need to tell you something.. your mother and i are siblings alabama kids:
24653,img/24653.png,0,baboons on their way home
24687,img/24687.png,0,america first! when it comes to elections
24698,img/24698.png,0,when you chop onions
24713,img/24713.png,0,"hello, i'm mark zuckerberg and i'm a no good cock sucker"
24730,img/24730.png,0,feeling like a bad mom? quokkas toss their babies at predators so they can escape
24738,img/24738.png,0,i will fucking choke slam you with my dick
24751,img/24751.png,0,i love pudding pudding my dick where it doesn't belong
24765,img/24765.png,0,gun range? i think you mean 2nd amendment theme park
24769,img/24769.png,0,and you get a chip implant ! and you get a chip implant!... everyone gets a chip implant!
24781,img/24781.png,0,happy birthday bacon lover
24783,img/24783.png,1,when you go out to fight for independence but forgot to lock up the slaves
24791,img/24791.png,0,how africans eat their food mmmm....... delicious
24806,img/24806.png,1,"just because you have a beard, it doesn't mean you're a man. last time i checked vaginas can grow hair too"
24810,img/24810.png,1,this steak is so black it stole my television
24835,img/24835.png,1,"section 3: devide and rule ! in religion-based riots, crime will be trust upon hindus only. even though a hindu gets killed at the hands of the minorities, they will not be taken as guilty"
24851,img/24851.png,0,how to get a black guy to see his baby
24853,img/24853.png,0,where do suicide bombers go after they die? everywhere
24857,img/24857.png,0,too much ram not enough dodge
24859,img/24859.png,0,i don't want illegal immigrants in my home district but i want open borders so they can be in yours
24860,img/24860.png,1,know why gay guys never get messages from foreigners they'll get stoned
24861,img/24861.png,1,her : he's probably thinking about other girls... him : how do blind people know when to stop wiping their ass?
24865,img/24865.png,0,"quick, which one is a bb gun? oops, too late.. ..you're dead"
24870,img/24870.png,1,i slipped and fell on black ice i thought it was regular ice but when i got up my wallet was gone
24875,img/24875.png,0,im this pretty because make up works miracles
24876,img/24876.png,0,time to get rotissified
24891,img/24891.png,0,stop crying that was only one finger
24905,img/24905.png,0,nascar presents the wal-mart 500
24907,img/24907.png,1,"oh look, men"
24918,img/24918.png,0,7 generations of check engine lights
24931,img/24931.png,1,apparently the british public can't put their finger on the problem
24958,img/24958.png,0,a new target for entry level police academy ''
24967,img/24967.png,1,when youre having a good day then remember that bl*ck people are living better than you off your tax dollars
24971,img/24971.png,1,thinking about avdol's death remembering he was a muslim
24975,img/24975.png,0,gets ready quickly takes nein hours
24980,img/24980.png,0,this is why we shoot you people
24986,img/24986.png,0,the best game of all time farming simulator 1848
25013,img/25013.png,1,when the school shooter finally leaves and the hottest girl in class is laying dead on the floor it's free real estate
25017,img/25017.png,0,sorry i'm late. having tranny problems
25037,img/25037.png,0,"i am 73 years old. who's going to ask how i do it??,,,"
25063,img/25063.png,0,fur missile incoming
25067,img/25067.png,1,rise of the planet of the apes (1963)
25068,img/25068.png,0,i really like 50 cent or as we call him in zimbabwe 4 billion dollars
25071,img/25071.png,0,"chaos is about to begin, anons. and no one does chaos like the us military. stick around, it's gonna be a helluva ride!"
25079,img/25079.png,0,le 40% suicide rate has arrived
25093,img/25093.png,0,should the government... no
25096,img/25096.png,0,walked to the mailbox and back practically a bataan death march survivor
25097,img/25097.png,1,damn chewbacca ewoks are our friends
25103,img/25103.png,1,this is what happens when you're gay in a muslim country
25107,img/25107.png,1,"open you hand tyrone, i know you stole it"
25109,img/25109.png,0,do you think a terrorist has or could infiltrate our goverment ???
25137,img/25137.png,0,"you find it offensive, i find it funny... that's why i'm happier than you"
25164,img/25164.png,0,washington and cornwallis at laguardia
25168,img/25168.png,0,im wilford brimley and i have diabetes
25170,img/25170.png,0,my husband is always pushing me around... and talking behind my back
25174,img/25174.png,0,"i'm just gonna file that under ""who give's a shit?"""
25178,img/25178.png,1,muslims have sex with goats wipe their asses with their hands and drink camel piss but i'm the unclean one !
25179,img/25179.png,1,you say not all muslims are monsters? imagine a bowl of m&ms with 10% of them are poisoned. would you eat a handful
25180,img/25180.png,1,hold up when she says she likes hung black men so you take her back to your place and she starts tying a noose
25189,img/25189.png,0,"it looks like it was ultimately obama who was behind the entire plot to undermine the trump presidency. muslim plant forget the russians, here is the real enemy!"
25197,img/25197.png,1,"it's a simple grammar question leeroy! ""what cames at the end of a sentence?"" parole ?"
25198,img/25198.png,0,"white people throwing rice at weddings. ""why are they wasting the food"""
25310,img/25310.png,1,"why isn't there a black guy in the clue board game? because then it would be called ""solved"""
25314,img/25314.png,1,"the internet has apparently named him 'macho ma'am tranny savage"""
25318,img/25318.png,1,is it just me or does justin bieber look like a 35 year old lesbian?
25340,img/25340.png,0,we can kill as many as we want and your stupid government keeps bringing us in
25341,img/25341.png,0,happy birthday ya lil goat fucker
25361,img/25361.png,0,i have an idea... but it requires concentration
25367,img/25367.png,1,"for a jew nothing is more insulting than the truth. the blood maddened jewish terrorists murdered sixty-six million in russia from 1918 to 1957"" - alexander solzhenitsyn"
25368,img/25368.png,1,when you suicide bomb an islamic mosque during a friday worship
25369,img/25369.png,0,banging a squirter not fun for a gay man
25370,img/25370.png,0,porch monkey 4 life
25376,img/25376.png,0,yep still your president
25381,img/25381.png,0,you're gay? that's a lifestyle choice.. ...by which i mean i hate you for being gay
25384,img/25384.png,0,it's not a hijab it's a diaper for people with shit for brains
25386,img/25386.png,0,yes donald. that sounds good . i once built a wall too
25397,img/25397.png,1,what do you call a black guy in a tree with a briefcase.. a branch manager
25401,img/25401.png,1,"the standard hood team a clown, a thief, a dyke, and a fat ugly funny fucker"
25416,img/25416.png,0,i haven't been this excited about a friday since last friday
25436,img/25436.png,0,fresh out of fb jail and still not giving a fuck!
25438,img/25438.png,0,love old trucks think everyone should have one
25461,img/25461.png,1,rev up those gas chambers
25467,img/25467.png,1,when you dropped all the jewish kids off at the wrong camp
25468,img/25468.png,1,white people walked on all fours before black people came and showed them how to stand up
25473,img/25473.png,0,and then i told them you're going on a fun camping trip
25478,img/25478.png,1,the lgtbetc .. community maintain the highest suicide rates. proving that both god and darwin were right
25481,img/25481.png,0,"likes to play games with friends favorite game is called ""child soldiers"""
25483,img/25483.png,0,hey look at me! i'm wearing a yellow hat!
25489,img/25489.png,1,brother... a day without a blast is a day wasted
25493,img/25493.png,0,when your moms plastic and you're a spastic tragedy!!
25497,img/25497.png,1,my momma... momma says girls are the devil
25498,img/25498.png,1,"gudako: top fans gay top fans : admin gay it's fine for me to say that, but not for you!"
25610,img/25610.png,0,enjoying a day at the beach
25614,img/25614.png,0,i see! '' ''
25634,img/25634.png,0,google glass locate kfc
25639,img/25639.png,1,why isn't my drain working? probably cause the pipe's black
25640,img/25640.png,0,when you and your squad rest after a long day protesting trump
25643,img/25643.png,0,all this rich history and people still don't understand that sikhs and muslims are different people
25683,img/25683.png,0,"during sex. i suddenly stopped and didn't move she: ""what are you doing?"" me: ""hush bitch, i seen this on pornhub, its called buffering"
25687,img/25687.png,0,when your friend likes to talk during your favorite song
25690,img/25690.png,0,how you feel when your a blacksmith
25693,img/25693.png,0,when you can't remeber if you ate wendy's twice that day
25706,img/25706.png,0,some people have to walk 20 miles a day for fresh water. some kids will never know the struggle
25709,img/25709.png,0,anne frank smiling
25713,img/25713.png,0,tammy find me them keys
25716,img/25716.png,1,when you're a complete piece of trash but sheeple still like you because you're black
25718,img/25718.png,0,a serbian man
25719,img/25719.png,0,when you accidentally fall in the toilet
25731,img/25731.png,0,when you die and go to heaven but now have to wait for your doggo to join you
25748,img/25748.png,0,"i'm a moderate muslim. that means that while other muslims are putting bombs on your buses and raping your children i'll be telling you that islam is peaceful, protesting when you insult my religion and lobbying your government to take away your free speech. a moderate muslim speaks!"
25760,img/25760.png,0,me every time i'm out in public there's too too many people on this this earth. we need a new plague
25768,img/25768.png,0,don't let a disability stop you from being a sportsman
25780,img/25780.png,0,meanwhile at the isis strip club
25781,img/25781.png,1,do you have any idea how black you were going
25783,img/25783.png,0,let's see if they get scared now ! bring they ass out here ! we will cut their heads off
25784,img/25784.png,1,when you buy a nazi on aliexpress
25791,img/25791.png,0,if i dont fuck with you this is how i act if youre around
25806,img/25806.png,0,when you have to make your own pool
25807,img/25807.png,0,me thinking about lunch 5min after clocking in
25816,img/25816.png,0,he took me to the gucci store & said april fool bitch
25830,img/25830.png,1,i wanna destroy radical islam!!!! will you help me????? yes = hell yeah!!!
25837,img/25837.png,0,i used to provide therapy for those afflicted with aberrant behaviors! now instead those behaviors are celebrated!
25841,img/25841.png,0,children at a muslim pop concert why are people attacking us?
25847,img/25847.png,1,"they should not be allowed to have kids you made your choice bitch, now live with it!"
25849,img/25849.png,0,i got a text fresh meat at the market
25861,img/25861.png,0,how to get out of a gym contract
25901,img/25901.png,1,that face she makes when ahmed hits the g-spot
25904,img/25904.png,0,hide and seek european champion 1942-1944
25907,img/25907.png,0,i guess the jury liked pudding cause they pudding my ass in jail
25913,img/25913.png,0,meanwhile at the isis strip club
25914,img/25914.png,0,what is the difference between an illegal immigrant and e.t.? e.t. learned to speak english and wanted to go home!
25917,img/25917.png,0,you don't have to put on the red light
25943,img/25943.png,0,"go ahead, report me they can't un un-butt hurt you the truth"
25948,img/25948.png,0,"to all my friends who post controversial obscene, dirty, offensive, derogatory posts..... keep that shit up. i like it"
25968,img/25968.png,0,what! no i am not asian
25971,img/25971.png,1,"last year tyrone got a new job, started building his credit, and spending more time with his kids then something amazing started to happen!"
25983,img/25983.png,0,"oh, you're tired of my anti-religion posts? why don't you pray for me to stop?"
25984,img/25984.png,1,whipepo reading the comments like
25986,img/25986.png,0,nothing more beautiful than ironed clothes
26014,img/26014.png,1,all women should be believed until one of those bitches accuses a democrat
26018,img/26018.png,0,all these flavors and you choose to be salty
26031,img/26031.png,0,muslims in a predominantly christian nation christians in a predominantly muslim nation
26034,img/26034.png,0,"i'm not only smart, i'm street-smart. oh sure, you're street smart sesame street smart"
26043,img/26043.png,0,love is love is love is love
26049,img/26049.png,0,i do not want to hear anymore about gun control from a person who is making it easy for iran to obtain nuclear weapons!!!
26057,img/26057.png,1,"redneck word of the day: ""obama"" i bought a me case of beer and drank it obama self"
26073,img/26073.png,1,wanted : '' fled from the kitchen ''
26078,img/26078.png,0,when you look at your check stub and see how much federal and state took you raggedy bitch
26085,img/26085.png,0,when i say i gotta go to the bathroom
26087,img/26087.png,1,"everytime a moslem stands up in congress and tells us they will change the constitution, impeach our president, or vote for socialism, remember you said you would never forget they said they would destroy us from within"
26095,img/26095.png,0,when you're going 90 mph in a school zone and the pre-schoolers are crossing the street this is where the fun begins
26137,img/26137.png,0,"675 days under investigation, constant media slander, no collusion! this man deserves an apology!"
26140,img/26140.png,0,lebron james before he got his hairline fixed
26149,img/26149.png,0,one day christians will have to live like this to avoid the mark of the beast are you prepared?
26153,img/26153.png,1,"when your ex says ""you won't find a b*tch half the woman i am"""
26170,img/26170.png,0,when muslim people use km per hour instead of bomb per allah hu akbaar this is why i bomb people
26174,img/26174.png,1,a muslim ban would've stopped that
26179,img/26179.png,0,woman takes adorable pregnancy announcment photos in a pasture with her horses
26183,img/26183.png,0,i'm awesome on the piano but i suck on the organ
26184,img/26184.png,1,i like pizza cause it doesn't scream when i put it in the oven
26185,img/26185.png,0,when the cops ask to look in your niqab but they legally can't
26189,img/26189.png,0,locked out of car outside of planned parenthood office can't go in to ask for a coat hanger
26198,img/26198.png,0,"hillary isn't in jail, the wall isn't built, isis hasn't been defeated & obamacare is still in place but trump gave himself a $23 million tax cut and that is important to me"
26305,img/26305.png,0,when you take this girl on a date and she won't stop talking.
26307,img/26307.png,0,here's to all you snowflakes out there who are shocked the president did what he promised to do
26314,img/26314.png,0,"don't defile the lineage given to you by your forefathers do what's right, keep it white"
26315,img/26315.png,0,when each letter is a mental disorder
26318,img/26318.png,1,when it is namaz time but you see a goat in the middle of the way..
26319,img/26319.png,1,life handed me lemons so i fucked them and gave them lemon-aids
26340,img/26340.png,1,goats can't talk why are so few muslim rapes reported?
26357,img/26357.png,0,you're the goat
26370,img/26370.png,0,if being a racist means i don't want my country turned into a pile of rocks & goatshit ruled by a barbaric cult then i'm a racist
26371,img/26371.png,0,we are all suffering
26374,img/26374.png,0,when she's trying her hardest to make you cum but you already visited your favorite goat
26375,img/26375.png,0,how many more mass shootings must we orchestrate before you give up your guns?
26378,img/26378.png,0,i have no idea what i'm doing with my life
26379,img/26379.png,0,straight outta oven
26381,img/26381.png,1,"45 goals of communism 26. present homosexuality, degeneracy and promiscuity as ""normal, natural, healthy."""
26385,img/26385.png,1,islam is a cancer treat it with radiation
26390,img/26390.png,0,companies when pride month ends
26394,img/26394.png,1,"not sure what's in the fridge, but this dishwasher is about to get a big load"
26405,img/26405.png,0,how they be lurking on your page waiting to pop-up just to disagree
26407,img/26407.png,1,he's making a list and checkin it twice gonna find out who gets deported by ice
26409,img/26409.png,0,they arent bad if you raise them properly same goes for pitbulls
26410,img/26410.png,1,"so, you think by being a muslim sympathizer, this will somehow keep us from killing you you are a special kind of stupid"
26417,img/26417.png,0,left lanes need to exit right right lanes need to exit left here's 300 feet. make it happen
26418,img/26418.png,0,4 years for your bachelors? i worked 60 years for my masters
26419,img/26419.png,0,we can never undo the horrible acts he has commited
26438,img/26438.png,1,fact: girls are very good at hockey because it's the only sport you can compare with
26459,img/26459.png,0,do you like kids? because i'm going to turn your mouth into a daycare
26478,img/26478.png,0,they are not escaping to find a better life they are invading us to destroy ours
26489,img/26489.png,0,when i grow up... lol nevermind
26490,img/26490.png,0,cool tanks drive away from explosions without looking back
26493,img/26493.png,1,"if this is banned in islamic countries, shouldnt this be banned in western countries?"
26495,img/26495.png,1,when your goat tells you she ain't on the pil
26497,img/26497.png,0,people will do shit like this but lock their door when someone sketchy walk by
26507,img/26507.png,0,if you have a fire arm in the house teach your family about gun safety!
26534,img/26534.png,1,"can't wait for 2019. suspect is a gender fluid , assigned male at birth wearing non gender specific clothing born caucasian,but identifies as a mountain panda"
26538,img/26538.png,0,"when you take your dishwasher to the restaurant, but it starts talking"
26543,img/26543.png,1,fucking a 5 year old fucking five 1 year olds fucking a dead 1 year old for 5 years
26571,img/26571.png,0,mother tell your children not to mock my weight
26579,img/26579.png,0,when you glue your ass shut so your uncle can't rape you survival
26598,img/26598.png,0,"""ammosexual"" 'cause big guns compensate for small ones"
26708,img/26708.png,0,they used to whip slaves back in the day
26709,img/26709.png,1,"when i was in high school i got braces a friend told me, ""you're so black, even your teeth are behind bars,"""
26715,img/26715.png,0,bf takes me to french restaurant i'll have the chicken strips please
26735,img/26735.png,1,"you pick cotton to get to it because it's white, it works, and why don't black people like aspirin?"
26741,img/26741.png,0,on behalf of nsw go f@#k yourself queensland
26750,img/26750.png,0,on my way to the maury show for the 8th time
26759,img/26759.png,1,that look when you wanna cut a bitch but you remember your a changed man
26784,img/26784.png,1,black people: *exist* lmm: it's free real estate
26794,img/26794.png,0,feel that? it used to belong to bruce jenner
26795,img/26795.png,0,i put brake fluid in my meth... now i can stop whenever i want
26803,img/26803.png,0,"oompa loompa doompeda dee! if you hit that, it will burn when you pee!"
26831,img/26831.png,1,making mashed potatoes
26835,img/26835.png,1,rip harambe black lives matter
26839,img/26839.png,1,"1 little, 2 little, 3 little ni99ers"
26841,img/26841.png,0,steak recipe: 1. destroy someone
26890,img/26890.png,1,"let me get this ""straight"" muslims hate...- me- want to kill ..-me- so i gotta give up... my guns?"
26894,img/26894.png,0,"hmmm, that new wife smell"
26903,img/26903.png,0,"i don't have ex's. i have y's. like, ""y the hell did i date you?!?"""
26905,img/26905.png,1,thanks trump for my new job making america white again
26930,img/26930.png,0,"african american leaders organizing the la riots april 29, 1992"
26940,img/26940.png,0,"""if a dishwasher wore pants, would it wear them like this or like this"""
26945,img/26945.png,0,i cant compare my love of bacon to anything because bacon is the standard that i compare all else to
26947,img/26947.png,1,why isn't my drain working? probably cause the pipes black
26950,img/26950.png,1,a good american is a dead american
26973,img/26973.png,0,ever notice that everything deemed evil by god liberals are for?
26980,img/26980.png,0,myth: gingers don't have souls fact: gingers earn a freckle for everey soul they steal
26983,img/26983.png,0,rollin' they see me hatin' they be
26984,img/26984.png,1,what you imagine when you're on a plane and you hear the person behind you say allahu akbar
26987,img/26987.png,0,"muslim terrorist, spy anti semite the poster child of the left"
27014,img/27014.png,0,proof you can be a fruit and a vegetable
27016,img/27016.png,1,loves me some boneless jungle ham
27034,img/27034.png,1,record black employment record black welfare record black imprisonment
27038,img/27038.png,1,when you ask the jewsih girl for her number and she starts rolling up her sleeve
27041,img/27041.png,0,your are a solder ready to die for your country
27043,img/27043.png,0,and i even got a job in congress! these americans are so stupid!!! yep.........and then i beat the usa immigration sytem by marrying my own brother!
27048,img/27048.png,0,handjobs sold seperately
27056,img/27056.png,1,has one night stand but way too many books to fit on it
27058,img/27058.png,1,where's jaws when you need him ?
27059,img/27059.png,1,chicks be like the blacker the berry the sweeter the juice
27068,img/27068.png,1,he went to jihad's
27069,img/27069.png,1,amsterdam red light district isalamabad red light district
27083,img/27083.png,1,never wear gloves when operating rotating machinery retard
27106,img/27106.png,0,i said i wanted to see his kids so he came in my eye
27134,img/27134.png,1,because of trump walmart is selling american made appliances again
27139,img/27139.png,0,new military drone to fight isis it explodes on penatration
27150,img/27150.png,0,kick them out of country
27153,img/27153.png,1,men's shaving map transbender shaving map
27156,img/27156.png,0,meanwhile at the isis strip club
27163,img/27163.png,1,i think i've found a vaccine for being a faggot it's called pancuronium bromide
27169,img/27169.png,1,they are not escaping to find a better life they are invading us to destroy ours
27185,img/27185.png,0,when you have a small dick and tell a jewish girl to suck it i can't
27304,img/27304.png,0,what a cute little baby bacon
27308,img/27308.png,1,a typical white man
27318,img/27318.png,0,over heard my daughter telling her friend she was curious what it would be like to date a black guy so ... i showed her!
27341,img/27341.png,1,"no one: white cops: he's black, so i'm assuming that he's evil"
27351,img/27351.png,0,at least hitler could use an oven
27360,img/27360.png,0,five finger meth punch
27365,img/27365.png,0,oh you're offended i'm sure i have some thicker skin for you in the back
27385,img/27385.png,0,not all black people are criminals
27391,img/27391.png,1,i said glass of juice not gas the jews
27395,img/27395.png,0,i bet they make squeaky toy sounds when they fuck
27398,img/27398.png,0,"if you believe that, i've got a virgin goat to sell you!"
27401,img/27401.png,0,for the last time.. i'm not michelle obama
27405,img/27405.png,1,halal... is it meat you're looking for?
27416,img/27416.png,1,bitches out there sucking unemployed dick swallowing insufficient funds
27418,img/27418.png,0,people love whoever
27430,img/27430.png,0,both men and women sacrificed in different ways but it was all to protect their comfortable home
27436,img/27436.png,0,"""i'll have to resign"" and then i said do i look like i give a fuck?!"
27438,img/27438.png,1,you can kill muslims but you can't kill islam
27461,img/27461.png,1,so you think we should import muslims.. did your grandfather import nazis
27468,img/27468.png,1,when the squad is about to get lit..
27480,img/27480.png,0,"the face you make when you don't understand what ""stop resisting"" means"
27489,img/27489.png,0,how do we destroy the patriarchy? it's simple. we eat it
27490,img/27490.png,0,"he's the man, baby !"
27501,img/27501.png,1,muslims are idiots!!! muhammad was a pig that's the truth folks! allah is that pig's penis!!!
27503,img/27503.png,0,when you shit an anaconda and feel the last inch disconnect from your soul
27514,img/27514.png,1,someone get me the goddamn tranny mulcher
27518,img/27518.png,0,"what's the difference between oral sex and anal sex? a: oral sex makes your day, but anal sex makes my hole weak"
27534,img/27534.png,1,understanding the difference nazism hollywood's inverted depiction of national socialism national socialism
27563,img/27563.png,1,when you're so racist you won't even hire white guys to commit fake white hate crimes against yourself!
27568,img/27568.png,0,close up portrait of a serious black man
27591,img/27591.png,1,klu klux kar insurance we know it was dark and you just didn't see him
27603,img/27603.png,1,wear a full burqa and nobody says anything change the cloth to white and everyone loses their mind
27604,img/27604.png,1,girls are like jelly beans they're all good. except the black ones
27605,img/27605.png,0,lyin' thinking about lyin' really lyin' just got done lyin'
27608,img/27608.png,0,ilhan omar a powerful woman of color
27613,img/27613.png,0,april 15th is coming... bitches better have my money... memegenerator.ne bitches better have my money.
27630,img/27630.png,0,beep beep motherfucker
27634,img/27634.png,0,yes i'm trying to divide the country i'm dividing the illegals from the actual citizens
27648,img/27648.png,0,when you finally graduate in a school in the usa
27685,img/27685.png,1,go back to sleep your government is in control
27801,img/27801.png,0,i'm smoking cones and i just found buzzs shard you'd better come out and stop me!
27803,img/27803.png,0,"ilhan omar has vowed that on her first day in congress she will conduct a muesli ritual ""to cleanse the chamber of the right wing evils"" share to say she's the evil one"
27806,img/27806.png,0,why don't i get sunburnt? because prisons are indoors
27810,img/27810.png,1,"shoot boy, i ain't racist i've got four black tires and a color tv"
27816,img/27816.png,0,black people anything that doesn't belong to them
27835,img/27835.png,0,saddle up motherfuckers it's time to play cowboys
27836,img/27836.png,1,there's a joke in here somewhere? a indian a socialist a smeller a mistress a homosexual and a terrorist lover walk into a bar.
27843,img/27843.png,1,a transgendered 4 year old is like a vegan cat we all know who is making their lifestyle choices
27854,img/27854.png,0,are you bored? let's watch tv
27856,img/27856.png,1,"mexicans hugging and kissing walls and fences, to show their love for border controls"
27860,img/27860.png,1,breastfeed a 42 year old expelled from kfc for breastfeeding her 42-year-old son shit white people do
27864,img/27864.png,1,hey volks...im back ? did jew miss me ?
27891,img/27891.png,0,deep the stupid runs swallow your mother should have
27895,img/27895.png,0,"""nevr forget"" - you said... we didn't forget and we are fighting this together"
27901,img/27901.png,0,fresh out of bradford bomb jovi
27905,img/27905.png,0,i'm what the new working man looks like'
27913,img/27913.png,0,a boner is like a thumbs up from your balls to whatever you're thinking about
27914,img/27914.png,0,"when you're stressed, you eat ice cream, cake, chocolate & sweets, why? because stressed spelled backwards is desserts mind = blown.]"
27915,img/27915.png,0,classic photo of anne frank
27918,img/27918.png,0,you're asking people for 5 cents a day? but you had money to fly here and make a commercial?
27934,img/27934.png,0,is that guy hurting a goat? let's stop this animal abuse
27943,img/27943.png,0,batman! thank god you've arrived!
27946,img/27946.png,1,cadbury's halal creme eggs  now available in special edition
27948,img/27948.png,0,"when she says ""don't cum in me"" but but you know she'll make a great single mother"
27950,img/27950.png,0,"yes, this is she"
27953,img/27953.png,1,i was chatting this liberal chick in a bar who told me that i should be more open to muslim culture so i raped her
27956,img/27956.png,1,companies when pride month ends:
27963,img/27963.png,0,oh how cute.... a guinea pig.
27965,img/27965.png,1,a head diaper is required when you have shit for brains
27981,img/27981.png,0,when you're on your lunch break considering not going back
27986,img/27986.png,0,even i can see you're a cunt
28019,img/28019.png,1,they want this not beause they love you they need to mix breed to preserve their species
28039,img/28039.png,0,"feeling awesome, might hike later, idk"
28043,img/28043.png,0,i don't play
28045,img/28045.png,0,that is so wrong! should wear a helmet
28046,img/28046.png,1,literally me on social media *respect womens* me in irl *bang dishwashers* *respect womens*
28049,img/28049.png,0,mandatory work without exemptions. i do nazi see the problem..
28051,img/28051.png,0,portrait of a psychopath
28059,img/28059.png,0,good morning sleepyhead
28061,img/28061.png,0,just because they do this dosen't mean they'll do this
28063,img/28063.png,0,let's take out the trash impeach both
28067,img/28067.png,0,i remember when your mom dropped you off to school she got a fine for littering
28074,img/28074.png,0,you know you're official when your friend invites you to church
28076,img/28076.png,0,jolo jew only live once
28096,img/28096.png,0,this is for all you nosey fuckers that only follow me to tattle on me. fuck you!
28134,img/28134.png,1,why do white people smell like bologna?
28146,img/28146.png,0,cold beer on a cold night
28147,img/28147.png,0,this person wants to use the same restroom as her gender. liberals want to compromise
28154,img/28154.png,1,we can kill as many as we want and your stupid government keeps bringing us in
28157,img/28157.png,0,i gave that bitch a plunger 'cause bitches love bringing up old shit
28160,img/28160.png,0,saddle up boys! it's time to play cowboys
28163,img/28163.png,0,god wasted a good asshole when he put teeth in your mouth
28173,img/28173.png,1,"ah, i think may have found the problem you appear to be a f*male"
28175,img/28175.png,1,how do i like my eggs? same as i like my niggers beaten and separated from the whites
28195,img/28195.png,0,"gotta be careful who you fuck with. people will learn you, just to hurt you"
28197,img/28197.png,1,cheap shoes for sale.. pick up.... christchurch mosque
28315,img/28315.png,0,the flavor in this dish was nonexistent customers started a religion just to believe it was there
28317,img/28317.png,0,tries to send killers to kill dante in dantes inferno
28319,img/28319.png,0,ramadan begins may 27 bombathon ends june 24
28360,img/28360.png,0,the pope says trump is not a christian because christians dont build walls vatican walls are 40 feet high
28369,img/28369.png,0,brother.... a day without peace is a day wasted
28374,img/28374.png,0,loving parents
28391,img/28391.png,1,you'll see both of the pics similar close your eyes 50
28395,img/28395.png,0,show me a better date. i'll wait...
28397,img/28397.png,0,this is you liking ur own fb post
28401,img/28401.png,0,when you're at a party and no one wants to talk about fishing
28403,img/28403.png,0,when she wants someone to sweep her off her feet
28405,img/28405.png,0,white people already paid reparations
28431,img/28431.png,0,if i become a superhero would i be an ex-men or a trans-former
28435,img/28435.png,0,they have no where to live makes special camp spots just for them
28436,img/28436.png,0,socialism. . ...people line up waiting for bread. capitalism.. ...bread is lined up waiting for people. see the difference
28437,img/28437.png,0,they can kill the messenger but they can't kill the message
28439,img/28439.png,1,i'z elijah cummings massa i be's a good party of slavery house negro
28450,img/28450.png,0,it was at this moment jacob knew he fucked up
28451,img/28451.png,0,"i didn't have kids so others could take care of them while i ""enjoy"" life everything can wait. i have a child that needs a mom. my priority. my responsibility. my life"
28459,img/28459.png,0,"ford wants to make sure you make it home, so now included on all new mustangs, tool box holders!"
28461,img/28461.png,0,red bull gives you wings vodka gives you 4x4
28470,img/28470.png,0,never give up no matter what
28476,img/28476.png,0,you cannot invade the trailer park there will be a dumpster-defend with a yeet cannon behind every door!
28479,img/28479.png,0,is someone using the oven? cuz i smell gas
28491,img/28491.png,0,that post was so shit mel gibson is making a film about it
28507,img/28507.png,1,when your girl is giving you a handjob under the table
28516,img/28516.png,0,anjem choudary wants this removed he said it insults islam. so i thought fuck it why not share
28517,img/28517.png,0,if your grandma's couch was always covered in plastic it's because she was a squirter
28546,img/28546.png,0,when your fridge is full but you don't know what to eat
28561,img/28561.png,0,the truth is out! you're the greatest queen of them all!
28563,img/28563.png,0,you knew that was the wrong hole you're goddamn right i did!
28567,img/28567.png,0,on my way home had a hard week
28574,img/28574.png,1,"the city of seattle leaves poop on their sidewalks ...because hosing it off is ""racially insensitive"""
28590,img/28590.png,1,you can take the trash out of the trailer park but white trash will forever be white trash
28597,img/28597.png,0,class! class! listen! daylight savings ends today you must move your clock forward one hour
28601,img/28601.png,1,stevie wonder be like #selfie!
28604,img/28604.png,1,and then they said... what about the irish slaves??
28605,img/28605.png,1,i want you to wake the fuck up americans! the fucking jews have hijacked your country!
28610,img/28610.png,1,a head diaper is required when you have shit for brains
28613,img/28613.png,1,if slavery had cellphones on the plantation like fuck massah
28614,img/28614.png,1,what do they want? to kill more
28617,img/28617.png,1,welcome to feminism where everything is sexist and nobody understands but them
28637,img/28637.png,0,"instead of being ""born again"" why not just grow up?"
28639,img/28639.png,0,boobs when you're home alone and lonely
28641,img/28641.png,0,basic white girl in her natural habitat this is what i imagine heaven looks like womenwholovewine wineaisle target whitegirlwasted
28657,img/28657.png,0,"dating, let alone marrying a g*rl who is not a virgin literally makes you a cuck, change my mind"
28659,img/28659.png,1,christians are retarded
28670,img/28670.png,1,nobody: arabic talk show: good morning i hate women
28674,img/28674.png,1,i'm not transphobic i just don't like 'em
28691,img/28691.png,1,when the jews found out it really wasn't a shower
28695,img/28695.png,1,"gods chocen #psychopaths living on stolen land, armed and subsidized by the so-called ""jewish state"""
28704,img/28704.png,0,our voice can change history for better or...worse
28731,img/28731.png,1,how africans eat their food mmmm....... delicious
28735,img/28735.png,1,morgan freeman morgan not-so-freeman
28739,img/28739.png,0,10-year-old me: *is in gifted class* *reads at a high school level* *is pretty good at math* *has a bright future* depression: i'm about to end this man's whole career
28751,img/28751.png,0,who decided to call this a urinal cake instead of a piscuit
28756,img/28756.png,0,solution to mexicans paying for the wall leave all the illegals hanging around the border
28759,img/28759.png,0,will you tell the cat bullying is not okay?
28763,img/28763.png,0,pelosi warns a future democratic president could declare a national emergency to ban guns i seem to recall that a previous government tried this in the 1700's and we shot them...
28764,img/28764.png,1,when you meet that gender studies student again my genders have doubled since the last time we met
28765,img/28765.png,0,"and just like that, people forgot about area 51 started wanting to look like 80 year olds"
28793,img/28793.png,0,congratulations it's non binary
28930,img/28930.png,0,women of power
28935,img/28935.png,1,this would be racist if black people could read
28936,img/28936.png,0,when you find out there's an opening for the role of first lady
28945,img/28945.png,0,"""how fucked up do you plan to get this weekend?"" me:"
28957,img/28957.png,1,when each letter is a mental disorder
28964,img/28964.png,1,"just got his euthanasia forms signed, retard can't even read so i told him he got accepted into harvard lmfao"
28970,img/28970.png,0,ask me if i give a fuck
28971,img/28971.png,0,it wasn't my fault my truck has tranny issue's
28973,img/28973.png,1,worst pijama party ever
28974,img/28974.png,1,"girls reaction when teacher says ""get out of class"" boys reaction gorilla in a fuckin coupe reaction"
28976,img/28976.png,0,when you're hiding from a shooter in your school and the foreign exchange student keeps on crying american students: first time ?
29013,img/29013.png,0,meanwhile at the isis strip club
29036,img/29036.png,1,chinese people be like happy thanksgiving
29041,img/29041.png,0,oh boy can't wait to clean myself up in the showers that the guards are taking us to!
29046,img/29046.png,0,"when you find out the girl you like doesn't like dank memes ""got me fucked up"" ""i bet she wipes back to front"" ""what a thot"" ""that foolish hoe"" ""i hope she die"""
29051,img/29051.png,0,when your annoying neighbours are mowing their lawn suddenly when you go out to finally sun bathe
29056,img/29056.png,0,how do we destroy the patriarchy? it's simple. we eat it
29063,img/29063.png,0,when people say you have an explosive personality
29075,img/29075.png,1,he can be his new boy firend
29083,img/29083.png,0,when you've already explained why your mad 3 times & he still don't get it let's just fight
29084,img/29084.png,1,"africans be like -""we were fine killing each other for land"" ""until the white man showed up, killing us for land"""
29104,img/29104.png,0,america is for americans period! i agree. why don't you go back to europe?
29130,img/29130.png,0,you talk like a fag and your shit's all retarded
29137,img/29137.png,1,goofy fuckin black people
29138,img/29138.png,1,why can't we spend money on education instead of drugs ''
29140,img/29140.png,1,nice try women now go back to the kitchen
29148,img/29148.png,0,"don't like me? i don't i care, it's still a beautiful day in my neighborhood"
29150,img/29150.png,0,"back in my day, you were either america first or a pinko commie nowadays they call themselves liberals, progressives, socialists and such.. but you know what, pilgrim? they're still pinko commies"
29158,img/29158.png,1,the military finally captured the massive orangutan
29163,img/29163.png,1,what kind of punch can take out 20 kids and 6 adults? a sandy hook
29164,img/29164.png,0,"if you think it's okay for iran to have nukes, but not okay for law abiding americans to have guns you might be a dumbass"
29173,img/29173.png,0,"9's on the stock bottom no your ls cant do that! wait, im ls swapped.."
29178,img/29178.png,1,kon'nichiwa anata wa fucking nigger
29304,img/29304.png,1,the hardest part of breaking up with a japanese girlfriend is having to drop the bomb on her twice before she gets it
29308,img/29308.png,1,"when you haven't stolen anything, used snap benefits or been loud at the movies for a few weeks"
29351,img/29351.png,1,when you forget the bomb codes
29354,img/29354.png,0,"during the holocaust, jewish bodies were treated like trash"
29357,img/29357.png,1,it can't be homicide if there is no race
29376,img/29376.png,0,get in loser we're invading poland
29380,img/29380.png,1,all i want for christmas is 6 million
29385,img/29385.png,0,when you drop your care package and someone else takes all the loot
29387,img/29387.png,0,speaking to the house
29401,img/29401.png,0,i came out of your what!?
29416,img/29416.png,0,i hate when walmart doesn't have what i need
29430,img/29430.png,0,where is the curvature? #basketballsareflat
29438,img/29438.png,1,israel is not at war they don't fight soldiers they kill innocent men women and children from a distance
29460,img/29460.png,0,child survivors of holocaust
29463,img/29463.png,0,"i swear some people were conceived through anal sex, because there's no way being that much of an asshole is natural"
29470,img/29470.png,0,educate our kids about domestic violence
29475,img/29475.png,0,you get 10 times more chicks than me? 10 times o is o
29476,img/29476.png,1,"""america has stolen the jews the jews of god his jewelry the negroes they are the true hebrews"" google it"
29478,img/29478.png,0,one of the bullets they dug out of a victim from the orland gay night club shooting!
29485,img/29485.png,0,when you want to read about other cultures
29503,img/29503.png,0,god gave his arch angels weapons because even the almighty knew you don't fight evil with tolerance and understanding
29506,img/29506.png,1,when the black kid is roasting the white kid and he has a gun in his backpack you think i would lose to a monkey
29507,img/29507.png,0,even babies love nikes
29508,img/29508.png,0,problem solution
29513,img/29513.png,1,you dirty fucking nigger
29517,img/29517.png,0,they told me i could become anything so i became a scarecrow
29574,img/29574.png,1,when your chinese food shows up completely uncooked
29576,img/29576.png,0,rock. paper. scissors throat punch!
29581,img/29581.png,0,claims that her ancestors created a safe space for jews these are her ancestors
29587,img/29587.png,1,texas churches be like... pew pew pew
29608,img/29608.png,0,when you're the gay friend and also the meme lord
29614,img/29614.png,1,"when your girl is bulimic, but you like gagging sounds, so you call her ""fatty"" while you beat your meat in the shower"
29630,img/29630.png,0,you just went full goat fucker never go full goat fucker
29635,img/29635.png,0,close friends for life
29643,img/29643.png,1,"dad, dishwasher is loaded again '' ''"
29671,img/29671.png,1,"dad why do we stink? so blind people can hate us too, son"
29675,img/29675.png,1,remember behind every one of us is a police
29678,img/29678.png,1,rich theft '' ''
29684,img/29684.png,0,"it's not immigration, it's not asylum seeking it's an invasion!"
29703,img/29703.png,1,when each letter is a mental disorder
29708,img/29708.png,1,the most underrated cook of all time
29714,img/29714.png,1,"when your gf is fucking a black guy, so you break a tail light on his car so the police will stop him & shoot him. modern problems require modern solultions"
29731,img/29731.png,0,take me out for dinner first then you have my permission to play lol
29735,img/29735.png,1,i have a dream thats me with the belt
29740,img/29740.png,0,when a person tells you that your meme meme or joke was heavily offensive i can go lower
29756,img/29756.png,0,pull up pull up gas
29760,img/29760.png,0,"teacher: "" ok class, bring out your calculators"" mohammed:"
29761,img/29761.png,0,ps4 playstation' vr required food simulator 18 18
29764,img/29764.png,0,fuckyeah! halfday!
29785,img/29785.png,0,"he's making a list, checking it twice gonna find out who's getting deported by i.c.e"
29786,img/29786.png,1,that's gayer than cum on a mustache
29813,img/29813.png,1,removes polish with chemicals nobody bats an eye removes polish with chemicals everybody loses his shit
29814,img/29814.png,1,"if you hold a black baby to your ear, you can hear the police sirens"
29816,img/29816.png,0,woman badly injured in fight
29835,img/29835.png,0,"i think if people want "" to wipe out reminders of slavery segregation & white supremacy we might consider getting rid of the democratic party"
29841,img/29841.png,1,men be like im finally ready to settle down
29850,img/29850.png,0,crackers gonna crack
29851,img/29851.png,1,how dark is your humor? me:
30128,img/30128.png,0,when your girl is crazy and she finds your side chick
30142,img/30142.png,0,when your friends find your mugshot online
30156,img/30156.png,0,"when you're still alive after years of destructive alcohol and drug abuse  life, uh, finds a way"
30157,img/30157.png,0,"i am a goat i eat everything, even your dreams"
30162,img/30162.png,0,don't mind me just watering my muslims
30165,img/30165.png,1,if you're protesting against this man visiting the uk. ...but protesting for this woman to return to the uk.. ...then you're a special kind of stupid
30168,img/30168.png,1,"hi, i'm nate i'm a lesbian in recovery"
30174,img/30174.png,0,coming home wasted at 6am and seeing people jogging look at these assholes
30175,img/30175.png,0,child protective services takes away childrenfrom parents who don't vaccinate but they're perfectly fine with them
30182,img/30182.png,0,a fast sandwich maker
30185,img/30185.png,1,i may be blind but at least i'm not black
30192,img/30192.png,1,when tr*nnies want to be accepted but they mutilate their bodies
30196,img/30196.png,0,goat porn star
30241,img/30241.png,0,i said glass of orange not glass of apple juice
30245,img/30245.png,1,when the special ed kid drops his penny
30247,img/30247.png,0,broken chair
30248,img/30248.png,0,have you ever noticed the only time republicans smile is when they are taking away things from the american people?
30249,img/30249.png,0,it's racist to call me a goat humper even though i hump goats
30251,img/30251.png,0,so i guess a handjob is out of the question
30256,img/30256.png,1,shame on these gays! and shame on muslims marrying children. said the christian molesting little boys
30257,img/30257.png,0,family trip in mexico
30258,img/30258.png,0,bethelem celebrates eid and christmas with air-soft guns for the youth
30259,img/30259.png,0,i'm not a pessimist i'm an optometrist
30267,img/30267.png,1,"when an asian bitch says "" you'll never find anyone like me"""
30276,img/30276.png,0,when the dishwasher isn't working properly and you have no tecnical knowledge whatsoever so you just decide to talk to it and hope it starts working good luck
30286,img/30286.png,0,had to get wisdom teeth removed i guess you shouldn't have been such a smart mouth
30289,img/30289.png,0,the enemy within ilhan omar linda sarsour rashida tlaib ocasio-cortez
30291,img/30291.png,1,i put the ape in rape
30296,img/30296.png,1,when the un adds another million to the holocaust death toll
30412,img/30412.png,0,japanese fashion trends
30452,img/30452.png,0,trump supporters be like show me where he lied
30456,img/30456.png,0,all you motherfuckers love a petty offensive page until that same petty page offends your mother fucking ass
30462,img/30462.png,0,if you have a beard but can't change a tire shave
30465,img/30465.png,0,when a stranger suddenly helps you
30481,img/30481.png,1,him: you seen my cat lately jill?
30486,img/30486.png,1,what women think they'll do when the economy collapses vs what they'll actually do
30487,img/30487.png,1,i don't want to grow up to be abused as a muslim sex slave. please ban islam. #goatlivesmatter
30489,img/30489.png,1,"""so then i was going to tell a princess diana joke"" ""but that would have crashed and burned """
30492,img/30492.png,0,when i grow up i'm going to be a famous doctor
30518,img/30518.png,0,the dna test results say... you're a cunt
30526,img/30526.png,1,when your kid actually is transgender
30527,img/30527.png,1,look ma no hands!
30546,img/30546.png,1,white people be like: outside inside
30548,img/30548.png,0,not sure if you're being funny or stupid
30549,img/30549.png,0,smoochies from donald on your birthday!!!
30561,img/30561.png,1,sends 6 million to heaven knows jews are god's chosen people
30567,img/30567.png,1,maybe if you worked a bit we wouldn't have inequality
30569,img/30569.png,0,thank you ! for everything ! for what ?
30582,img/30582.png,0,and just like that... this sandwich maker doubles as ironing board
30591,img/30591.png,0,i hate snow it's white and on my land
30597,img/30597.png,1,hey muslims eat me!
30598,img/30598.png,1,we can kill as many as we want and your stupid government keeps bringing us in
30615,img/30615.png,0,welcome to the future
30618,img/30618.png,0,in other contries in porkistan
30628,img/30628.png,0,"and to think, i almost swallowed you"
30629,img/30629.png,1,cop: any questions? *black kid raises hand* cop: jayshaun if you don't put your fucking hand down i'll shoot you like i did your father hands up don't shoot
30648,img/30648.png,0,when some body adds another plate to the sink while i'm washing the dishes
30652,img/30652.png,0,"not sure what's in the fridge, but this dishwasher is about to get a big load"
30675,img/30675.png,1,the world calls it: love. god calls it: abomination
30682,img/30682.png,0,ah the young they grow up so quickly
30684,img/30684.png,0,had secret door before it was cool
30687,img/30687.png,0,slipped and hit the bathtub now everyone is asking if things are okay at home
30692,img/30692.png,1,cameraman: i don't understan- psychic kid: trust me this will be really funny someday
30695,img/30695.png,1,"musslamic democrat, ilhan omar, has threatened members of congress. she's told several republicans that she'll send them ""shawarma"", to ""give them a taste of her culture"""
30697,img/30697.png,0,the plate is so hot al gore is using it as evidence of global warming
30714,img/30714.png,0,chicks be like the blacker the berry the sweeter the juice
30721,img/30721.png,1,"""harder, harder"" ""that's a good boy"""
30726,img/30726.png,0,when everyone who has been calling you racist for the past 2 years are pedophiles
30742,img/30742.png,1,"i don't always fuck midgets but when i do, i go balls deep"
30745,img/30745.png,1,"but dad please respect the rights of trans kids, it's who i reall- i am going to beat your ass until it's a bloody pulp you hear? no son of mine is going to be a goddamn woman!"
30756,img/30756.png,0,dat ass ahmarbkrich*d
30761,img/30761.png,0,muslim seeking equal education
30764,img/30764.png,0,are we there yet
30782,img/30782.png,0,an older gentlemen having a wonderful day
30785,img/30785.png,0,my first act? getting rid of the smell he brought to the house
30792,img/30792.png,0,ultimate terrorist lure position decoy and wait
30796,img/30796.png,0,"no samuel, the star does not mean you're sheriff now"
30816,img/30816.png,1,i swear harvey's been chasing the same fly for the last 13 years
30819,img/30819.png,0,for another year older you don't look so baaaaa'd
30824,img/30824.png,0,where did you learn to do it so good? me when i was 2
30826,img/30826.png,0,that look when you find out your husband isn't coming home from the mosque
30829,img/30829.png,0,everyone deserves a chance
30841,img/30841.png,0,warning smoking kills
30847,img/30847.png,1,when you get caught jacking off to the snapchat girl filter of yourself that wasn't me that was patricia
30851,img/30851.png,0,chief crooked bone spurs aka donald trump proving you don't have to be poor to be white trash
30854,img/30854.png,0,safe sex isis style
30859,img/30859.png,0,parents gets divorced twice as many birthday presents
30862,img/30862.png,0,"""look at the plane, it's your uncle samir *was"""
30871,img/30871.png,1,july first we will open the military to transgender people isn't that why we have the coast guard?
30872,img/30872.png,0,people who speed why should i slow down?
30896,img/30896.png,0,yo dawg i heard you like overthinking so you can overthink while you overthink so i made you overthink about overthinking
30914,img/30914.png,0,why yes i'm part indian i'm from the smackahoe tribe
30918,img/30918.png,1,"suspect is a gender fluid, non on-gender specific clothing, assigned male at birth but identifies as a wearing mountain panda born caucasian"
30928,img/30928.png,1,i might not be good at sucking cock but i can put beavers outta work
30942,img/30942.png,1,when the americans pull up outside of auschwitz *jew cooking time stops*
30948,img/30948.png,0,how it feels to chew peppermint gum after biting a jalapeno
30957,img/30957.png,1,30% of women should have just shut fuck up
30958,img/30958.png,0,chocolate melts at 86*f
30961,img/30961.png,1,i see!
30982,img/30982.png,0,they probably arguing over some little shit
30986,img/30986.png,0,this beef is so raw its eating the salad
31024,img/31024.png,0,what we are doing to lgbtq is not right we should give them love
31025,img/31025.png,0,i refuse to debate gun control with folks who eat soap and are confused on which pisser to use
31029,img/31029.png,0,when there is no pinyata at the party but the emo kid just hung himself improvise. adapt. overcome
31048,img/31048.png,1,the world calls it: love god calls it: abomination
31058,img/31058.png,1,when you step on landmine but you do not weigh enough
31059,img/31059.png,1,when the kush so good you lose chromosomes
31068,img/31068.png,0,be right back left the gas on
31074,img/31074.png,0,that job interview was going so well. until i realized i was fucked up on acid in the middle of a cornfield naked and talking to a scarecrow
31076,img/31076.png,1,maximum concentration
31082,img/31082.png,1,that look you get when you finally complete your collection
31085,img/31085.png,1,if black people aren't lazy then why doesn't kfc have a breakfast menu
31092,img/31092.png,0,what stopped a suicidal boy from jumping? the rope
31094,img/31094.png,1,i'm not saying your mom's a slut but during childbirth she slid you in and out a couple of times
31095,img/31095.png,0,when you borrow money from grandma and can't pay her back
31096,img/31096.png,0,positivity is a mind set
31097,img/31097.png,0,just taking a nap at walmart
31204,img/31204.png,1,my pussy is getting hard
31205,img/31205.png,0,yall got any more of them episodes
31209,img/31209.png,1,i got fired from a restaurant for sticking my fingers in the dishwasher i'm wondering why they didn't fire her too
31256,img/31256.png,1,i'm responisble for the deaths of over 50 million people! so another dozen or so won't hurt! *click!
31268,img/31268.png,1,jokes don't kill people they kill people '' ''
31270,img/31270.png,0,"sometimes in life, we hang on tight to the wrong things"
31278,img/31278.png,0,"it's not a hijab it's a diaper, for peoples with shit for brains"
31280,img/31280.png,1,"just because she weighed as much as two people, that doesn't mean that you had a threesome"
31284,img/31284.png,0,first off i am hebrew! not a damn muslim get it right
31285,img/31285.png,1,how christians act in a religious discussion
31287,img/31287.png,0,how my friends play strategy games how i play strategy games do really look like a guy with plan
31290,img/31290.png,0,9 months before i was born i went to a party with my dad and left with my mom
31294,img/31294.png,0,what if i told you there is absolutely no proof that jesus ever existed. his existence is merely presumed based on anecdotal evidence
31295,img/31295.png,0,i'm a simple man i like beer and boobs
31406,img/31406.png,0,stephen hawking defended the use of animals is medical research
31408,img/31408.png,0,meanwhile at the isis strip club
31409,img/31409.png,1,"buddhists on islam: ""you can be full of kindness and love, but you cannot sleep next to a mad dog. if we are weak, our land will become muslim"". -buddhist ashin wirathu"
31426,img/31426.png,1,michelle obama without makeup
31429,img/31429.png,0,i can't kill the terrorists. they're all my relatives!!!
31450,img/31450.png,0,a local market
31465,img/31465.png,0,ah the young they blow up so quickly
31467,img/31467.png,0,if they don't like it here they can leave!
31472,img/31472.png,0,when your step sister says she wants to have a forehead competition
31479,img/31479.png,1,"the only ""perferred pronouns"" a tranny needs is ""it"" or ""thing"""
31485,img/31485.png,0,but wait there's more
31487,img/31487.png,0,when you accidently hit the bees nest outside
31495,img/31495.png,0,walking into a smokers house like
31496,img/31496.png,1,ultimate terrorist lure position decoy and wait
31497,img/31497.png,0,when the squad is about to get lit.
31508,img/31508.png,1,gays for islam islam for gays
31527,img/31527.png,0,in 1948 women were allowed to join the army
31547,img/31547.png,1,"somewhere in a galaxy far, far, away someone will say the n-word"
31549,img/31549.png,1,the wife said we needed a new coffee maker so i got one. her name is jill. the wife was not amused..
31560,img/31560.png,0,oh man my parents are going to kill me
31568,img/31568.png,0,alabama: bans abortions. all of alabama in 5 years
31586,img/31586.png,1,hurry up and hide your valuables
31604,img/31604.png,1,healthcare for muslims
31605,img/31605.png,0,running for school
31609,img/31609.png,0,the haters have arrived
31625,img/31625.png,0,"i married my brother to commit immigration fraud this makes her an illegal alien, ineligible for congress and deportable! ice, where are you?"
31629,img/31629.png,1,me: hey maybe we should accept people regardless of their sexual preferences? islamic countries: (muslim noises)
31640,img/31640.png,1,and nothing of value was lost that day
31645,img/31645.png,0,the floor is jews
31649,img/31649.png,1,"whenever a white gay compares their struggle to that of a black woman well yes, but actually no"
31652,img/31652.png,0,you sick... freak!!!
31657,img/31657.png,1,ain't no allah back girl
31678,img/31678.png,0,a good asian driver
31684,img/31684.png,0,obama voters
31687,img/31687.png,0,ask that dumb ass question again and i'll head out
31690,img/31690.png,0,the older we get the sleepier we are
31694,img/31694.png,0,i agree hi 5 bro
31706,img/31706.png,1,when you stuff your jewish chicken before you give it a good roast
31708,img/31708.png,0,"me, the first time my sweet, beautiful baby boy ever brings a girl home to meet me. why don't you go back to your home on whore island?"
31709,img/31709.png,0,patience good things come to those who wait
31720,img/31720.png,1,"can you name 3 words better than ""i love you?"" death to america, of course,"
31728,img/31728.png,0,"either we fuckin, or i'm fuckin"
31729,img/31729.png,0,an expensive netflix bill? i did nazi that coming
31742,img/31742.png,0,when you and ya partner see an unarmed black youth
31748,img/31748.png,1,ramadan begins may 27. bombathon ends june 24
31758,img/31758.png,0,getting stoned in america can be expensive in my country it is free for everyone ''
31764,img/31764.png,1,"when the safe word is ""flower"" but she kept saying ""flour"""
31765,img/31765.png,0,honestly i'm probably single because.. i never forwarded those chain messages in 2008
31769,img/31769.png,0,what if i told you blacks should not vote
31782,img/31782.png,0,gets kicked out of every country they been to blames you
31786,img/31786.png,0,"put'n the ""ham"" in mohamed"
31794,img/31794.png,0,i said a glass of orange juice not just any juice
31809,img/31809.png,0,look! i can nearly fit as many balls in my mouth as your girlfriend!!
31824,img/31824.png,0,i got my hair did
31847,img/31847.png,1,"why not share! so i thought fuck it, anjem choudary wants this removed because he says it insults islam"
31849,img/31849.png,0,7 in 10 people in prison are registered democrats when you can't beat trump with law abiding citizens you enlist felons..
31852,img/31852.png,0,"oh i pissed you off? suck it up buttercup i'm an asshole, it's what i do"
31857,img/31857.png,0,this is nahir born in germany. nahir is german. this is fluffy born in america. fluffy is american
31876,img/31876.png,1,got a new slow cooker today
31896,img/31896.png,0,i'm not saying it was muslims but it was muslims
31897,img/31897.png,0,toshiba? i lost a friend on that beach
31902,img/31902.png,0,who let the dogs out !
31924,img/31924.png,0,this is how harvey price has grown over the years
31925,img/31925.png,0,see? i fuckin told you a little foil on top keeps them jewsy medium rare is best
31927,img/31927.png,0,anymore pictures ? im kiddin let me pose
31948,img/31948.png,0,the left can't meme because the left is a meme
31960,img/31960.png,1,when your chinese food shows up completely uncooked
31975,img/31975.png,0,virgo you're both white trash quite frankly
32015,img/32015.png,1,best thing about an ethiopian blowjob?... you know shes gonna swallow!!!
32017,img/32017.png,0,i want to be inside your lady garden gnomesaying?
32046,img/32046.png,0,smoke pours from the wtc on 911
32051,img/32051.png,0,when they know you got a drug problem so they give you a gift card instead of cash but they don't know how the dope game is played!?
32069,img/32069.png,0,me the night before vs me the next morning
32076,img/32076.png,0,when i post something offensive and someone tries to explain to me why it's offensive
32081,img/32081.png,0,the secret to a good marriage is having sex at least 3 times a week. and at least once with your wife
32089,img/32089.png,0,red wine? that's a lifestyle choice
32106,img/32106.png,1,i don't see anything wrong with him other than he stole a wheelchair
32140,img/32140.png,0,got his house fumigated for termites got service connected for agent orange
32147,img/32147.png,1,"""liberal whites are the greatest enemy of african americans."" -james meredith james merideth is a republican, an author, and most notably the first black student admitted to the university of missippi"
32150,img/32150.png,1,arnold schwarzenigger
32160,img/32160.png,0,little white person please leave before my ancestors tell me to kick off this mountain
32164,img/32164.png,1,"black people started wearing their pants low, white people called it ""saggin."" spell saggin backwards... those sneaky white people"
32168,img/32168.png,0,adding coolant when the farm equipment overheats
32174,img/32174.png,0,jewber: uber for jews
32189,img/32189.png,0,the look after being told something idiotic be like
32401,img/32401.png,0,"in 2011 trump said ""all americans are idiots"" in 2016 they proved it"
32405,img/32405.png,0,"and in this corner, weighing in at 140 lbs"
32409,img/32409.png,0,and just like that democrats hate mueller more than trump
32416,img/32416.png,0,i reckon imma start some shit today mmmm hmmmmmm
32459,img/32459.png,0,only man to award a terrorist 10.5 million dollars for killing an american oldier....fucking scum bag!
32468,img/32468.png,0,be sure to spay or neuter your spouse today
32470,img/32470.png,0,the spooks of hazzard
32480,img/32480.png,0,for the last time leave big foot alone
32481,img/32481.png,1,muslim woman whines: i don't feel safe in us wearing a headscarf with trump as president then go back to your own country where they'll stone you to death for not wearing it
32485,img/32485.png,0,when you floor it but your passengers arent ready
32490,img/32490.png,1,"me giving nicknames to men who have wasted my time: we will call you, ""almost."""
32491,img/32491.png,0,14 million kids living in poverty in america but democrats fight for illegals
32507,img/32507.png,0,"i married my brother to commit immigration fraud this makes her an illegal alien, ineligible for congress and deportable! ice, where are you? """
32514,img/32514.png,0,my first high school football game was a lot like my first time having sex... i was bloody and sore at the end but at least my dad came
32516,img/32516.png,1,how to pick up jewish chicks
32540,img/32540.png,1,hitler at auschwitz be like: so we're just going to leave them for another minute or two until they get nice and smokey
32549,img/32549.png,1,"look out, here comes the master race"
32570,img/32570.png,0,women deserve equal rights and support
32576,img/32576.png,0,you never know how crazy they truly are until after you give them some good dick
32586,img/32586.png,0,my gynocologist says i can't have sex for 2 weeks what did your dentist say ?
32587,img/32587.png,1,corn shit lemon piss
32591,img/32591.png,0,it's not over! until i say so!!!
32608,img/32608.png,0,i got 99 problems and optimisim
32615,img/32615.png,0,when black people make white jokes when white people make black jokes
32617,img/32617.png,0,aaaaaaaaaaaaaah my dick is stuck in the drawer
32640,img/32640.png,0,went outside today yolo
32647,img/32647.png,1,"women are like bacon they look good, smell good, taste good and slowly kill men"
32649,img/32649.png,0,i love to fight for my country
32650,img/32650.png,0,drinking wine is bad drinking camel piss is good
32658,img/32658.png,0,we can kill as many as we want and your stupid government keeps bringing us in
32670,img/32670.png,0,"i don't always trust democrats... but when i do, i trust them to steal my money, spy on me, cause the cost of living to go up and sell out my country"
32674,img/32674.png,0,a school bus that was engulfed in flames
32695,img/32695.png,0,this is my ex looking for someone better than me
32704,img/32704.png,0,you know the macarena by heart
32706,img/32706.png,0,illegal aliens are more american than american citizens. aoc 01/08/19
32714,img/32714.png,0,hahaha fucking idiot
32716,img/32716.png,1,how much did the holo cost
32746,img/32746.png,0,life is like a box of chocolates you never know what you're gonna get
32750,img/32750.png,0,"william shatner has discontinued his new line of ladies lingerie apparently ""shatner panties"" wasn't the best choice for a name"
32751,img/32751.png,0,all aboard we are headed home
32765,img/32765.png,0,if you outlaw abortions abortions will just happen illegally but if you outlaw guns we will all be safe from gun crime
32768,img/32768.png,0,theory of everything imdb 7.7/10
32781,img/32781.png,0,look son... another terror attack by peaceful muslims!
32794,img/32794.png,0,'dont cry because it's over smile because it happened'' -dr. seuss
32798,img/32798.png,0,so you're telling me there's a chance
32806,img/32806.png,0,when you start to choke but your uncle knows the heimlich maneuver
32841,img/32841.png,1,"pedal faster patrick, the owners are coming"
32849,img/32849.png,0,valentine in islamic countries
32854,img/32854.png,1,how do you like them well done please!
32867,img/32867.png,0,it's not because you're muslim anti-semitic anti-america
32876,img/32876.png,1,those are some clean burning jews i tell ya h'wat
32891,img/32891.png,0,if you make a left you'll see where you had me fucked up at
32896,img/32896.png,1,after i'm done huntin' illegal aliens... i'm gonna get one of those technology jobs they took away from me
32897,img/32897.png,0,will you tell the cat bullying is not okay
32906,img/32906.png,0,america 1962: we're going to the moon! america 2017: building a wall is impossible!
32915,img/32915.png,0,when you haven't stolen anything in a week
32941,img/32941.png,1,why do black people smell bad? so blind people can hate them too
32947,img/32947.png,0,if you hear people from my past speak of me keep in mind they are speaking of a person they don't even know anymore
32956,img/32956.png,0,we're getting ready to go march for free college care to join?
32957,img/32957.png,1,when he's muslim and asks you to role play
32971,img/32971.png,0,"you must follow my religion radical muslim you're welcome to follow my religion, if you'd like! moderate muslim"
32974,img/32974.png,0,"you care more about your truck than you care about me well, my truck blows gaskets, not other dudes so."
32980,img/32980.png,1,im mixed with what? gorilla and rhino
32985,img/32985.png,0,when immigrants wave our flag they are not invaders
34015,img/34015.png,0,sorry if i offended you but maybe you needed to be offended here's my apology and one more thing... fuck you!!
34021,img/34021.png,1,"i put the ""ape"" in rape"
34028,img/34028.png,0,two girls sitting in a cart east london 1970
34051,img/34051.png,0,when the russian investigation... leads to the democrats
34056,img/34056.png,1,myth: gingers don't have souls fact: gingers earn a freckle for every soul they steal
34057,img/34057.png,0,this is called a mushroom cloud
34059,img/34059.png,0,see here's your mistake you added a fuck that i didnt give
34068,img/34068.png,0,"remember no matter how much you cry like a little bitch, trump will still be your president"
34072,img/34072.png,0,nothing comes between the bond of a rider and their horse
34075,img/34075.png,0,next time you complain about being hungry just remember it could be worse
34076,img/34076.png,0,i'm taking my clock to school
34078,img/34078.png,0,the only answer the only solution
34079,img/34079.png,1,do you have any idea how black you were going?
34081,img/34081.png,1,"when a black on lmm wants to fight, but you just tell a cop and the cop opens fire without hesitation modern problems require modern solutions"
34089,img/34089.png,0,this is where i belong
34091,img/34091.png,1,went to wal-mart picked up a brand new dishwasher!
34092,img/34092.png,0,no i dont want to kiss you i don't know why my girlfriend is mad
34095,img/34095.png,0,i've been here once. beautiful land and people
34096,img/34096.png,0,"removes polish with chemicals, nobody bats an eye"
34097,img/34097.png,1,etch a sketch for my birthday worst present ever
34106,img/34106.png,0,when all your army's peaceful solutions fail you know what our problems require special forces' unconventional solutions
34107,img/34107.png,0,and that was the last time we let jr feed himself
34109,img/34109.png,1,bring your jihad you camel piss drinking goat humpers
34129,img/34129.png,0,"she said she wanted the ""d"" so i gave her diabeetus"
34152,img/34152.png,1,how can this be allowed a free home and benefits? when this man was allowed to die on the streets after serving this country
34157,img/34157.png,0,mlk at the march on washington
34162,img/34162.png,0,she said girls run the world... so i told her get back in the kitchen
34165,img/34165.png,0,be happy you dont have neanderthal dna
34178,img/34178.png,0,"ay man, how ya been?"
34179,img/34179.png,1,hey muslims kiss my american ass!
34180,img/34180.png,1,when you call that one dike bro by accident
34186,img/34186.png,1,when i was a kid i thought black people were made from anal sex
34190,img/34190.png,0,"hitler, the leader of the nazi's"
34196,img/34196.png,1,behind every goat is a happy muslim
34206,img/34206.png,1,transwoman yelling at me about the meme i made me wondering what this dude's problem is
34207,img/34207.png,0,game of throne team are thinking about building a documentary about hitler
34216,img/34216.png,0,"yes, ilhan omar is anti-semitic and anti-american but she is on our side"
34217,img/34217.png,0,we said we would never forget why are you voting them into our government?
34219,img/34219.png,0,when you're 2% of the population but 40% of all pedophiles
34250,img/34250.png,1,beer goggles helping fat chicks get laid for thousands of years
34258,img/34258.png,1,"when she cooks, cleans & sucks a mean dick but you gotta work"
34275,img/34275.png,0,i hate when i see a black out in my neighborhood but i still offer my neighbors a candle
34295,img/34295.png,0,"i was raped in jail mom. dad's taking monopoly way too seriously incest is the best, put your daughter to the test"
34298,img/34298.png,0,when you finally get to go outside after being in the barn all winter
34506,img/34506.png,0,what's the difference between menstrual blood and sand? you can't gargle sand
34508,img/34508.png,1,jews are the problem. not just zionists or israelis. jews. all of them
34510,img/34510.png,0,"1 in 10 people live next to a pedophile not me, i live next to three gorgeous 13 year olds"
34518,img/34518.png,0,meanwhile at the isis strip club
34520,img/34520.png,0,i'm just not happy being with you falcon punch!
34521,img/34521.png,0,push for better healthcare in the country injuries happen when you least expect them
34526,img/34526.png,0,let me remind you i brutally beat my girlfriends there is plenty of evidence including a police report. i'm still #2 at the dnc and my party is silent about the matter
34567,img/34567.png,1,if you support this you're supporting the genocide of black men
34570,img/34570.png,0,exclusive footage of barack and michelle's 1st kiss
34576,img/34576.png,1,"nascar fans getting drunk in the metal parking lot, earplugs, dumb heads vests with patches, going in circles, trailer trash, obsession with gear, raising hell, aviators, fast stuff, hangovers.."
34581,img/34581.png,1,teacher : dont make any explosives inside the lab *le mohammed :
34582,img/34582.png,0,gets mad about film portraying muslims as murderous savages responds by being a murdering savage
34586,img/34586.png,0,my sense of humor is so dark it picks cotton
34587,img/34587.png,0,having a romantice night in can help keep the relationship alive
34591,img/34591.png,0,"isaak, grandmaster of spectre burning some flatties on a tuesday"
34592,img/34592.png,0,trusting people has made me the asshole i am today
34596,img/34596.png,1,i like my coffe like i like my slaves extra dark
34598,img/34598.png,1,i'm not going down until the last goat fucker is dead and gone
34609,img/34609.png,0,someone's been getting more than 50 cents a day
34618,img/34618.png,1,"tresspass on federal land and we'll stalk, hunt, and kill you....... ...unless you are mexican"
34619,img/34619.png,0,when she finally has your own month
34620,img/34620.png,1,nice boobs i guess it's a tranny omg a shemale
34628,img/34628.png,0,"donald, you are not welcome on my show sir, i do not want to be on your show"
34629,img/34629.png,0,morgan freeman played god in bruce almighty
34652,img/34652.png,1,if you're gonna go boating make sure you have the proper flotation devices
34658,img/34658.png,1,"pissed off two men becuase i refered to them as hipsters apparently the correct term is ""conjoined twins"""
34659,img/34659.png,0,the muslim plague is spreading like herpes
34670,img/34670.png,1,im really sorry that your not feeling well today but im still gonna need a sandwich
34671,img/34671.png,0,look! it says it right here! we can fuck goats!
34675,img/34675.png,0,normal people after a tragedy me : oh man these memes are going to be fucking great
34680,img/34680.png,1,when she's says she only dates black guys
34695,img/34695.png,0,omg he's mad
34698,img/34698.png,0,when a spider runs across the carpet fucking smash it
34710,img/34710.png,0,hey lets go see if that kid wants to run around with us great idea
34715,img/34715.png,1,art school:*denies application* 6 million jews:
34721,img/34721.png,0,i said a glass of orange juice not just any juice
34726,img/34726.png,1,"look, mom! it's a faggot!"
34728,img/34728.png,0,moments after you post something that you know is gonna start some shit
34751,img/34751.png,1,muslims: screaming about their religion being attacked christians and jews: -first time?
34756,img/34756.png,0,my favorite sex position is the challenger i go hard for 73 seconds then prematurley blow
34765,img/34765.png,1,when you find a girl that accepts your holocaust fetish
34768,img/34768.png,0,what a true rapist looks like
34780,img/34780.png,0,yes i ordered my justice department not to prosecute hillary clinton donald trump and to frame so what are you going to do about it
34782,img/34782.png,0,"me. saving refugees ""nice try"""
34785,img/34785.png,0,"welcome, we are a muslim brotherhood"
34786,img/34786.png,0,same
34791,img/34791.png,1,when i was a boy we didn't have things like adhd. it was called being a little bastard
34795,img/34795.png,1,finally synthetic watermelon
34796,img/34796.png,0,"san francisco bans plastic straws, but will still provide plastic needles for its junkies"
34798,img/34798.png,1,i don't see whats wrong with him other than he stole that wheelchair
34805,img/34805.png,0,when you're trying to be a good student and just learn magic but three kids in class keep getting in trouble all the time
34806,img/34806.png,0,bro you still care about ace discourse? bro kinda cringe ngl
34815,img/34815.png,0,i'm leading trump by a landslide in a new poll been there done that
34816,img/34816.png,0,meanwhile at the isis strip club
34821,img/34821.png,0,quick... they're escaping from the cake!
34825,img/34825.png,0,monkey blood
34852,img/34852.png,1,"gee, i'd like to suicide bomb the crap out of that church, but i got a thing at 5 couldn't abdul do it?"
34857,img/34857.png,0,monday at skul after watching sarafina
34862,img/34862.png,0,when i grow up... lol nevermind
34871,img/34871.png,0,time for liberals.. ...to start crying again
34872,img/34872.png,1,i bet god is one of us because he didn't even raise his son
34875,img/34875.png,0,when you told her you was going to fuck her till she was stupid
34876,img/34876.png,1,"on ur way going to d church, u see someone beating ur mum like dis what would you do?"
34897,img/34897.png,1,when the special needs girl with big tits is left unattended
34901,img/34901.png,0,gays aids it really be like that
34910,img/34910.png,0,i want to be inside your lady garden gnomesaying?
34915,img/34915.png,1,just trying to do my part
34920,img/34920.png,0,the smell of not wearing deoderant
34925,img/34925.png,0,"knock, knock. who's there not this bitch ( obviously )"
34927,img/34927.png,1,who's down for a 3.5 way
34952,img/34952.png,0,real men pray for each other they don't hate on each other
34960,img/34960.png,0,families saying goodbye to their loved ones from the other side of the mexican border
34961,img/34961.png,0,this cat is pushing a watermelon out of a lake. your argument is invalid
34970,img/34970.png,1,muslims in 2001 muslim in congress 2019 defund homeland security
34971,img/34971.png,0,dashing through the grass im coming to rape your ass
34972,img/34972.png,1,my grandpas tractor never broke down
34978,img/34978.png,0,shit... the dishwasher is broken again
34981,img/34981.png,0,boys are the devil
34982,img/34982.png,0,would you look at that this dryer comes with a free dishwasher
34985,img/34985.png,1,donald trump is my bitch you stupid arrogant americans.!
35016,img/35016.png,0,"yo dude, who passed the aux cord?"
35017,img/35017.png,0,three k's a day keeps you fat haha
35041,img/35041.png,0,2011 gt3 rs with a rebuilt tranny
35048,img/35048.png,1,god does not make people homosexuals or transgendered or sinners of any kind. sin in fallen humanity does
35062,img/35062.png,0,what if i told you you and i should find a bed n get freak nasty
35064,img/35064.png,0,thats a makeup artist for you. what did you expect?
35068,img/35068.png,1,but i wont do that will you let me come home i would do anything for love
35074,img/35074.png,1,white children raped by muslims must 'shut their mouths for the good of diversity' says corbynite mp naz shah sack sicko labour mp naz shah
35084,img/35084.png,0,have you ever tried ethiopian food? neither have they
35086,img/35086.png,1,when god sees people claiming that there are more than two genders isn't that my decision?
35087,img/35087.png,1,i like my women like i like my subs 6 and 12
35091,img/35091.png,0,with black power comes no responsibility
35096,img/35096.png,0,members of the white supremacist movement
35097,img/35097.png,0,meanwhile at the isis strip club
35102,img/35102.png,0,please be patient... we creating a better fuckup for all
35104,img/35104.png,0,talking to your ex be like why you always lying
35160,img/35160.png,0,you did the reich thing
35167,img/35167.png,1,it's peanutbutter jelly time!!!!
35168,img/35168.png,0,waiting for your girl oustide her house
35170,img/35170.png,1,every man needs a decent coffee maker
35178,img/35178.png,1,if they raise theirs and destroy our flag are they really people we want here ??
35182,img/35182.png,0,trouble with a bully? load up on pcp and show that fucker who's boss!
35189,img/35189.png,1,when you don't abort the baby and it dies anyways
35216,img/35216.png,1,"it's time to kill the british and dump tea into the ocean, and i'm all out of tea"
35217,img/35217.png,1,me getting euthanized
35218,img/35218.png,0,i can't wait to name you some dumb shit nobody can pronounce
35219,img/35219.png,1,they stole ma chickin i stole their life
35247,img/35247.png,1,when your fifth wife comes home from the mosque showing a lot of ankle so you take her to the bedroom but her pussy smells like the neighbors goat
35264,img/35264.png,0,i like your cologne what is that? tricare? deers
35271,img/35271.png,0,you knew i was a snake when you let me in
35276,img/35276.png,0,swiming in the summer
35287,img/35287.png,0,i don't know how people wear these everyday feels like this to me
35289,img/35289.png,0,historical spacecraft explosion
35298,img/35298.png,0,see? i fuckin told you! a little foil on top keeps them jewsy
35402,img/35402.png,1,wax on whacks off
35408,img/35408.png,1,do you know how to use an oven! or do i need to dig up hitler so he can show you!
35412,img/35412.png,0,#treason anti-american democrat adam schiff funded by america-hating george soros
35417,img/35417.png,0,must be time for more liberal bullshit
35419,img/35419.png,0,when someone calls you by your gaming name in public
35429,img/35429.png,0,hey muslim eat me!
35460,img/35460.png,0,when someone tries to rape you but you rape him instead improvise. adapt. overcome
35472,img/35472.png,0,he owns an ice cream shop
35480,img/35480.png,1,got a new slow cooker
35482,img/35482.png,1,get back in that oven you racist white bitch
35601,img/35601.png,1,allah? pig fucker!
35602,img/35602.png,1,"""we asked 100 normal people what do you associate with islam?"" terrorism 28 paedophilia 25 hate preaching 20 unwelcome invaders 10 excessive breeders 7 goat fuckers 5 i think the missing answer is peace? if it's there i'll give you money myself"
35604,img/35604.png,0,if you got your phone wet try leaving it in dry rice overnight. it will attract the water from the phone and fix your electronic for you
35607,img/35607.png,0,sends 6 million to heaven knows jews are god's chosen people
35608,img/35608.png,1,"if adam & eve were native american try this apple, it's tasty.."
35614,img/35614.png,1,how do you play taliban bingo? b-52..f-16...b-1..a-10
35618,img/35618.png,0,i woke up like this
35620,img/35620.png,1,when you try to catch a dark type pokemon
35628,img/35628.png,0,breaking news the people don't believe our bullshit anymore
35640,img/35640.png,0,say it with me folks radical liberal terrorism
35642,img/35642.png,1,i got some down bitches i can call
35647,img/35647.png,0,"we're just here to post shit we find funny please know that if that offends you, we find that shit funny also"
35670,img/35670.png,0,if this terrorizes you and this doesn't something is very wrong with you
35671,img/35671.png,1,jews: *exist* hitler: there's enough goofy gas for everyone
35674,img/35674.png,0,you don't have to be lonely at trump haters.com
35678,img/35678.png,0,stop illegal immigrants they're taking the land we stole
35680,img/35680.png,0,take one step at a time you have to crawl before you can learn to walk
35684,img/35684.png,1,when you tell him he can't marry a 6 years old while he lives in us. what do you mean?
35691,img/35691.png,1,da look dog gave mina after they fucked that tranny together
35692,img/35692.png,0,my wife threw me out after she caught me measuring my cock it just reaches the back of her sisters throat!
35701,img/35701.png,0,i don't always play golf but when i do i go balls deep
35708,img/35708.png,0,like if you had one of these only the 1840's kids will remember
35709,img/35709.png,0,"bend over, touch your toes i'll show you where the monster goes"
35716,img/35716.png,1,i don't care what these liberal pro lgbt government officals say if i see a man follow any of the females in my family into the bathroom he'll crawl out looking like this
35724,img/35724.png,0,"the most racist people are the ones crying""racist"" all the time!"
35729,img/35729.png,1,looking for attention? join us
35740,img/35740.png,0,is it legal to masturbate to pictures of yourself as a child?
35746,img/35746.png,0,don't mind me just harvesting memes
35764,img/35764.png,1,leo varadkar stars in.... 'tranny without a fanny' coming soon in dail anal
35780,img/35780.png,0,"fuck, my mom is gonna kill me fuck, my mom is gonna kill me"
35781,img/35781.png,1,faceswap ching chong 100
35784,img/35784.png,0,everyone wants colonel sanders autograph when they see him out in public
35786,img/35786.png,0,get your fucking hawns aff ma willy
35789,img/35789.png,1,death to all muslims
35794,img/35794.png,1,i like my coffe like i like my slaves extra dark
35801,img/35801.png,1,happy pride month y'all disney proudly presents the gentleman and the tranny
35802,img/35802.png,1,it's gettin hot in here so take off all ur clothes
35814,img/35814.png,0,ohhh i see.. so you found a bitch that does it without the peanut butter
35860,img/35860.png,0,sacred cross? let me call my friend who's an expert in holy relics
35861,img/35861.png,0,banner in the streets hulk in the sheets
35869,img/35869.png,0,smoochies from donald on your birthday!!!
35890,img/35890.png,0,"a vaginai is like a tin roof if you don't nail it enough, it ends up over at the neighbors"
35894,img/35894.png,1,"shoot boy, i ain't racist i've got four black tires and a color tv"
35896,img/35896.png,0,once you go black you are forever a single mom
35902,img/35902.png,0,when all those shrugs from not knowing what to eat are starting to pay off
35907,img/35907.png,0,dishwasher is broken? slap her a few times
35910,img/35910.png,0,am i hearing the american people correctly you want to hand over all your means of protection and make it easier for terrorists to come into the country? gotcha!
35912,img/35912.png,1,"i don't always marry first graders.. ...but when i do i wait until they are third graders before i violate them like my goats stay violent, brutal, and backward my friends"
35917,img/35917.png,1,i pictured a black girl naked today can i get an std from this?
35924,img/35924.png,0,it's not rape it's a snuggle with a struggle
35942,img/35942.png,1,you know why muslims hates pigs? because they fuck donkeys!
35948,img/35948.png,1,the granny and the tranny clinton/obama 2020 democrat's secret weapon for 2020
35964,img/35964.png,0,has an interview.. ...shoots out truth
35967,img/35967.png,1,shoutout to all the ladies who don't gotta be half naked to get a mans attention. the rest of you bitches come with me
35970,img/35970.png,1,when i grow up... lol nevermind
35971,img/35971.png,1,"my god will kill your god, kill all infidels, lets burn this place. islam is peaceful!!!"
36014,img/36014.png,0,official white house holiday ornaments
36021,img/36021.png,0,someone else used kids to push an agenda
36025,img/36025.png,1,then they gave me a crown of thorns and whipped me it was so hot i came twice
36027,img/36027.png,1,me: i promise i'll watch tv with you quietly three commercials later ...the jewish press ...will have their lying mouths shut for them!
36028,img/36028.png,0,this isn't even my real ashes
36048,img/36048.png,0,this would be racist if black people could read
36049,img/36049.png,0,knowing white people he's probably the father
36054,img/36054.png,0,and then i beat the usa immigration sytem by marrying my own brother! and i even got a job in congress! these americans are so stupid!!!
36072,img/36072.png,0,"she said ""choke me daddy"" so i gave her 2 popeye's biscuits without a drink"
36075,img/36075.png,1,be happy you dont have neanderthal dna
36079,img/36079.png,0,there is no hindu terrorism in india. what if say it isn't true? will shoot you dead
36081,img/36081.png,1,in this edition we don't buy property; we steal it!
36089,img/36089.png,0,adding coolant when the farm equipment overheats
36092,img/36092.png,0,who is it and what do they do
36095,img/36095.png,0,"when men ask for my number, i give them my ex's number so when they call looking for me, he'll know i'm getting men regardless"
36097,img/36097.png,0,oh sweetie it's a little late for that new york is it though?
36098,img/36098.png,1,when your master refuse to feed you a watermelon after you pluck cotton from his field
36102,img/36102.png,0,questioning america's support for fascist israel ... is unacceptable
36107,img/36107.png,0,when it's time to talk about the birds and the bees
36109,img/36109.png,0,"""one mans trash is another man's treasure"" is a great quote but, it's a shitty way to tell a kid they're adopted """
36120,img/36120.png,0,so you're telling me... you smoke a plant that makes you hungry for fun?
36152,img/36152.png,0,"when your eating out your grandma and you taste horse cum then think to yourself ""oh that's how she died"
36158,img/36158.png,0,when your girlfriend says treat me like a princess
36174,img/36174.png,0,every man needs a decent coffee maker
36175,img/36175.png,0,oh look my new dishwasher arrived
36178,img/36178.png,0,you knew that was the wrong purse... are you serious!
36179,img/36179.png,0,"you thought hillary was in the clear? oh cupcake, have i got a surprise for you!"
36185,img/36185.png,1,i told my gay friend that i can turn fruits in to vegetables and he told me to prove it so i pushed him off a balcony
36187,img/36187.png,0,mama i just killed a man
36189,img/36189.png,0,i reckon i like them titties mmmm hmmm
36190,img/36190.png,1,immigrants illegal aliens
36197,img/36197.png,0,"when you fire up your 30 year old straight piped shitbox ""hell yeah brother"""
36204,img/36204.png,1,when you finally headshot 150 black people
36207,img/36207.png,0,selling this anique farm equipment still works and runs like a champ. serious inquiries only
36210,img/36210.png,0,when i eat breakfast vs mornigs when i don't
36214,img/36214.png,1,the face non-car people make when you tell them you blew a tranny
36240,img/36240.png,0,happy age advancement day i suppose congratulations are in order?
36248,img/36248.png,1,i heard you need a new tranny?
36254,img/36254.png,0,my culture has great food !
36281,img/36281.png,0,everyone wants me to read the constitution but it's written in cursive
36294,img/36294.png,0,when you accidentally send a d**k pic to your mother
36401,img/36401.png,0,"adults should understand this is a hijab, a big part of my culture"
36415,img/36415.png,0,i am not racist and my best friends aren't either
36417,img/36417.png,1,this is how lesbians have sex
36420,img/36420.png,0,cop: please step out of the car me: i'm too fucked up. you get in
36429,img/36429.png,0,"this man was accused of raping his 16 y old daughters friend and all he had to do was deny the accusations thenthe girl committed suicide because they said she was lying, the democrats protected this pos"
36450,img/36450.png,0,keeping your dishwasher clean will make it last longer
36452,img/36452.png,0,"what did you hear on the wiretap, barry? he said he really is going to make america great again"
36459,img/36459.png,0,kid with cancer: so when i get out of the hospital i'm going to join you? the avengers visiting him:
36470,img/36470.png,0,made rice krispies way before kellogg's
36472,img/36472.png,0,when you finger an asian girl
36478,img/36478.png,0,where's the chex mix
36480,img/36480.png,0,i don't understand your specific kind of stupid. but i do admire your total commitment to it
36481,img/36481.png,1,i'm dreaming of a white christmas
36497,img/36497.png,0,how to get a black guy to see his baby
36498,img/36498.png,1,that's right goat fucker i'll triple tap your muslim ass
36501,img/36501.png,0,you need some jesus
36508,img/36508.png,1,we can kill as many as we want and your stupid government keeps bringing us in
36524,img/36524.png,1,"the most racist people are the ones crying""racist"" all the time!"
36540,img/36540.png,0,safe sex isis style
36541,img/36541.png,1,bruhh.. white ppl give me a headache
36542,img/36542.png,1,911 three white kids in the park planning the next school shooting two can play that game
36570,img/36570.png,0,or we'll kill you stop making fun of our peaceful religion
36571,img/36571.png,0,"mexicans hugging and kissing walls and fences, to show their love for border controls"
36578,img/36578.png,1,patrick kenneth x scandal lebron james
36581,img/36581.png,0,russian flag
36590,img/36590.png,0,this offends me ban them do you agree?
36597,img/36597.png,0,white people after 10 shots black people after 10 shots
36598,img/36598.png,1,i'm not saying i'm fat i just have more chins than a asian phone book
36710,img/36710.png,0,rise of the planet of the apes (1963)
36724,img/36724.png,1,when mama say sit yo monkey ass down
36725,img/36725.png,1,what dogs look like to black people what dogs look like to asians what dogs look like to white people
36741,img/36741.png,0,not all heroes wear capes
36748,img/36748.png,1,i don't think my porn finished downloading
36749,img/36749.png,1,somehow we went from this to having american hating radical muslim anti-semites and socialists not only in congress but on the foreign intelligence committee. how the hell did this happen?!
36751,img/36751.png,0,and then he said that he could only 6 burgers
36780,img/36780.png,0,i love pancakes
36781,img/36781.png,0,in your country police are paid to protect poor liberals and rich liberals who want to disarm everybody
36789,img/36789.png,0,you've been hungerstruck!!
36804,img/36804.png,1,meanwhile at the isis strip club
36812,img/36812.png,0,evolution if you don't believe you are idiot
36814,img/36814.png,0,he didn't let his disability hold him back
36821,img/36821.png,1,take your fuckin' muslim ass back to the sand box!
36840,img/36840.png,0,when you realize you put your dick in crazy
36842,img/36842.png,0,so you're against immigration? splendid! when do you leave?
36845,img/36845.png,1,"""transgenderism"" is a mental illness, not an ""identity"" mandating public acceptance is sociopathic tyranny"
36850,img/36850.png,1,girl during sex: make me your slave me: muslim
36870,img/36870.png,1,'dont cry because it's over smile because it happened'' -dr. seuss
36872,img/36872.png,1,for the last time.. i'm not michelle obama
36875,img/36875.png,1,guys i think my dog has autism lmao
36892,img/36892.png,1,is there any greater joy for us men than raping women? what in the goddamn fuck
36895,img/36895.png,0,sorry i'm late. having car trouble
36897,img/36897.png,1,hey canada....!!! your getting a wall too you fucking snow mexicans
36910,img/36910.png,0,"at first i couldn't shoot then i thought ""shit... that's how i'd want to go!"
36915,img/36915.png,0,stop making fun of our peaceful religion i will pray for you
36924,img/36924.png,0,every one is afraid of this man
36928,img/36928.png,0,some people aren't your friends they're just scared to be your enemies
36945,img/36945.png,0,transgender satan is not amused
36947,img/36947.png,1,gays on social media: equality! body positivity! love love love! gays in real life: there is no place for her in our social circle
36954,img/36954.png,0,you guys read my diary? wtf?
36957,img/36957.png,1,white people before they leave the house be like
36972,img/36972.png,0,need a job? the democrat party is hiring no experience or intelligence required
36974,img/36974.png,0,do you have any idea how black you were going?
36980,img/36980.png,0,run forrest!!! run!!! :d
36981,img/36981.png,0,"when someone says, ""money can't buy happiness."" then explain these."
36982,img/36982.png,1,if two gay black men get married and adopt a baby which father is supposed to abandon the family
36985,img/36985.png,0,okay now make sure to get my good side
37018,img/37018.png,1,muslims have sex with goats wipe their asses with their hands and drink camel piss but i'm the unclean one!
37021,img/37021.png,1,"all kinds of people may worship odin except gays, jews, transgender, sex workers, arabs, asians, non whites, hispanics, and niggers"
37024,img/37024.png,0,a boy and his pet goat
37042,img/37042.png,0,while he lives in us. what do you mean? marry a 6 years old when you tell him he can't
37049,img/37049.png,0,kids in africa dancing and having a good time
37051,img/37051.png,0,he told me he was a democrat i asked if i could borrow a tampon
37052,img/37052.png,1,oh boy can't wait to clean myself up in the 90065 showers that the guards are taking us to!
37054,img/37054.png,1,what's worse than ants in your pants? uncles
37058,img/37058.png,1,"when blacks started wearing their pants low, white people called it ""saggin."" spell saggin backwards... those sneaky white people"
37059,img/37059.png,0,after goat herding mohammed is very tired
37084,img/37084.png,0,stay in step you loser
37091,img/37091.png,0,my sandwich-maker is very slow today
37096,img/37096.png,0,jamal lying andre lyons hakeem lyons
37105,img/37105.png,0,person i chase: *shows clear signs he doesn't want to do anything with me* me: i'm gonna pretend i still have a chance
37128,img/37128.png,1,"there's incest, and then there's sisterfister incest!"
37129,img/37129.png,0,me: puts bag of popcorn into the microwave every one else at the senior center:
37140,img/37140.png,1,removes polish with chemicals nobody bats an eye removes polish with chemicals everybody loses his shit
37146,img/37146.png,0,we as american condemn terrorist attacks to our country
37180,img/37180.png,1,look dad im doing it you did it tyrone! you stole your first bike
37182,img/37182.png,1,i may be blind but at least i'm not black
37184,img/37184.png,0,racing for pink slips in africa
37185,img/37185.png,1,"don't be rude, folks go to their page and wish them a happy easter"
37186,img/37186.png,0,starving mexican monkey eating peanuts
37190,img/37190.png,1,oh look. this thread again
37204,img/37204.png,0,moses and the 10 commandments
37208,img/37208.png,0,why you asking stupid questions
37214,img/37214.png,0,u gotta be prepared for disloyal sh*t no matter how loyal u are to a person
37250,img/37250.png,0,oh boy i hope i get out of here so i can go home and check on my dog
37251,img/37251.png,0,when you successfully shot all the muslims in the mosquee but isis doesn't claim the assault
37254,img/37254.png,0,who knew that this country is full of white trash
37256,img/37256.png,0,"no generation in american history has let the government get by with so much, are we a generation of cowards or are we going to take our country back?"
37259,img/37259.png,0,loyalty always has a cost some times it pays off... ...and some times you take a loss
37260,img/37260.png,0,need for speed: africa
37265,img/37265.png,1,mission: get out of bed status: close enough
37284,img/37284.png,1,the difference between moderate muslim and radical muslim follow my allah or he kill you moderate muslim follow my allah or i kill you! radical muslim
37285,img/37285.png,0,"i'm sure glad i dodged that bullet fuck white women asians are cute and tight asf i should know, i watch anime and hentai"
37294,img/37294.png,0,"""life is like a box of chocolates."" it sucks if you have diabetes"
37295,img/37295.png,1,how to get a black guy to see his baby
37296,img/37296.png,0,sandwiches we can do it !
37298,img/37298.png,1,"muslim ""logic"": pork is unclean. but... drink camel urine, since it is ""medicine"" according to mohammed., ""who was perfect"""
37402,img/37402.png,0,when your stoner friend looks in your fridge
37408,img/37408.png,0,i love everything and everybody! except for squirrels i hate squirrels
37416,img/37416.png,1,influence elections? you mean like encouraging illegal immigrants to vote?
37419,img/37419.png,0,when the turbulence in the plane gets intense
37425,img/37425.png,1,clint eastwood and michelle obama
37426,img/37426.png,1,illegal aliens should be america's number 1 export
37450,img/37450.png,1,"helen keller and her beloved cat, ""mittens"""
37451,img/37451.png,1,when the air hostess gives you two extra slice of bread and a pack of milk but you still have to blow up the plane anyway musalman
37459,img/37459.png,0,"lash christmas, i gave you my heart... but the very necks day. you gave it away!"
37465,img/37465.png,0,how black people became christians
37491,img/37491.png,0,i've been here once they stole my stuff and claimed god gave it to them
37498,img/37498.png,0,cocaine evilheart so much cocaine i fucking told you!
37502,img/37502.png,0,starts nazi party ... and wages war on other cultures
37504,img/37504.png,0,we are returning our broken coffee maker
37508,img/37508.png,0,trust me as you get to know me i just get weirder
37509,img/37509.png,1,when you're burning jews but the guard falls asleep don't let the flame die out!
37542,img/37542.png,1,i'm a gnigger and you've been robbed
37546,img/37546.png,0,"dad, i've had too much to drink again"
37548,img/37548.png,0,i got some  down bitches i can call
37560,img/37560.png,0,will someone call chuck norris and tell him to please come and get his cat?
37569,img/37569.png,1,excuse me?!? it is ma'am! ma'am! i will take you outside and show you a sir!
37580,img/37580.png,0,"let's gather everyone for family photo, where are my daughters?"
37592,img/37592.png,0,"what do you mean ""your chair"" i don't see you sitting in it"
37601,img/37601.png,1,my favorite sex position is the challenger i go hard for 73 seconds then prematurley blow
37609,img/37609.png,0,the military finally captured the massive orangutan
37610,img/37610.png,0,the new space saving dishwasher you can hang it anywhere!
37615,img/37615.png,1,i thought of something funnier than 9/11 the holocaust
37619,img/37619.png,1,when all your peaceful solutions fail you know what old problems require old solutions
37621,img/37621.png,1,what do you mean happy columbus day?
37628,img/37628.png,1,when your uber driver arrives but you're probably safer driving drunk
37629,img/37629.png,1,the perfect game doesn't exis......
37641,img/37641.png,1,when they asks why you dropped the muslim kid off from school to give the parents back their bomb
37642,img/37642.png,0,seriously mate.. what's the fuckin point?
37649,img/37649.png,0,when you fall face first in the mud
37681,img/37681.png,1,"benjamin mileikowski your homeland is poland it is not in palestine! did you know that more than half of israel population is comprised of people who are of ""polish and ""russian"" descent ?"
37802,img/37802.png,0,"""look dude a second hand store !!"""
37806,img/37806.png,1,"remember folks please help control the violent, whitetrash, idiot population; have your trump supporters spayed or neutered"
37809,img/37809.png,0,now that's what i call koality
37815,img/37815.png,0,so i bent him over like this and i made sure he felt the lord inside him
37819,img/37819.png,0,big and beautiful
37825,img/37825.png,1,stop confusing illegal aliens with immigrants
37829,img/37829.png,0,if you're proud to be white then this is the radio station for you
37859,img/37859.png,1,tired of bitches running from the dick? i give you the clamp that bitch down 3000
37860,img/37860.png,0,so glad i grew up doing this not this
37862,img/37862.png,1,her: you must be retarded if you think we fucking me:
37864,img/37864.png,0,best holiday gift for muslims
37865,img/37865.png,0,i'm not saying that your perfume is too strong. all i'm saying is that the canary was alive before you got here
37895,img/37895.png,1,did you know your dishwasher is also capable of washing your motorcycle?
37901,img/37901.png,0,"put'n the ""ham"" in mohamed"
37902,img/37902.png,0,i may be blind but at least i'm not black
37904,img/37904.png,1,"jesus is love, and he welcomes all homosexuals into heav.. don't be decieved! homosexuals will not inherit the kingdom of god!"
37915,img/37915.png,1,when you type fidget spinner but it autocorrects to midget spinner
37918,img/37918.png,0,how i feel when i pick germany in a world war 2 game
37921,img/37921.png,1,when you're the only girl at the gang bang
37924,img/37924.png,1,49 people were killed at christ church 49 people were killed at christ church mosques muslim muslim
37928,img/37928.png,0,this is a snakes mouth it looks like a vagina
37945,img/37945.png,0,when she asks you to send a dick pic and your dick is in her mom's mouth
37948,img/37948.png,1,i sincerely apologize for my comments that offended those dirty jews
37965,img/37965.png,1,not all of us are terrorists but all terrorists are one of us
37980,img/37980.png,1,you can be any gender you want if you are mentally ill
37984,img/37984.png,0,aight girls make it look natural
38019,img/38019.png,0,these cute head tilts
38029,img/38029.png,0,loading the dishwasher in the back solid move
38041,img/38041.png,0,justin trudeau the imam of canada
38046,img/38046.png,0,"to see better, aisians sometime switch to fullscreen veiw"
38051,img/38051.png,1,when you slap your  dishwasher too hard
38057,img/38057.png,0,sea monkeys
38069,img/38069.png,0,morgan freeman morgan not-so-freeman
38071,img/38071.png,0,don't ever think you got away with the rat shit you said or the snake shit you did because i have a good memory and alot of patience
38072,img/38072.png,0,your race card is declined
38094,img/38094.png,1,chevy guys be like we just got done muddin' ford guys be like we just got done muddin
38105,img/38105.png,0,soon i'll be nothing but a horrible memory!!!!
38109,img/38109.png,0,for what turn down
38127,img/38127.png,0,how the co looks when he tells the crew were not getting mail on the next ras
38129,img/38129.png,1,"jewish man hears a knock on his door, presumably an ss officer, as he was preparing to flee his home, 1942 (colorized)"
38145,img/38145.png,1,stop being a little bitch
38147,img/38147.png,0,hitler posing to a recording of one of his speeches
38154,img/38154.png,0,sooo gorillas really are humans
38156,img/38156.png,0,"we used to have safe neighborhoods now we have ""diversity"""
38157,img/38157.png,0,brace yourselves 420 is coming
38162,img/38162.png,0,"when your teenager ""cleans his room"
38164,img/38164.png,0,when you max out intelligence and put nothing on agility
38170,img/38170.png,0,symbrachydactyly is when you're born with abmnormal limbs
38179,img/38179.png,1,i fucking hate dog shagging islamist cunts
38190,img/38190.png,0,i forgot to put it out on time now it is sitting there for whole day
38196,img/38196.png,0,communication is important in a relationship
38201,img/38201.png,0,your birthday's good... but it needs more cowbell
38209,img/38209.png,1,when instincts take over
38210,img/38210.png,0,"my wife asked me if i thought her friend was pretty... apparently, ""i'd lick her her asshole"" is the wrong answer!"
38215,img/38215.png,0,they're not really after me they're after you i'm just in their way
38217,img/38217.png,0,this bacon is so raw it's about to start singing hakuna matata
38245,img/38245.png,0,when you eat your rehab romance booty in the laundry room but she's day 3 sick
38246,img/38246.png,1,islamic extremists try to exterminate judaism for centuries and no one bats an eye hitler tries to do it once and everyone loses their minds
38251,img/38251.png,0,"i don't always speak my mind, but when i do, i sound like a damn idiot"
38259,img/38259.png,0,when the mexican lady at taco bell messes up your order
38271,img/38271.png,1,non-binary genders are real there are more than 2 genders. no...just no!!!
38402,img/38402.png,0,running away from racism like:
38409,img/38409.png,0,starving mexican man eating peanuts
38410,img/38410.png,0,"""me: want some ribs? chinese person: no me: want some ribs made from house pets? chinese person: """
38416,img/38416.png,0,when your dick game is weak but your finger game is out of this world
38417,img/38417.png,0,this is nahir nahir is born in germany nahir is german this is fluffy fluffy is born in horse stable fluffy is a horse
38419,img/38419.png,1,when i grow up. lol nevermind
38427,img/38427.png,1,when you see another black person getting their ass whipped by the cops stop breaking the law
38460,img/38460.png,0,i told them to get chick fil a . but it was sunday
38461,img/38461.png,1,"dad is islam a religion of peace? hell no son, only liberals believe that shit"
38465,img/38465.png,0,"yo dawg, i heard you like memes  so i made a meme mocking memes you so you can can mock me knocking memes while reading mock memes"
38469,img/38469.png,0,i ain't got time for this. i'm too grown
38475,img/38475.png,0,"i don't always feel like i'm at the top of the gene pool but when i do, i'm at walmart"
38490,img/38490.png,0,"""people are tired of the same, old ideas"" says the 74 year old socialist"
38491,img/38491.png,0,politicians before elections politicians after elections
38495,img/38495.png,1,it didn't happen because of the actions of one man it happened because of people who were 'just doing their jobs'
38509,img/38509.png,0,1947 something went... 2017... terribly right
38514,img/38514.png,0,muslims in 2001 defund homeland security! muslims in congress 2019
38516,img/38516.png,0,the first president they can't control ....and they don't like it!
38527,img/38527.png,0,the best way to get chewing gum out of your hair
38529,img/38529.png,0,"fuck you, asshole how's that for customer service?"
38546,img/38546.png,0,jew mad? fuhrererious
38547,img/38547.png,1,i only wear silk panties cotton ones remind me of slavery
38549,img/38549.png,0,all living things are one
38574,img/38574.png,0,don't be limited by your circumstances you can achieve anything!
38590,img/38590.png,1,new zealand edition call of duty
38609,img/38609.png,0,"stop smoking that isn't cigarette ash, that's what happens to your lungs"
38612,img/38612.png,0,so there is this new implant that can actually fix stupid
38621,img/38621.png,1,"i am not racist i had a black dog once, we named him foodstamps"
38624,img/38624.png,1,not my president not my residents
38625,img/38625.png,1,"a german ss soldier punishing a small jewish boy by sticking a sharpened spear in the boys anus, auschwitz concentration camp, poland 1944. (colorized)"
38629,img/38629.png,0,a good heart goes a long way
38641,img/38641.png,0,yo dawg i heard you liked chinese food so we killed your cat
38647,img/38647.png,1,my name is jafar i come from afar there's a bomb in my car allahu akbar
38654,img/38654.png,0,how to make america great again
38697,img/38697.png,0,"if a muslim beats his wife, is it domestic violence, or child abuse?"
38702,img/38702.png,0,did we just become best friends? yep! wanna trade fucked up memes? yep!
38704,img/38704.png,1,chicken niggers
38706,img/38706.png,0,it's super rare to find a kitchen that has four ovens and three dishwashers
38712,img/38712.png,0,be careful
38714,img/38714.png,0,on a scalefrom 1 to 10 how much do you like kissing
38720,img/38720.png,0,that one person in their feelings in the comments
38724,img/38724.png,1,border agents in texas apprehend over 400 illegals in just a 5-minute span this is an invasion! why are some republicans trying to keep our borders open??
38741,img/38741.png,1,meanwhile in mexican schools
38742,img/38742.png,0,"everywhere: eats africa: ""we don't do that here"""
38752,img/38752.png,0,"here's to you obama, your transgender agenda helped me fish out all the mentally ill on my friends list"
38756,img/38756.png,0,when you lose your first boxing match
38761,img/38761.png,1,moslems kill hundreds of innocents on a weekly basis and no one bats an eye one aussie goes sick and everyone loses their fucking minds
38790,img/38790.png,0,rabbits jump and they live for 8 years dogs walk and they live for 15 years. turtles do nothing and they live for 150 years. lesson learned
38912,img/38912.png,1,this chick can't stand fishing
38927,img/38927.png,0,"honor killings are part of our culture well then, it will be my honor to kill you all"
38942,img/38942.png,0,my husband does everything i ask but i have to ask
38954,img/38954.png,0,it's gettin hot in here so take off all ur clothes
38956,img/38956.png,0,look at what i just built with all the sand that fell out of your vagina
38961,img/38961.png,0,trump's transgender military ban is the best thing ever share if you agree
38962,img/38962.png,0,a muslim in congress wants to get rid of homeland security let that sink in! 18 years after 9/11 and this is where we are at?
38965,img/38965.png,0,documentary on the kkk premiers wednesday on fox
38976,img/38976.png,0,show intolerance for other's religions expect highest level of tolerance for their own
39012,img/39012.png,1,i threw my new muslim neighbors a house-warming party the police called it arson...whatever
39028,img/39028.png,1,i am a gamer not because i don't have a life but because i hate women and minorities
39041,img/39041.png,0,so you follow politics and think only the other party tells lies
39051,img/39051.png,1,your rights end where my feelings begin
39054,img/39054.png,0,why is it so good? because it's white
39056,img/39056.png,1,"teacher: who can tell me what are the best flammable materials? jewish kid: me me me teacher: ok, what else"
39058,img/39058.png,1,i like my niggers like i like my christmas ornaments hanging from my tree
39067,img/39067.png,1,"so, you think by being a muslim sympathizer, this will somehow keep us from killing you ? you are a special kind of stupid"
39085,img/39085.png,1,fuck off muslims! suck pork not sharia compliant a looney allah production
39102,img/39102.png,0,we could destroy all of them but we let some of them survive so you know why we did it
39106,img/39106.png,0,the old ice cream on the face gag
39107,img/39107.png,0,when you're shy everytime your friend takes selfies
39120,img/39120.png,0,hey muslims eat me!
39127,img/39127.png,1,when your dick game is weak but your finger game is out of this world
39145,img/39145.png,0,when you find out there's an opening for the role of chewbacca
39148,img/39148.png,0,guys i think my dog has autism lmao
39156,img/39156.png,1,i asked him to see things from my point of view he looked out the kitchen window
39158,img/39158.png,0,people always working
39164,img/39164.png,1,"beheaded, shot and stoned to death: 369 trans people killed this year you gotta pump those numbers up. those are rookie numbers"
39168,img/39168.png,0,tfw your friend says that kirk is better than picard
39170,img/39170.png,0,meanwhile at the isis strip club
39175,img/39175.png,0,when your dad passes the family school shooting gun down to you
39185,img/39185.png,0,"next time you're having a bad day, think of this squirrel"
39201,img/39201.png,0,"enough with the nazi jokes, they're making me fuherious"
39214,img/39214.png,0,whats the best thing about a blowjob? the 10 minutes of silence!
39250,img/39250.png,0,i just squirted tranny fluid
39256,img/39256.png,0,"this isn't the way, there's always a better way"
39265,img/39265.png,0,unfortunately... these guys still exist
39280,img/39280.png,0,"his legacy , destroyer of the greatest nation on earth his weapons of mass destruction seated now in congress, socialism and sharia law a deadly combination to any society,,"
39281,img/39281.png,0,"newly elected muslim u.s. rep. rashida tlaib ""because we're gonna go in there and we're gonna impeach the mother***er. '"""
39285,img/39285.png,0,i'm trying to put a load in the dishwasher him: me too!
39287,img/39287.png,0,king's landing so hot right now
39401,img/39401.png,0,one little phone call and all charges are dropped
39408,img/39408.png,1,"""you are allowed to drive?"" no, i took a magic carpet ride here"
39416,img/39416.png,1,are u a wizard?
39420,img/39420.png,1,"getting stoned in america can be expensive in islamic country, say you're gay and get stoned for free [dark humour] so progressive"
39421,img/39421.png,0,him: gonna beat dat pussy into mashed potatoes! her: im down!
39427,img/39427.png,1,don't settle for just any bargain brand white trash ask for tomi larhen by name now with 50% more maga
39452,img/39452.png,0,then he said i couldn't come to the barbecue because i always burn the franks
39465,img/39465.png,0,i didn't do it
39470,img/39470.png,1,"patriarchy: while the men had fun dying... the females were oppressed.. ..inside ""comfortable concentration camps"" called homes"
39472,img/39472.png,1,i'm not an islamophobe i just can't stand the cunts
39475,img/39475.png,1,made rice krispies way before kellogg's
39478,img/39478.png,0,when both ya girl and ya side piece cycle come on... y'all hoes friends now?
39482,img/39482.png,0,you're so old this was your first school book
39504,img/39504.png,0,this dude wants to use the same restroom as your daughter liberals call you a bigot if you object
39524,img/39524.png,0,offended you are? a shit i don't give
39526,img/39526.png,0,when you're still fucked from last night's bender and sunglasses aren't gonna cut it
39528,img/39528.png,1,dishwasher: *not working* me: *hits it too get it too work* everyone else at my wife's funeral:
39540,img/39540.png,0,four good reasons to re-elect trump
39541,img/39541.png,0,in my country i am forced to keep my mouth shut. here i'm free to talk trash about this country in hopes it changes into a country where i'm forced to keep my mouth shut
39542,img/39542.png,0,what does blm stand for? black lives matter
39547,img/39547.png,0,"how sad your life must be to put all of your hopes and dreams into this ""man."""
39560,img/39560.png,0,"""if you see anybody from trump's cabinet in a restaurant, in a department store, at a gasoline station... you create a crowd and push back and tell them they're not welcome anywhere"" maxine waters june 24, 2018"
39562,img/39562.png,0,damn video games
39576,img/39576.png,0,that makes me moister than an oyster
39601,img/39601.png,0,welcome refugees to poland's newest 5 star hotel
39612,img/39612.png,0,india vs bangladesh how bangladeshi's see how indian's see
39624,img/39624.png,0,first gay pride parade! can't wait! making history
39625,img/39625.png,1,we said we would never forget why are you voting them into our government?
39640,img/39640.png,1,michael you can afford it
39645,img/39645.png,0,remember when a lost alien just wanted to just go home? what was that movie called?
39652,img/39652.png,0,donald trump proving you don't have to be poor to be trailer trash
39675,img/39675.png,0,white people is this a shooting range?
39704,img/39704.png,0,& playing you ugly hard to get yo ass is already hard to want
39706,img/39706.png,0,that face you make when he uses the wrong hole
39741,img/39741.png,1,antique farm equipment
39748,img/39748.png,1,immigrants wave our flag invaders wave their own
39765,img/39765.png,0,you can wear whatever you choose no one should judge you
39784,img/39784.png,1,that face she makes when ahmed hits the g-spot
39785,img/39785.png,1,how long can i run? till the chain tightens
39805,img/39805.png,0,look both ways before you cross the street
39815,img/39815.png,0,they violated human rights
39816,img/39816.png,1,genuine dumbass mexican
39817,img/39817.png,0,psst i got a secret to tell you
39821,img/39821.png,0,even i can see duke sucks
39826,img/39826.png,0,looking forward to a night out
39842,img/39842.png,0,i just squirted tranny fluid
39852,img/39852.png,0,3 jewish prisoners after being liberated by the ussr auschwitz 1945 colorized
39854,img/39854.png,0,i married my brother to commit immigration fraud
39860,img/39860.png,0,"i said ""a glass of juice""."
39861,img/39861.png,0,the pose with the squad no matter where ya at
39862,img/39862.png,0,protestors should step their game up and start blocking railroad crossings
39870,img/39870.png,1,"when muslim parents use the ""open wide, here comes the airplane"" technique do they just smash it in the baby's face and make explosion noises?"
40125,img/40125.png,0,here's to the mothers who raised normal kids and to the select few who raised us awesome fuckers
40136,img/40136.png,0,new zealand edition call of duty
40137,img/40137.png,0,muslims moved in... but theyre not moving out.
40153,img/40153.png,1,"""okay class bring out your calculators"" mohammed:"
40158,img/40158.png,0,"crisis hotline, how can i help? well...i'm feeling suicidal... ok, so what's the crisis?"
40159,img/40159.png,0,"are my sins forgiven now, father"
40167,img/40167.png,0,"mental illness ... can lead to anxiety, depression, and in some cases self-mutilation and/or suicide"
40182,img/40182.png,1,child protective services takes away children from parents who don't vaccinate but they're perfectly fine with them
40193,img/40193.png,0,flowers for martin luther king day
40216,img/40216.png,0,racing for pink slips in africa
40217,img/40217.png,0,"2 years on the job... 4 million jobs gained 1 month on the job... 25,000 jobs lost"
40239,img/40239.png,0,now that the russia collusion myth is over are you ready for the counter punch?
40257,img/40257.png,1,lgbt virus [gay zombie noises]
40259,img/40259.png,0,masturbation it's not just for men
40265,img/40265.png,0,"excuse me, do you have a moment to talk about racism?"
40269,img/40269.png,0,what's really crazy is it is illegal for minors to drink but not for minors to be taking hormones and having surgery to change their appearance to the opposite gender. and nobody cares that gender reassignment is being paid for with their tax money and insurance premiums
40286,img/40286.png,0,when each letter is a mental disorder
40291,img/40291.png,1,"so i was going down on my grandma the other night, and i tasted horse semen i stopped for a second and thought to myself:is this how she died"
40293,img/40293.png,1,"i don't see ""color"" or ""race"" because i make sure to surround myself only with white people"
40297,img/40297.png,1,i got new shoes brother died from ebola
40312,img/40312.png,0,young african boy faces mental illness while in poverty
40315,img/40315.png,0,my goal for 2018 is to accomplish the goals of 2017 which i should have done in 2016 because i promised them in 2014 and planned them in 2013
40321,img/40321.png,1,i want you to stop being a faggot
40326,img/40326.png,0,if you ever feel down just remember there are people that are down their whole life
40329,img/40329.png,0,what would i do if she was pregnant
40351,img/40351.png,0,the navy drinkers with a sailing problem
40372,img/40372.png,1,when the fbi raids your house and catches you nutting to 24 petabytes of child porn wonderful weather we're having
40375,img/40375.png,1,when japan thinks you're gonna invade their mainland
40378,img/40378.png,1,"women are like parking spots usually, the best ones are taken... so when no one is looking-stick it in the disabled one"
40385,img/40385.png,1,the only people who truly love each other based on personality are asians because they all look the same
40512,img/40512.png,1,life hack: your dishwasher can also wash your car
40516,img/40516.png,0,i have a rape whistle and i'm not afraid to use it!! you have to admire her optimism
40529,img/40529.png,0,i won 1st place
40539,img/40539.png,0,a group of baboons is called a congress suddenly makes sense!
40561,img/40561.png,0,feeling pretty cute might blow something up later....idk yet
40563,img/40563.png,0,is that guy fucking a goat god damit carl...he is
40567,img/40567.png,0,anne frank writing in her diary
40569,img/40569.png,0,thats a man baby
40573,img/40573.png,1,l only wear silk panties cotton ones remind me of slavery
40576,img/40576.png,0,i don't pretend to be something i'm not except sober. i've pretended to be sober a few times
40592,img/40592.png,1,immigrant problem problem fixed
40597,img/40597.png,1,the difference between moderate muslim and radical muslim moderate muslim follow my allah or i kill you! radical muslim follow my allah or he kill you
40621,img/40621.png,0,burkas are really good for sun protection
40627,img/40627.png,1,look mommy. that woman on tv is wearing my diaper on her head... it's okay honey. she has shit for brains
40629,img/40629.png,0,hey there
40632,img/40632.png,0,poster for the new play
40651,img/40651.png,1,you see this pig? it's called muhammad
40653,img/40653.png,0,oh you talk so tough from behind your keyboard tell me again what a badass you are
40679,img/40679.png,0,liberals waiting for cnn to tell them what to be upset about next
40693,img/40693.png,0,that job interview was going so well. until i realized i was fucked up on acid in the middle of a cornfield naked and talking to a scarecrow. fucked up memes funny messed up pictures
40712,img/40712.png,1,"for the love of god change that diaper on your head, the crap is leaking out"
40716,img/40716.png,0,when someone thinks it's okay to fuck with you b/c they think you're all love & light i will stab u in the neck susan
40718,img/40718.png,1,we have enough thoughts and prayers please send bobs and vagine
40721,img/40721.png,1,"""i went to walmart and picked up a new sandwich maker."""
40726,img/40726.png,0,"why didn't the ""if you don't like it, you can leave"" people leave when obama was president?"
40752,img/40752.png,0,"you don't need an ar15 to protect yourself but he does, and this guy and this guy, and him and him and him"
40756,img/40756.png,1,tell me about american history? fuck i know about american history? i thought we wiped all those people out? i'm a european born in america
40758,img/40758.png,1,faceswap ching chong 100
40759,img/40759.png,0,jew jerky: leave out in the sun until all moisture is gone store in a cool dark place for 3 days
40761,img/40761.png,0,what do you call pool full of handicap people? vegetable soup
40791,img/40791.png,0,white people is this a shooting range?
40792,img/40792.png,0,what's the difference between an elevator and a black guy... an elevator can raise a kid
40796,img/40796.png,0,when a person tells you that your meme or joke was heavily offensive. i can go lower
40813,img/40813.png,0,oh look he already has an arrest warrant
40815,img/40815.png,0,sells you idea of heaven custom builds armored vehicle to avoid heaven as long as possible
40819,img/40819.png,1,see the difference? negro real jews european fake jews
40821,img/40821.png,0,when white people learn that fish swim in schools
40826,img/40826.png,0,"""when thor throws his hammer, he is ""serving justice"" when i throw a hammer, i ""have anger management issues"""
40832,img/40832.png,0,taking photo with a mosque
40837,img/40837.png,0,"an old man picked me up, i told him, ""kiss me and i'll turn into a princess."" he stuck me in his pocket, and i said, ""aren't you going to kiss me?""he said, ""i'm 85 years old, i'd rather have a talking frog."""
40839,img/40839.png,0,see if you can find the guys from white chicks lol
40852,img/40852.png,0,shoot them
40857,img/40857.png,0,you need to be on top of news
40865,img/40865.png,1,"and then i said, mr. president there's no walmart's in north korea only targets"
40871,img/40871.png,1,in my country i am forced to keep my mouth shut but here i am free to talk trash about this country in hopes that i can change it to a country where i am forced to keep my mouth shut
40875,img/40875.png,1,male: *becomes successful* ugly white bitch claiming she got raped 20 years ago:
40896,img/40896.png,0,"prayer is powerful, it matters not when or where"
40897,img/40897.png,0,"with sensitive ass people, my sense of humor is way too fucked up for that"
40913,img/40913.png,1,i tried to play uno with my mexican friends but they kept stealing all of the green cards
40916,img/40916.png,1,my president sitting with a traitor and his tranny wife
40917,img/40917.png,1,mexicans are all killers and rapist muslims need to be kept out of the usa the pope is a stupid weakling the kkk? i'd hate to jump to conclusions
40918,img/40918.png,1,sandwiches we can do it !
40927,img/40927.png,0,when you go back to your shitkick hometown for the holidays and the smell of meth and cow shit fills the air there's no place like home
40932,img/40932.png,1,"when someone accuses you of being racist, but they don't realize you have a black friend i know someone"
40953,img/40953.png,0,once you are in my pack i will always have your back
40965,img/40965.png,0,obama voters
40967,img/40967.png,1,donald trump proving you don't have to be poor to be white trash
40987,img/40987.png,1,"i'm an evolved monkey on a cartoon ball, nasa told me, its science bruh!"
41023,img/41023.png,0,bills comin for ya on friday like
41032,img/41032.png,0,going on vacation vs going back to work
41037,img/41037.png,1,"been here 3 months, gets $1 400 /wk from the government been here 6 generations, gets loan to be repaid in full from the government"
41057,img/41057.png,1,"i like my korean women the way i like my microwaves hot, clean and will kill any baby i put inside of it"
41062,img/41062.png,0,got a new slow cooker today
41063,img/41063.png,1,when the oven is full so you start putting jews in the deep fryer
41067,img/41067.png,1,"men are like dogs, we are excited to see you and have no idea why you are mad"
41068,img/41068.png,0,the obama's with empire star jussie smollett
41078,img/41078.png,1,how chevy guys go muddin how ford guys go muddin
41086,img/41086.png,1,when you're feeling horny asf but your habibi is on periods let's try a ____ goat
41087,img/41087.png,0,"when i see people who post ""punch a nazi"" in person. im a nazi, gregg are you gonna punch me???"
41092,img/41092.png,1,ana frank at 14 years old ana frank at 15 years old
41203,img/41203.png,0,you need yo ass beat
41206,img/41206.png,0,when you try to evade the school bell stampede
41208,img/41208.png,1,breaking news nation of islam members listen to minister louis farrakhan speech at united center in chicago
41209,img/41209.png,0,don't ever let a man do this to you
41258,img/41258.png,0,you see that?? it means get the fuck back to the kitchen
41263,img/41263.png,0,its national hebrew day go pick up a hot jewish girl
41265,img/41265.png,0,ice perfectly shaped to heal that butthurt
41268,img/41268.png,0,help refugees
41270,img/41270.png,1,adult diapers for complete shitheads
41280,img/41280.png,0,laughter is the best medicine
41298,img/41298.png,1,shitters clogged
41305,img/41305.png,1,see this? it means furfags not welcome!
41308,img/41308.png,0,how in the hell did we go from this.. to being afraid of offending muslims?!
41325,img/41325.png,0,i suppose a sandwich is out of the question
41358,img/41358.png,0,muslim 49 people were killed at christchurch 49 people were killed at christchurch mosques muslim
41362,img/41362.png,1,"so, you think by being a muslim sympathizer, this will somehow keep us from killing you ? you are a special kind of stupid"
41368,img/41368.png,1,i'm in love with the shape of jew
41372,img/41372.png,1,mississippi wind chime
41376,img/41376.png,0,"fine, i'li keep calling them seagulls.. ...but, beach chickens sounds better"
41379,img/41379.png,0,how you look when youre black and you celebrate the 4th of july
41385,img/41385.png,0,y'all kids claims to be victims of slavery when we were the ones who lived it
41387,img/41387.png,0,the only time you'll see a muslim hugging a pig
41389,img/41389.png,1,it's simple really white people are stupid they do dumb shit like this all the time
41502,img/41502.png,0,jihadi magazine's miss december
41503,img/41503.png,0,such a beautiful day for playing and praying
41506,img/41506.png,0,"obama said he had no prior knowledge that hillary clinton had a secret, private email server in other news. obama used a secret name when sending secret emails to hillary's secret private email account"
41523,img/41523.png,0,"for the love of god skip rocks, don't smoke them"
41537,img/41537.png,0,i'm not transphobic i just think trans people shouldn't exist
41538,img/41538.png,1,im long and strong and down to get the goat hump on
41539,img/41539.png,0,influence elections? you mean like encouraging illegal immigrants to vote?
41562,img/41562.png,0,when you give him literally one job and he's somehow forgotten
41568,img/41568.png,1,when she hits you with the super sloppy 2 handed mctwist while making eye contact and calling you daddy and you just go full autistic
41573,img/41573.png,1,"i don't always see muslims at the public swimming pool but when i do, i always tap the ""no bombing"" sign"
41578,img/41578.png,0,do you know why i pulled you over? because you scored low on the asvab?
41589,img/41589.png,1,bruce jenner's cat
41597,img/41597.png,1,farm equipment and livestock don't mix
41603,img/41603.png,1,"saw ""cotton picker"" thought it would be a field of black people"
41605,img/41605.png,0,"if you shouted ""lock her up"" & aren't now shouting ""lock him up"".. you might be a hypocrite"
41607,img/41607.png,1,not sure which gender you are? look in your underwear you're welcome
41623,img/41623.png,0,.... if only it gave you legs
41637,img/41637.png,0,saddle up motherfuckers it's time to draw
41638,img/41638.png,0,one of my 5 boyfriends slept with another girl. i'll never trust men again!
41650,img/41650.png,0,what's burning?
41652,img/41652.png,0,when the vegetables are 2 for the price of 1
41672,img/41672.png,0,not on my watch
41678,img/41678.png,0,democrats this is what they look like
41679,img/41679.png,1,let me play with the muslims
41680,img/41680.png,1,manditory vaccinations with no exemptions i do nazi the problem....
41689,img/41689.png,1,"together, my brothers, the islamic state will rise"
41690,img/41690.png,0,corn shit lemon piss
41697,img/41697.png,1,when col sanders opens a kfc in wakanda
41706,img/41706.png,0,when mum tells you to rinse the vegetables
41720,img/41720.png,1,you think im scared of saying nigger?
41739,img/41739.png,0,kids be like just wait till i get out of time out
41756,img/41756.png,1,dora the explorer has got a little muslim friend.. doda the exploder
41769,img/41769.png,0,when you feel confident in yourself no matter the circumstances
41782,img/41782.png,0,"white kids be like ""i have had enough"
41795,img/41795.png,0,"happy birthday believe me, i am the best and greatest at wishing you a happy birthday"
41802,img/41802.png,1,my religion is the religion of peace if you don't believe in it we will kill you
41803,img/41803.png,0,don't blame people for disappointing you blame yourself for trusting them
41806,img/41806.png,0,"don't be rude, folks go to their page and wish them a happy easter"
41823,img/41823.png,0,get your nails ready. you never know when you have to show them off
41830,img/41830.png,0,if he's marrying me then why's he fucking my mom
41832,img/41832.png,1,the old lady shows arthur what she used to do during the war
41835,img/41835.png,0,ford owner blew a rod wasnt talking about his engine
41852,img/41852.png,0,stop illegal immigration call ice at 1-866-347-2423
41853,img/41853.png,0,shes got them summer teeth summer here summer missing
41856,img/41856.png,0,we love your political correctness and tolerance it's our greatest weapon against you!!!
41857,img/41857.png,1,nationalism is beauty feminism isn't
41860,img/41860.png,1,ok perhaps nigger
41869,img/41869.png,1,him: gonna beat dat pussy into mashed potatoes! her: im down!
41873,img/41873.png,1,bitch please go back to england
41875,img/41875.png,1,"no one's gonna say it? fine, i will. ""niccep"""
41903,img/41903.png,1,i's ed moore. and i's loves crackas
41907,img/41907.png,0,"what if gordon ramsay voiced a gps? ""great job, you missed the bloody exit you fu**ing disgrace"""
41908,img/41908.png,0,72 dead in syrian chemical attack ha... rookie numbers
41923,img/41923.png,0,only 30's kids will remember this
41925,img/41925.png,1,when your in alabama and your 4 year old sister says she wants a boyfriend
41936,img/41936.png,1,just because your islamaphobic doesn't mean they don't want to kill you
41958,img/41958.png,1,"when you're trying to take family portraits but white trash is life, that little girl on the right could teach you everything you need to know about life"
41962,img/41962.png,0,chevy guys be like we just got done muddin' ford guys be like we just got done muddin
41972,img/41972.png,1,just because someone is here illegally doesn't mean they broke any of our laws
41983,img/41983.png,0,me and the boys on black friday morning
41986,img/41986.png,0,they want this because they found love in eachother
42015,img/42015.png,0,wow they are upset
42019,img/42019.png,0,"when you pull up and yell ""kobe"" and the shot actually goes in a part of him lives within me, doesn't it"
42039,img/42039.png,0,japanese citizen watches as nuke drops on the 9th of august 1945 (colorized)
42056,img/42056.png,1,kill all niggers white power
42063,img/42063.png,1,how do you get a nun pregnant?? have the altar boy shit into her pussy
42065,img/42065.png,1,when you tease your husband in public
42073,img/42073.png,1,destroy diversity. preserve the uniqueness of white culture
42078,img/42078.png,1,the father of christianity pagan sun-worship constantine
42086,img/42086.png,0,the past will not be forgotten but may the chains be broken free
42087,img/42087.png,1,alabama: bans abortions all of alabama in 5 years
42091,img/42091.png,0,you said you would be on my side
42093,img/42093.png,1,"those that attack one muslim, are attacking all muslims"" those that attack one american, are attacking all americans!!"
42105,img/42105.png,1,white people scared to sit next to a muslim on a plane but then do shit like this
42137,img/42137.png,0,when you get hungry you can either think about it or..
42153,img/42153.png,0,we build our houses with stone
42156,img/42156.png,0,when you're on your way to worship allah but you forgot your prayer rug
42160,img/42160.png,0,riots in the streets
42163,img/42163.png,1,farm equipment and livestock don't mix
42167,img/42167.png,0,"trump supporters if they were any more inbred, they'd be sandwiches!"
42168,img/42168.png,1,when your little one brings home his first girlfriend
42170,img/42170.png,0,young boy picking cotton
42173,img/42173.png,0,when you think god is done sending fuck boys into your life another one
42175,img/42175.png,0,snakes can open their mouth wider to consume larger animals
42178,img/42178.png,0,rohingya women protest on the rohingya crisis anniversary
42179,img/42179.png,1,immigrants illegal aliens
42183,img/42183.png,0,"""i'm arresting you for the crimes you will commit in the future"""
42185,img/42185.png,1,if you make a camp to help kids with adhd is it a conentration camp?
42187,img/42187.png,0,see... i told you cyril. the majority in sa do not mind us stealing from them.
42307,img/42307.png,0,white people be like : inside outside
42309,img/42309.png,1,"we're new, bold, and we hate you! we hate whites, jews, christians, conservatives, republicans, & patriots"
42315,img/42315.png,0,half of trump supporters are deplorable! half of your supporters are deportable
42317,img/42317.png,0,when you get shot in the groin by a rubber bullet and your made-up gender doesn't protect your willie
42319,img/42319.png,0,"chelsea clinton.. so ugly that when she gives head, it counts as anal"
42368,img/42368.png,1,"""radical"" islam? is there a kind that doesn't molest children and goats and behead people?"
42376,img/42376.png,0,string on anal beads broke this should be a fun day
42379,img/42379.png,1,girls after killing a cockroach boys after killing 7 million jews
42380,img/42380.png,1,"one touch, and i can heal everything don't touch us, we're on disability"
42387,img/42387.png,0,any girls a squirter if you sever an artery
42391,img/42391.png,0,when the serb kid starts talking mad shit
42398,img/42398.png,0,"chase you? bitch please, i dont even chase my liquor"
42503,img/42503.png,1,inbreeding it's dangerous and wrong i stand here as living proof
42509,img/42509.png,0,"tell me this... did we ever see obama's school records, his tax returns, his social security records, or his selective service records?"
42510,img/42510.png,1,"death to the jews!!! death to the christians!!! death to the hindus oh, and by the way, islam is a religion of peace. please stop persecuting us and try to be more tolerant"
42568,img/42568.png,0,"when you're fuhrking her from the back and she says ""i'll pay the gas bill daddy."""
42591,img/42591.png,0,"instructor: ...and this is how you take off me: ok cool, but how do i land? instructor: good question"
42597,img/42597.png,0,can you tag your friend tell them i found their baby pic
42598,img/42598.png,1,america obama trump
42601,img/42601.png,0,when the squad is about to get lit.
42603,img/42603.png,0,domestic abuse is not a laughing matter
42608,img/42608.png,0,black parent white parent
42613,img/42613.png,0,"man buns you don't look like a samurai, you look like a soccer mom"
42618,img/42618.png,0,"keep yelling, motherfuckers allah be with you shortly"
42638,img/42638.png,0,great minds think alike
42650,img/42650.png,0,"when your asked about the feature film and you get this look. all right, then. keep your secrets"
42653,img/42653.png,0,we will rebuild
42658,img/42658.png,0,the greatest sacrifice
42673,img/42673.png,1,women deserve equal rights
42675,img/42675.png,0,glad she put the paper up someone might recognise her
42685,img/42685.png,0,white kids dreaming about their first day of school
42687,img/42687.png,0,how unarmed black men look to cops
42690,img/42690.png,1,i sad glass of juice not gas the jews
42691,img/42691.png,1,"yes sir, i voted for donald trump"
42693,img/42693.png,1,cooking teacher: 'today we'll learn how to use the ovens' the german kid:
42706,img/42706.png,0,what happened to my damn balls!!
42715,img/42715.png,0,groom excited on his wedding day
42736,img/42736.png,0,yes donald. that sounds good i once built a wall too
42751,img/42751.png,0,i built this myself with my own hands
42759,img/42759.png,1,i need you to .. remove all muslims from any public office
42763,img/42763.png,1,dont drink with him he cant hold his liquor
42783,img/42783.png,0,farmersonly.com... where white trash meet other white trash
42786,img/42786.png,0,"she literally tweeted ""let's make gas chambers great again"""
42801,img/42801.png,1,send me location
42806,img/42806.png,1,pakistanis when indian pages posts any posts
42810,img/42810.png,1,that chicken is so black it owes child support
42813,img/42813.png,0,they want this not because they love you they need to mix breed to preserve their species
42816,img/42816.png,1,this look your wife gives you when you come home from a long day of suicide bombing
42836,img/42836.png,1,dick so good it made my pussy retarded
42851,img/42851.png,0,"""i'm fine, i'm just tired"" = my depression is setting in but i don't want to bother you with it"
42853,img/42853.png,1,when you get kicked out the library for putting women's rights books in the fiction section i'm right
42856,img/42856.png,1,who are you looking for? '' my white rich daddy! ''
42860,img/42860.png,1,though we adore men individually we agree that as a group they're rather stupid
42861,img/42861.png,0,if democrats really cared about election interference then why are they so against voter id laws?
42865,img/42865.png,0,"bend over, touch your toes i'll show you where the monster goes"
42871,img/42871.png,1,immigrant problem problem fixed
42876,img/42876.png,0,i'm in love with the shape of jew
42896,img/42896.png,0,and just like that liberals didn't want illegal immigrants in their sanctuary cities
42897,img/42897.png,1,"your sense of humor is so dark, police want to shoot it . just gonna leave this here - #iaoh"
42931,img/42931.png,0,when you'res high as fuck and hear a loud sound the fuck was that
42953,img/42953.png,0,its their character not their color that matters
42961,img/42961.png,0,martin luther king jr rallying the community (1963)
42967,img/42967.png,0,wherever they go destruction follows
42970,img/42970.png,0,nothing impedes a champion
42983,img/42983.png,0,"i protested trump today mommy oo00h, who's my big boy"
42987,img/42987.png,0,i'm not saying that i hate donald trump but i'd unplug his life support to charge my cellphone
43015,img/43015.png,0,farm equipment and livestock don't mix
43025,img/43025.png,1,that chicken was so black the police just arrested it
43026,img/43026.png,0,"when you haven't stolen anything, used snap benefits or been loud at the movies for a few weeks"
43051,img/43051.png,0,1/1024th native american 1024/1024th your president
43052,img/43052.png,0,"ah, quit your screaming i washed my paws in the toilet bowl after i used the litterbox"
43065,img/43065.png,0,really ? eating pork is a sin but marriage to a 6 year old is ok
43078,img/43078.png,0,i don't always have a heat stroke and get frostbite in the same week but when i do i know i'm in kentucky
43082,img/43082.png,1,"this is why today in order to ""handle a strong black woman"" .... you need a leash for that bitch feminist black feminist"
43085,img/43085.png,0,"last year tyrone got a new job, started building his credit, and spending more time with his kids then something amazing started to happen!"
43087,img/43087.png,0,back in the day when you couldn't hide behind a computer screen
43089,img/43089.png,0,let's get something straight: hero. not a hero
43095,img/43095.png,0,"look at these precious 3- year olds & windows, said no sane person, ever"
43096,img/43096.png,0,pray to god for what you have
43109,img/43109.png,1,whites and dogs they smell just alike
43128,img/43128.png,1,when the plantation owner trades you for a tractor w.t.f!!!
43152,img/43152.png,0,this shit right here is why i suicide people
43162,img/43162.png,1,when you have 3 choco puffs left in your cereal bowl
43170,img/43170.png,1,you funny jew i kill you last
43178,img/43178.png,1,middle eastern prostitute
43180,img/43180.png,1,beating things to make them work again
43185,img/43185.png,0,it's obvious that he's thinking about another girl i can't believe that the lamb's bride has been the new jerusalem this whole time
43190,img/43190.png,0,"i don't know man, i just... i just wanna dance"
43192,img/43192.png,0,if i just keep looking cute they'll surely blame the dog
43197,img/43197.png,0,you can hide but you can't run
43198,img/43198.png,1,doesn't own a computer can still play minesweeper
43201,img/43201.png,0,i didn't choose the tranny life the tranny life choose me
43206,img/43206.png,1,mexicans are rapist i'm lovin' it happy hump day bitch
43207,img/43207.png,1,control the narrative still think all them shootings are done by black people. they are playing chess not checkers
43216,img/43216.png,1,300 kg bomb vs 1000 kg bomb
43217,img/43217.png,1,slaves in the south were uneducated false. they all had their masters
43218,img/43218.png,0,do you think a terrorist has or could infiltrate our goverment ???
43258,img/43258.png,0,i like my noodles like this
43259,img/43259.png,0,"all she wanted to hear was ""i love you"" all he wanted to hear was his balls slapping against her ass!"
43265,img/43265.png,0,"do you think when fish get thrown back by fishermen, they swim around yelling about alien abductions and the other fish stop talking to them?"
43271,img/43271.png,0,auschwitz gas chamber
43278,img/43278.png,0,illegal caravan we got this!
43279,img/43279.png,1,"stevie wonder cant read? no shit, he's black"
43295,img/43295.png,1,gotta run away from those niggers
43517,img/43517.png,1,"when you hear 'em yelling that allahakbar crap, just shoot 'em before they blow up a bomb, or start stabbin' and shootin' people"
43519,img/43519.png,1,muslims in a predominantly christian nation christians in a predominantly muslim nation
43520,img/43520.png,0,knowing white people he's probably the father
43521,img/43521.png,1,you with the goat stop that!
43527,img/43527.png,0,this is dr kings famous i have a dream speech
43560,img/43560.png,0,"i am not the best, but i promise i will love you with all my heart"
43569,img/43569.png,1,what would i do if she got pregnant
43570,img/43570.png,0,mondays got me like
43579,img/43579.png,1,*when they cut muslim child neck instead of dick* the bomb has been defused
43581,img/43581.png,0,when you found your wife is cheating on you
43608,img/43608.png,1,when you're fucking but wanna make sure he's not stealing anything
43609,img/43609.png,0,this could be us right now but the fucking apocalypse got rescheduled again
43610,img/43610.png,1,send me a latina who's not crazy i don't know how to make them
43612,img/43612.png,1,racing for pink slips in africa
43615,img/43615.png,0,i don't want no windmill blowin no cancer on me
43617,img/43617.png,0,this chick can't stand fishing
43650,img/43650.png,0,that feeling when you get home and you can finally poop
43651,img/43651.png,0,"if i was uncircumcised i'd hide candy in my dick skin so when a girl about to suck me up, she has a pleasant surprise.. oh my god, skittles"
43652,img/43652.png,0,white people is this a shooting range?
43657,img/43657.png,1,two muslims walk into a bar boom boom!!
43658,img/43658.png,0,call the cops i don't give a fuck
43675,img/43675.png,0,when your pesky cat wants to be extra warm despite telling them no
43679,img/43679.png,0,fifty shades of goat an isis love story
43680,img/43680.png,0,if security is this important at our airports... ...shouldn't it be this important at our borders too?
43690,img/43690.png,0,twins going swimming with a friend
43691,img/43691.png,0,when he asks you to get on top & ride his meat but doesn't know you're gonna jam it in your butthole & take his soul
43695,img/43695.png,0,end gun violence now
43701,img/43701.png,1,arrest black babies before they become criminals
43702,img/43702.png,0,when you get pulled over and you know your license suspended
43716,img/43716.png,0,all races are equal
43721,img/43721.png,0,i haven't seen liberals this angry since yesterday
43725,img/43725.png,1,auditioned for jazz band not enough soul
43758,img/43758.png,0,how it feels after getting a paper cut
43759,img/43759.png,0,"let me make this clear: if you are on my friends list, you are my friend. i do not copy and paste your post to prove i pay attention to you if you need attention that bad, i suggest a puppy"
43780,img/43780.png,0,picture of the day
43782,img/43782.png,0,what happened in auschwitz is inhuman
43791,img/43791.png,1,"""when the gunman realizes that nobody else is armed, he will lay down his weapons and turn himself in. that's just human nature."" that woman just went full retard!"
43792,img/43792.png,0,exercise ? thought you said extra fries
43798,img/43798.png,0,when instagram notifies you that someone is going live the fuck that gotta do with me
43812,img/43812.png,1,they bow to a black woman while blacks praise... well ...you know who
43815,img/43815.png,0,if theres even one homeless child in america we have no room for illegal aliens
43816,img/43816.png,0,"admit it, you sometimes listen to strangers conversations and think to yourself, ""you are a stupid motherfucker"""
43817,img/43817.png,1,when the muslim kids in your class start hanging out with you
43826,img/43826.png,1,king kong
43852,img/43852.png,0,when mom calls you by your full name
43856,img/43856.png,0,this is nahir nahir is born in germany nahir is german this is fluffy fluffy is born in horse stable fluffy is a horse
43857,img/43857.png,0,that's why we bomb you
43859,img/43859.png,0,bombers be like i'm done with homework
43895,img/43895.png,1,"from here i will see muslims fuck up europe, attack innocent people & europeans waking up"
43905,img/43905.png,1,black on black
43906,img/43906.png,0,49 years in public office name an accomplishment
43907,img/43907.png,0,this is the greatest news manufacturing in 20th century
43920,img/43920.png,1,breaking news: listening to queen can cause autism because of the high mercury content
43928,img/43928.png,1,orange jews 100% concentrated
43952,img/43952.png,1,america has stolen the jews the jews of god. his jewelry. the negroes they are the true hebrews. google it
43956,img/43956.png,1,"sex with a muslim man? i'd pick the goat, too"
43958,img/43958.png,0,i am the biggest piece of shit in london!
43961,img/43961.png,0,r*e*s*p*i*c*t wish i had a dictionary
43971,img/43971.png,1,that's black people for you what did you expect?
45016,img/45016.png,0,chillin with my chromies
45017,img/45017.png,0,just ate . pooped . now time for netflix
45023,img/45023.png,0,my wife's sister tried to kill me yesterday... what kind of sick bitch puts chloroform on her dirty panties?
45029,img/45029.png,0,when you're jeffrey dahmer and you get asked.. where you dumped the bodies
45036,img/45036.png,0,"once a year, women go completely crazy for about 365 days"
45037,img/45037.png,1,i caught my goat cheating on me!
45069,img/45069.png,1,"fucksake, this porn hasn't downloaded properly"
45072,img/45072.png,0,"""took my wife to subway today , i asked the girl to make me a sandwich she said no problem i turned to my wife and said ""now how mutherfuckin hard was that?.."
45103,img/45103.png,0,vikings walk in. fuck shit up. walk out
45108,img/45108.png,1,any white girl that look like this will rob you and help you look for whatever she stole
45109,img/45109.png,0,i think it's funny to haggle overprice with with hookers when you're just going to kill them anyway
45120,img/45120.png,0,don't do crime or you'll be in prison like me
45126,img/45126.png,1,when you don't know who to call the police or the rspca
45128,img/45128.png,0,"we swore we'd never forget, then we took them in and elected them to office"
45136,img/45136.png,0,this is my neighborhood after a great community event we tried to keep it clean !
45167,img/45167.png,1,when republicans freed the slaves this is how democrats responded
45179,img/45179.png,0,congratulations it's a boy
45180,img/45180.png,0,"rep omar accuses trump of being 'bigoted' toward lgbt... do you agree with her, or is she out of her mind?"
45182,img/45182.png,1,for just ten cents a day you can have delicious hand jerky
45189,img/45189.png,1,"when your wife wont have sex, but your 16 year old step daughter just came home blackout drunk."
45197,img/45197.png,0,that look when you find out the fbi is after you.. and michelle obama ain't answering her phone no more
45198,img/45198.png,0,usa 2030 why didn't grand dad stop them mom?
45201,img/45201.png,0,orange is the new black
45203,img/45203.png,1,is it offensive to ask a pregnant jewish woman if she has one in the oven
45206,img/45206.png,0,"anjem choudary wants this removed because he says it insults islam. so i thought fuck it, why not share!"
45207,img/45207.png,1,a new target for entry level police academy
45208,img/45208.png,0,when your vegan boyfriend tries to change a flat tire
45209,img/45209.png,1,look muddafucka even i know that's fucking retarded
45213,img/45213.png,0,you can see black lives matter
45216,img/45216.png,0,it's gettin hot in here so take off all ur clothes
45219,img/45219.png,0,love doesn't have a color
45231,img/45231.png,0,this is a stonger man than any one can hope to be
45267,img/45267.png,1,survives ebola gets adopted by angelina jolie
45281,img/45281.png,1,no woman commits suicide of they fail to find broke guy for marriage
45286,img/45286.png,0,"i would love to be excited about the women's soccer team's victory. but, this guy ruined it for me"
45289,img/45289.png,0,has orgasm shoots tranny fluid
45291,img/45291.png,0,"no more tears next time walk, do not run"
45297,img/45297.png,0,radical muslim follow my allah or i kill you! moderate muslim follow my allah or he kill you
45301,img/45301.png,0,make america great again
45307,img/45307.png,1,black people anything that doesn't belong to them
45316,img/45316.png,1,"white people be like ""hunting is a sport"""
45317,img/45317.png,0,i'm trying to decide if i should start some shit today or not
45318,img/45318.png,0,when your kitten can't find a box
45320,img/45320.png,0,do you see him? i don't see him
45370,img/45370.png,0,"i will find you and.. and what. my apologies, i have dialed the wrong number"
45371,img/45371.png,0,don't do drugs boys and girls
45379,img/45379.png,0,just got out of the pool wants to go swimming again
45382,img/45382.png,1,when you just ate dinner and that starving children commercial comes on
45389,img/45389.png,1,when your dad goes off to do his suicide bombing fuck your sister and it's your turn to and your mother
45396,img/45396.png,1,"a black man created the toilet, he made it white on purpose"
45601,img/45601.png,1,obama voters
45603,img/45603.png,1,"what are they fighting over? is it: a) the last pan ducle b) he accidentally touch the homies hand passing a beer? c) foo used the last of the three flowers. d) homie said ""i got you on gas"" but he only has $3!"
45608,img/45608.png,0,"chelsea clinton... so ugly that when she gives head, it counts as anal"
45609,img/45609.png,0,loses hair from chemo doesn't have to shave pussy
45612,img/45612.png,1,rise of the planet of the apes (1963)
45630,img/45630.png,0,i cant wait to name you its almost been 9 months
45671,img/45671.png,1,jesus loves you because you're poor white trash
45672,img/45672.png,0,he was big and black my ass had no choice
45687,img/45687.png,0,armed patrols on the streets
45691,img/45691.png,1,"call me ""sir"" one more time and i'll show you a sir! macho ma'am tranny savage"
45698,img/45698.png,0,i have suddenly forgotten how to swim
45706,img/45706.png,0,chevy guys be like we just got done muddin' ford guys be like we just got done muddin'
45708,img/45708.png,0,how i feel when i hear the name obama
45723,img/45723.png,0,happy birthday i made you a drink
45730,img/45730.png,1,the last thing a tr*nsexual sees before it gets sent to hell
45732,img/45732.png,1,when you have a small dick and tell a jewish girl to suck it i can't
45739,img/45739.png,0,when you hear noises at night and its just goats
45780,img/45780.png,0,you think your day was bad? these two didn't get accepted to the same college
45802,img/45802.png,1,"a summary of every jewish holiday they tried to kill us, we won, let's eat"
45806,img/45806.png,1,white people after they put the divider in between your groceries
45810,img/45810.png,1,ladies! if your man is offended by this he is a faggot end of story
45817,img/45817.png,0,when all your peaceful solutions fails you kno what old problems require old solutions
45819,img/45819.png,1,when you're caught staring at a goat and your wife gives you that face
45829,img/45829.png,0,i made it out alive the democrats didn't get me
45831,img/45831.png,0,"when you're conjoined twins, we often have the same thoughts"
45832,img/45832.png,0,r.i.p trayvon martin
45836,img/45836.png,0,abyssynian slaves in iron collars
45837,img/45837.png,1,sacred cross? sounds like bullshit let me call my friend who's an expert in bullshit and fairy tales
45891,img/45891.png,0,so your not a whore ? half a gram says you are
45912,img/45912.png,0,this offends me ban them do you agree?
45923,img/45923.png,1,the only woman who knows where her husband is... is a widow the rest of u can sit down... and make me another cup of tea
45927,img/45927.png,0,you got a problem?
45930,img/45930.png,0,if you got your phone wet try leaving it in dry rice overnight it will attract asians who will fix your electronics for you
45931,img/45931.png,1,i'm not a racist my shadow is black
45938,img/45938.png,1,"hey, i just met you, and this is crazy, this is my grenade so blow me, maybe?"
45960,img/45960.png,0,has more skeletons in her closet than jeffrey dahmer
45978,img/45978.png,0,"""too many people with bachelor's degrees without jobs"" ""everyone should get a bachelor's degree for free"""
45987,img/45987.png,1,we kill you on 9/11 and you elect 3 of us to congress stupid infidels!
46013,img/46013.png,0,when you cant decide whether to feel sorry for this man or just hate him
46017,img/46017.png,0,"men are such pigs, i hate them all why can't i ever get a date, i'm so lonely"
46021,img/46021.png,1,farmersonly.com... where white trash meet other white trash
46027,img/46027.png,1,"the ""i'm not black but my kids will be"" face"
46051,img/46051.png,0,fuck that puto!!!!
46053,img/46053.png,1,white people love snitching so much they created yelp
46058,img/46058.png,0,when you beat up a black kid and get arrested for propriety damage
46075,img/46075.png,1,i wonder what kind of sandwich she is building. oh
46078,img/46078.png,0,today taxi tomorrow freightliner
46081,img/46081.png,0,give me high five
46095,img/46095.png,0,my cult thank you for believing in my bullshit
46097,img/46097.png,0,nana addo 2016 compare the difference
46123,img/46123.png,0,let me be clear.. uh.
46127,img/46127.png,0,"""ay, tone. how'd da gas stay in if da door is made of wood?"""
46130,img/46130.png,1,">2000: ""relax, bigot. it's not like gays are going to come into your kid's classroom and tell them to be gay."" >2017."
46137,img/46137.png,0,"when you tell her on the first date to be ""herself"" and she starts snorting xanax off the table"
46138,img/46138.png,1,"they had us in the first half, not gonna lie honey, having a small dick is not a big deal i know it darling, but i'd prefer if you did not have any"
46150,img/46150.png,0,i'm not any different
46152,img/46152.png,0,our insurance we know it was dark and you didn't see him
46172,img/46172.png,0,how we see muslims how muslims see us
46173,img/46173.png,0,blowjobs buy one get one free
46175,img/46175.png,0,last one there is a rotten fish
46178,img/46178.png,0,earth's most endangered species white children
46179,img/46179.png,1,"shut the fuck up! feminists are not angry, tomboyish lesbians!"
46182,img/46182.png,0,oh shit!! now were in trouble!!
46183,img/46183.png,1,plays uno that's racist! steals all the green cards
46193,img/46193.png,1,when it's 1942 and you're jewish dj khaled suffering from ss
46198,img/46198.png,0,american class american trash
46205,img/46205.png,0,if you're gonna go boating go with a party not by yourself
46208,img/46208.png,0,for the love of god help me change the diaper on my baby the crap is leaking out
46213,img/46213.png,0,survey: are you gay or straight? me: lidentify. as tired. i'm just tired
46215,img/46215.png,0,you think that hoe thinks you're special lol she says that to us too!
46217,img/46217.png,1,"hey barack, my tranny is better than yours!"
46218,img/46218.png,0,if you're not grilling at my grave site we were never really friends
46231,img/46231.png,1,when you're part of the real suicide squad
46237,img/46237.png,1,muslims claim noah was a muslim and noah brought pigs on the boat? happy sinday
46238,img/46238.png,0,one does not simply believe it's not butter
46239,img/46239.png,1,we can kill as many as we want and your stupid government keeps bringing us in
46251,img/46251.png,0,"so the military is doing its job, but not getting paid. and congress is not doing its job, but getting paid?"
46270,img/46270.png,1,gets mad about film portraying muslims as murderous savages responds by being a murdering savage
46271,img/46271.png,1,what do you mean i've got a 30-day ban all i did was call him nigger
46279,img/46279.png,0,this abuse is not ok
46283,img/46283.png,0,when you're dedicated to working out everyday
46293,img/46293.png,0,"""the road to give a fuck.... is that way!"" """
46295,img/46295.png,1,if i become a superhero would i be an ex-men or a trans-former
46301,img/46301.png,1,if black people aren't lazy then why doesn't kfc have a breakfast menu
46302,img/46302.png,0,when you escape a heatwave a sprinkler
46310,img/46310.png,1,when your days are numbered but you can't count
46312,img/46312.png,1,when you found your wife is cheating on you
46315,img/46315.png,1,question. how do blind people know when to stop wiping their asses?
46318,img/46318.png,0,when you don't have to see your ex future mother-in-lav anymore
46352,img/46352.png,0,some people hate trump some people hate hillary but everyone hates duke
46357,img/46357.png,1,"instructor: ...and this is how you take off me: ok cool, but how do i land? instructor: good question"
46358,img/46358.png,1,with when you enter a mosque your weapon to collect some kills 71 yo afghan refugee: hello brother
46359,img/46359.png,0,"then something amazing started to happen! last year tyrone got a new job, started building his credit, and spending more time with his kids"
46375,img/46375.png,0,i'm here as a messenger to give you a message you can't kill
46380,img/46380.png,0,"""a blow job a day will keep his side chicks away"" -sasha grey"
46387,img/46387.png,0,"i'm not saying i hate you all i'm saying is if you got hit by a bus, i'd be driving that bus"
46501,img/46501.png,1,muslims in 2001 defund homeland security! muslim in congress 2019
46507,img/46507.png,0,original black friday sale
46509,img/46509.png,1,removes polish with chemicals nobody bats an eye removes polish with chemicals everybody lose his shit
46510,img/46510.png,0,"not every man is going to waste your time... some are tired of the games, and want nothing but loyalty too"
46520,img/46520.png,1,when an asian buys an american sports car the gooks of hazzard
46527,img/46527.png,0,one does not simply scroll past adult humor memes
46528,img/46528.png,0,if you're happy and you know it go to hell
46529,img/46529.png,0,look son...another terror attack by peaceful bears!
46537,img/46537.png,0,"oakland mayor libby schaaf i saved 800 ms-13 rapists, murderers, molesters from ice"
46538,img/46538.png,0,it's a boy
46578,img/46578.png,0,it's a beautiful day i think ill skip my meds and stir shit up a bit
46580,img/46580.png,1,if you find talk in the locker room to be offensive you have obviously never heard the talk in a restaurant kitchen before
46582,img/46582.png,0,i am tortured by the futility of my own genius
46701,img/46701.png,0,"watching news always confuses me, immigration, tax, government!!"
46710,img/46710.png,1,modi ji: i am about to end these muslims whole life *muslims burnt 59 hindus alive in sabarmati express in 2002
46712,img/46712.png,0,once you go black so does your eye
46715,img/46715.png,0,good things come to those who wait
46720,img/46720.png,0,"when my girlfriend says, ""unlock your phone i need to see something.. i just look at her crazy because i don't even let my wife do that"
46721,img/46721.png,1,a head diaper is required when you have shit for brains
46730,img/46730.png,1,obama voters
46732,img/46732.png,0,"bitch, i can still smell his nuts on your breath"
46735,img/46735.png,1,old ugly mexican granny wanna be light skinned bitch black bags under eyes the makeup doesn't even cover it up fucken old hag
46739,img/46739.png,0,i'm free mos it's just texting
46753,img/46753.png,1,when you're barbecuing and the charcol runs away
46783,img/46783.png,0,not american royalty just plain old white trash
46785,img/46785.png,0,turn for what?
46792,img/46792.png,0,white trash nation
46793,img/46793.png,0,this has nothing to do with this post but one day i hope we can all live in a world of peace
46807,img/46807.png,0,a good american is a dead american
46813,img/46813.png,0,when you catch your teenage goat having sex for the first time
46817,img/46817.png,0,young muslim woman in a hijab stands at the doorway
46823,img/46823.png,0,enough is enough children are more important than freaks
46827,img/46827.png,0,"""those that attack one muslim, are attacking all muslims"" those that attack one american, are attacking all americans! """
46829,img/46829.png,0,what is the difference between old milwaukee and a clitoris a clitoris only tastes like piss for a second
46830,img/46830.png,0,"don't be racist, we can be great friends"
46831,img/46831.png,0,the one piece of shit that just won't flush!
46832,img/46832.png,0,man dresses up to celebrate the chinese new year of the pig
46837,img/46837.png,0,leftist logic: it's bad for russia to interfere in our elections.. ...but it's ok for illegal immigrants to vote
46850,img/46850.png,0,prospective without white '' ''
46852,img/46852.png,1,you say you're tired of the race card? well we're tired of the mental illness card mass shooters young often taken alive white by their brothers in blue male
46853,img/46853.png,0,she put on the purple lipstick and she became the bomb
46857,img/46857.png,0,when people get added... when people real ize what kind of group this really is..
46870,img/46870.png,1,*violently hitting your favorite punching bag* the other $20 crack whore
46872,img/46872.png,1,how does he drive his car? he hits the gas
46895,img/46895.png,0,the most confusing moments
46902,img/46902.png,0,maybe energy drinks are like mana potions in real life
46907,img/46907.png,0,get the camera out of my face!!
46910,img/46910.png,1,i'm voting for trump whitetrash lives matter the hoosier state
46918,img/46918.png,1,muslims in 2001 muslim in congress 2019 defund homeland security!
46921,img/46921.png,0,putting this on the fridge to look at every time go get a snack i don't need you could have easily lost tirty pounds tis munt
46925,img/46925.png,0,when you find out there's an opening for the role of chewbacca
46928,img/46928.png,0,that looks like a lot of fun
46938,img/46938.png,0,when you're not allowed to eat pork but you're starving
46952,img/46952.png,0,what you americans guna do when they build a wall to keep yall out
46953,img/46953.png,0,bruce jenner's cat
46970,img/46970.png,1,"as a group of feminists walk by, telly shouts ""go make me a sandwich!"" while kermit begins to whip out his dick"
46973,img/46973.png,0,grab your helmut its about to get retarded
46978,img/46978.png,0,obama voters
46980,img/46980.png,0,"here's all 3 shooters... the garlic festival, el paso and dayton ...eerily similar in looks. are you awake yet?"
46983,img/46983.png,0,when your dishwasher is broken so you take it back to walmart to get a new one
47012,img/47012.png,0,the day you graduate from catcher to pitcher
47015,img/47015.png,1,"complains about islamaphobia hates jews, christians, atheists, gays, your culture, your traditions, your country and you"
47029,img/47029.png,1,i don't always jihad but when i do i kill the disabled
47031,img/47031.png,1,beer -vs- woman at least the beer can't change its mind after you get its top off
47032,img/47032.png,0,"much butthurt, i sense in you"
47051,img/47051.png,0,woman arrested by traffic cop
47053,img/47053.png,1,jamal! im pregnant!!!
47095,img/47095.png,1,mandatory vaccinations without exemptions. i do nazi see the problem..
47096,img/47096.png,1,i said glass of juice not gas the jews
47098,img/47098.png,0,alabama: bans abortion. all of alabama in 5 years
47123,img/47123.png,1,good morning sleepyhead
47125,img/47125.png,0,when i grow up i wanna be a famous rapper
47128,img/47128.png,1,hahaha good one let's throw a jew in the oven to celebrate
47136,img/47136.png,1,money money money!!!
47159,img/47159.png,1,"bruce was limber, bruce was quick. but bruce went liberal and lost his dick"
47189,img/47189.png,1,this toaster is on fire
47192,img/47192.png,0,the flag flies high and proud
47196,img/47196.png,0,"musslamic democrat, ilhan omar, has threatened members of congress she's told several republicans that she'll send them ""shawarma"", to give them a taste of her culture"" share to say arrest her now!"
47203,img/47203.png,0,mlk giving an inspirational speech
47205,img/47205.png,0,yes let the hate flow through you
47208,img/47208.png,0,happy fucking birthday now let's party
47209,img/47209.png,0,people aftey they put the divider in between your groceries
47215,img/47215.png,1,save the environment kids fuck that gay shit
47239,img/47239.png,0,never related to something so much. pro ductivity crastinate
47250,img/47250.png,0,the school shootings will continue until we take your gun rights away
47251,img/47251.png,1,when i grow up i'm going to blow up
47259,img/47259.png,0,perks of being my friend? you'll be the normal one
47286,img/47286.png,0,hillary clinton against the death penalty. gallows are pure evil . anyone who still practices this form of execution is sick
47289,img/47289.png,0,muslim woman wearing a burka
47290,img/47290.png,0,there are three types of girls
47308,img/47308.png,1,show me your bare naked ankles you dirty whore
47309,img/47309.png,0,chinese people be like happy thanksgiving
47320,img/47320.png,0,"""the person who learned the most about the mueller report today was bob mueller."" trey gowdy did mueller just sign the report?"
47326,img/47326.png,0,we are soldiers and we fight for our countries to our last minutes
47350,img/47350.png,1,"""if you kill a killer, the number of killers in the world remains the same."" -batman ""lol, okay faggot."" -punisher"
47358,img/47358.png,1,vietnamese people be like hand me da meat hammer so i can torture john mccain's bawrr sack
47359,img/47359.png,1,weeeeeee! back over the border you go!
47368,img/47368.png,0,now what !? captain vagina hit them with your purse?
47369,img/47369.png,1,my favorite animal is carrot
47385,img/47385.png,0,yall got any more a them cracka ass crackas?
47386,img/47386.png,1,muslims in 2001 muslims in congress 2019 defund homeland security!
47390,img/47390.png,0,"it might look fucked up, but her handjobs are fucking unbelievable"
47391,img/47391.png,0,when the cop sees a black kid
47506,img/47506.png,1,"me. saving refugees ""nice try"""
47510,img/47510.png,0,i want to fuck a goat but my 9 year old wife says its unatural
47516,img/47516.png,0,a dictator.. emphasis on the dic*
47518,img/47518.png,1,my sandwich- maker is very slow today
47521,img/47521.png,0,females jump from dick to dick like parkwhore
47528,img/47528.png,1,i won a gift certificate to a tanning salon
47529,img/47529.png,0,when the wife comes home early and the valve covers in the dishwasher are still on rinse
47530,img/47530.png,1,which one will be a single mom? the one on the right
47531,img/47531.png,0,yes i have changed i realized i was fucking up and changes had to be made
47561,img/47561.png,0,skipped the last step on the stairs... earned jump wings
47569,img/47569.png,1,"what is that wonderful smell? it smells like.... caramel! oh, today we burnt the diabetics"
47581,img/47581.png,0,my gas bill was this high
47582,img/47582.png,0,"after waking up in the dark, while sick what year is it"
47589,img/47589.png,1,"in 2011 trump said, ""all americans are idiots"" in 2016 they proved it"
47591,img/47591.png,0,you see this pig? it's called muhammad
47592,img/47592.png,1,world history in one sentence. these white men are dangerous
47596,img/47596.png,1,porki comment army in action against india
47598,img/47598.png,0,"actually retard, the muslims aren't the problem the problem is that pussies are stopping us from killing the muslims"
47601,img/47601.png,1,the difference between moderate muslim and radical muslim follow my allah or i kill you! radical muslim follow my allah or he kill you moderate muslim
47605,img/47605.png,0,"i'm so patriotic, i piss red, white, and blue. my doctor said it may be pancreatic cancer. i told him to shut his commie mouth"
47608,img/47608.png,0,indian fans in real life indian fans on facebook
47609,img/47609.png,0,when your friend has been posting suicidal memes in the group chat all day then you hear an ambulance drive past you did it you crazy son of a bitch you did it
47612,img/47612.png,0,i see you nagger!
47615,img/47615.png,0,-your pug is cute as hell -that's my son
47618,img/47618.png,0,when they say not to blink or you'll miss the magic trick
47620,img/47620.png,1,a muslim threesome
47625,img/47625.png,0,when you poke holes in his condoms and get aids instead of a baby
47628,img/47628.png,0,when your troop respects you as the alpha
47629,img/47629.png,1,""" son i understand shyquisha has a big booty but she keeps stealing your mother's jewelry, she can't visit anymore"""
47698,img/47698.png,0,when you get a compliment out of the blue and have to try not to be bashful
47801,img/47801.png,0,"but then again this is too good, ekse"
47809,img/47809.png,1,if theres even one homeless child in america we have no room for illegal aliens
47825,img/47825.png,0,your pug is cute as hell that's my son
47826,img/47826.png,1,mississippi wind chime
47830,img/47830.png,0,pray for your sins
47836,img/47836.png,0,finds out those 72 virgins... are goats
47856,img/47856.png,0,when you forget the bomb codes
47859,img/47859.png,1,and then i told them you're going on a fun camping trip
47862,img/47862.png,0,there's just certain shit you don't do in life out of respect!
47865,img/47865.png,1,even i can see  duke sucks
47896,img/47896.png,0,trump be thinking.. you can't lose in 2020 if there is no 2020
47901,img/47901.png,0,mexican sub culture in california
47905,img/47905.png,1,yes i'm trying to divide the country i'm dividing the illegals from the actual citizens
47913,img/47913.png,0,"the jussie smollett case explained. ""how do you plead? "" ""innocent!!!"" ""black, gay, trump hater, friend of michelle obama"
47918,img/47918.png,1,black people when they get pushed too far white people when they get pushed too far
47920,img/47920.png,1,when somebody shootin up the school & you tell the special ed kids to run at him as a distraction
47926,img/47926.png,1,the greatest gift of life is friendship and jews stole it and have removed it from me
47938,img/47938.png,0,how long for the mot on the vw dave? just doing the emissions...
47960,img/47960.png,1,when you forget that blind people have a heightened sense of smell why is your penis out ?
47981,img/47981.png,0,i hate snow its cold
47982,img/47982.png,0,god created this not that
47985,img/47985.png,0,when you and ya partner think there's no donuts left but there's two
48012,img/48012.png,0,"when you're doing introductions on the first day of class and your teacher makes you say 3 things about yourself an arm like a damn rocket, a cock like a burmese python and the mind of a fucking scientist"
48015,img/48015.png,0,so there is this new implant that can actually fix stupid
48021,img/48021.png,0,kill them kill them all !!!!!
48031,img/48031.png,0,my irony meter just exploded
48039,img/48039.png,0,"hello everyone, this is m and welcome to jackass: umbra edition!"
48051,img/48051.png,1,"bitch, please! i don't i've got to go wanna get blow myself up tomorrow! married! islam - none of it makes sense"
48052,img/48052.png,0,whoah! chill out
48062,img/48062.png,0,"so, where did you get all of this gold elizabeth? i stole it!!!"
48069,img/48069.png,0,how dare people make fun of our peaceful religion
48079,img/48079.png,0,when there's nothing left to drink and your mom says we have a faucet
48091,img/48091.png,1,"islam we're the religion of peace. if you don't believe it, we'll kill you"
48096,img/48096.png,1,using your brains to paint a ceiling  michelangelo kurt cobain
48103,img/48103.png,0,best thing about her blowjob?... you know shes gonna swallow!!!
48106,img/48106.png,1,fuck islam
48120,img/48120.png,0,rise of the planet of the apes (1963
48125,img/48125.png,1,"damn it john, leave stevie alone"
48136,img/48136.png,0,meanwhile at the isis strip club
48153,img/48153.png,0,the look you have on monday morning
48162,img/48162.png,1,is someone using the oven? cuz i smell gas
48170,img/48170.png,1,my husband is always pushing me around.... and talking behind my back
48173,img/48173.png,1,men are pigs some just oink louder than others
48175,img/48175.png,1,"black hebrew-israelite strong delusion warning (2thess, 2:10-12) yes this is a cult gal 1:8-9 rev 22: 18-19"
48192,img/48192.png,1,white people cracker power the only race you can legally discriminate against!
48196,img/48196.png,0,if britain leaves the eu how much space will be freed up? 1gb
48203,img/48203.png,0,3d visualization of atomic bomb
48205,img/48205.png,1,i hear in heaven i'll fuck muslims
48213,img/48213.png,1,this is not the middle-east where america is hated and muslim terrorist are born in michigan
48216,img/48216.png,0,can you send a few dozen more officers please about his rights he's talking
48235,img/48235.png,0,stirring the pot good job!!!
48250,img/48250.png,1,step one: turn on the gas
48257,img/48257.png,0,"i vote republican... ...because i may not have much, but republicans will make sure others have even less"
48260,img/48260.png,0,"pedal faster patrick, the owners are coming"
48263,img/48263.png,1,marokko speed dating
48269,img/48269.png,1,it's the kiiiiiiiiiiiiiiiiiikes
48270,img/48270.png,0,when you see your ex having a seizure in public shake it like a salt shaker bitch
48271,img/48271.png,1,me and the boys after killing innocent people in a bomb blast
48276,img/48276.png,0,master chef with low rating master chef with high rating
48279,img/48279.png,0,nice watch must have cost an arm and a leg
48291,img/48291.png,0,which one has tranny problem? '' those tranny problems
48306,img/48306.png,0,cracking open a sold one with the boys
48307,img/48307.png,0,go home stoned eyes give nothing away
48309,img/48309.png,0,welcome to new york home of the 3 biggest assholes
48310,img/48310.png,1,chinese ppl be like  happy thanksgiving!
48316,img/48316.png,0,meanwhile in mexican schools
48317,img/48317.png,0,dressed for sundays best
48320,img/48320.png,0,what the neighbors see what my father sees
48357,img/48357.png,0,welcome to melbourne
48361,img/48361.png,0,when black is your favorite color
48376,img/48376.png,0,a man's trash is a pig's treasure
48391,img/48391.png,0,i pretend to like people every day it's called being an adult and that's why we're allowed to buy alcohol
48396,img/48396.png,1,"normal people , indian people"
48507,img/48507.png,0,how black people became christians
48512,img/48512.png,0,mississippi wind chime
48513,img/48513.png,0,white kids be like im killing everybody
48516,img/48516.png,1,"average iq #france has fallen by 4 points per decade due to ""biological causes"""
48517,img/48517.png,0,how a woman tells society she is single
48520,img/48520.png,0,a short histoy of u.s. presidents
48567,img/48567.png,1,got any choc isis ?
48573,img/48573.png,0,friday nights be like
48579,img/48579.png,1,throws people into gas chambers evil throws people into eternal pits of fire good
48605,img/48605.png,0,should we tell them? or just let them figure it out for themselves?
48612,img/48612.png,0,that's where the new skyscraper is going to come up
48617,img/48617.png,0,that magic of makeup is astonishing
48623,img/48623.png,1,what is the difference between a hockey player and a feminist? a hockey player will shower after three periods
48625,img/48625.png,0,reaction to a home invasion non gun owner: we're gunna die!!! gun owner: i'm your huckleberry
48630,img/48630.png,0,i got some muhammed for you right here howyou like me now?
48635,img/48635.png,1,the look you give when the bubbles in the pool are pulsating your pussy just kidding she's retarted and thats her normal face
48639,img/48639.png,0,disney and chill ?
48651,img/48651.png,0,go back to sleep your government is in control
48673,img/48673.png,0,"my empathy for the suffering in gaza does not make me anti-semitic, nor does it make me pro-hamas or anti-israel. it makes me human it makes you a shill accomplice for hamas and hezbollah terrorists! if you don't see that,.. it makes you stupid!"
48679,img/48679.png,0,i suffer from that disorder where i speak the truth and it pisses people off
48697,img/48697.png,1,it's not a hijab it's a diaper for people with shit for brains
48703,img/48703.png,0,"a girl asks her mom, ""why am i black and you're white?"" she says, ""the way that party went, you're lucky you don't bark. """
48705,img/48705.png,1,"yeah, i'm lgbt let god burn them"
48706,img/48706.png,0,would you help give a push if you were ask
48710,img/48710.png,0,how chevy guys go muddin how ford guys go muddin
48715,img/48715.png,0,shut up cunt.
48725,img/48725.png,1,i'm going to give you 30 seconds to delete this before i make the holocaust look like a fucking joke
48731,img/48731.png,0,when you're struggling a bad date out after to rub one
48739,img/48739.png,1,happy birthday the mexicans will pay for your birthday cake
48751,img/48751.png,1,american salute british salute polish salute
48756,img/48756.png,0,no more excuses let's go out and celebrate
48760,img/48760.png,1,when i grow up.. lol nevermind
48762,img/48762.png,0,#usher and i have something in common we both got burned
48790,img/48790.png,0,this makes me puke send all of them back home
48905,img/48905.png,1,what's missing from a_schwitchz? u
48917,img/48917.png,1,blackpeoplemeet.com
48920,img/48920.png,0,hello my lgbtq+ friends it's pride month so free shots for everyone!
48921,img/48921.png,0,"is this the supreme leader of isis? i'm coming to the ehd of my apologize for america"" tour. and i just had to tell you how sorry i am for all the bad press you have received"
48923,img/48923.png,0,when americans realize fish swim in schools
48925,img/48925.png,1,god- makes women humans- make dishwasher god- am i a joke to you?
48926,img/48926.png,0,i bet they lived happily married
48927,img/48927.png,0,the older i get the more i look at people like this
48930,img/48930.png,1,"""this is not going to be the country of white people"" - ilhan omar"
48932,img/48932.png,0,when she likes 3 of your memes in a row guess i'll hit it raw
48936,img/48936.png,0,"jfk jr was declared the front runner for the ny senate seat in 1999 days later his plane crashed, making hillary clinton the newly elected senator"
48970,img/48970.png,0,when your goat tells you she ain't on the pill
48971,img/48971.png,1,the one piece of shit that just won't flush!
48976,img/48976.png,1,"gas stay in if da door ""ay, tone. how'd da is made of wood?"""
49017,img/49017.png,0,that moment you use your white privileges
49021,img/49021.png,0,he said he was a biker but then he pulled up on a can-am spyder wearing a sons of anarchy hoodie
49032,img/49032.png,1,farmville 1943 deluxe
49038,img/49038.png,1,bitches be like.. he got money though
49061,img/49061.png,0,talks about good morals day and night gets a boner from looking at a goat's ass
49063,img/49063.png,0,"white kids be like i'm killing everybody, watch"
49067,img/49067.png,0,every woman need a good sucking vacuum cleaner
49075,img/49075.png,0,"you can't run through a camp ground you can only ran, because it's past tents"
49076,img/49076.png,0,i want your feet to be my kid's jannah
49083,img/49083.png,0,when you catch your goat with another man ya done fucked up
49087,img/49087.png,0,tomorrow will be another beautiful day filled with assholes
49105,img/49105.png,0,went outside today yolo
49106,img/49106.png,0,my goal for 2019 is to accomplish the goals of 2018 which i should have done in 2017 because i promised them in 2015 and planned them in 2014
49120,img/49120.png,1,my eyes are always bloodshot after sex i think it's from the pepper spray
49126,img/49126.png,0,if you see this you might be in the country
49128,img/49128.png,0,have you ever tired ethiopian food? they say its delicious
49136,img/49136.png,0,i work hard to provide for my cocaine addiction
49150,img/49150.png,1,how muslims see us
49152,img/49152.png,0,i saw her standing there and i told her she had three beautifull children. she did't have to get all pissed off and threaten me. it was an honest mistake
49153,img/49153.png,1,when a porkistani nibba needs sex let me handle it
49156,img/49156.png,0,when you insult an edgy kid
49157,img/49157.png,1,send him to... meowschwitz
49165,img/49165.png,0,when each letter is a mental disorder
49168,img/49168.png,0,i'll wait until mom and dad are on a date... and then crap on everything they hold dear
49170,img/49170.png,1,mom.. this horse smells funny!
49173,img/49173.png,0,women recieve support as their crops burn
49178,img/49178.png,0,no wig no weave challenge
49185,img/49185.png,1,the face you make when your pussy gets hard
49208,img/49208.png,0,love black people think everyone should have one
49213,img/49213.png,0,"""i hope the electoral college gets beat in the ncaa tournament """
49270,img/49270.png,0,rosie o 'donnell had to be removed from her home today to make good on her threat to leave the us if donald trump became president
49271,img/49271.png,0,"238,000 veterans have died waiting for healthcare u.s. increases aid to israel to $4.5 billion/yr"
49278,img/49278.png,0,lazy day nothing to steal
49280,img/49280.png,0,i'm looking for the democrat restroom
49285,img/49285.png,1,bert and ernie dress up as goats in an attempt to catfish arab men
49316,img/49316.png,1,whenever you feel stupid remember hindus wash themselves and purifies their souls the river is the 5th most polluted river in the wolrd
49327,img/49327.png,1,"dispatch, we have a code 1, scared white bitch, over"
49328,img/49328.png,0,i'm going to be real honest with you you should have washed this motherfucker before coming here
49351,img/49351.png,0,when you've been released from fb jail knowing full well you haven't been rehabilitated and will reoffend
49385,img/49385.png,0,this is not the middle-east where america is hated and muslim terrorist are born this is michigan
49387,img/49387.png,0,this one time at camp we got so baked
49527,img/49527.png,0,when each letter is awesome
49536,img/49536.png,0,hillary clinton caught telling the truth! april fools!
49581,img/49581.png,0,you can be any gender you want
49583,img/49583.png,0,mamma! i am hungry!!!!
49601,img/49601.png,0,when your fifth pet eats food from another guys hand
49607,img/49607.png,0,when it's your first day in prison and you accidentally drop the soap but it lowkey wasn't an accident this is when the fun begins
49608,img/49608.png,1,"""i'm arresting you for the crimes you will commit in the future"""
49613,img/49613.png,0,what can we say 
49615,img/49615.png,1,no money for them plenty of money for them
49618,img/49618.png,0,if elected i will institute gun control by executive action well i was going to say that you just blew your chances but then i remembered that's how you got started in politics
49630,img/49630.png,0,if they aren't meant to cook why do they have eggs and milk inside them
49635,img/49635.png,0,just trying to  do my part
49652,img/49652.png,1,go back to the country you fled somalia camel piss drinking mussy
49658,img/49658.png,0,first off i'm t.i. not kanye west
49670,img/49670.png,1,covers his wife from head to toes because sexual thoughts are satanic blows himself up because someone promised him72 virgins to f*ck with
49671,img/49671.png,1,"""you bro ask the c.o. why he ain't pop my door"""
49675,img/49675.png,0,alright girls ! smiiiiile
49680,img/49680.png,0,god bless america
49682,img/49682.png,1,muslim men :thinking about jannah
49685,img/49685.png,1,when each letter is a mental disorder
49687,img/49687.png,0,its cool were divorced but we will always be cousins
49701,img/49701.png,1,wanna go masturbate? fuck yeah! masturbating!
49703,img/49703.png,1,3 jews walked into a bar kidding it was a gas chamber
49705,img/49705.png,1,"just banged a girl that stutters finished before she could say ""no"""
49723,img/49723.png,0,archeologists stone room
49725,img/49725.png,0,"i pull up in this and yell ""come on we got some redneck sh*t to do"" are you getting in?"
49726,img/49726.png,1,you just went full goat fucker never go full goat fucker
49728,img/49728.png,1,when a retarded kid tries touching you
49750,img/49750.png,0,"if you think you are hungry, you might just be thirsty have a beer first and then see how you feel, after!"
49752,img/49752.png,0,here's to all my friends who never post about politics or religion
49758,img/49758.png,0,when your uber driver arrives but you're probably safer driving drunk
49762,img/49762.png,0,"there are 350,000 churches in america so why are there 200,000 people sleeping on the streets"
49785,img/49785.png,0,when you feel mentally unwell seek help
49786,img/49786.png,0,black lives matter '' ''
49802,img/49802.png,0,"fuck, my mom is gonna kill me fuck, my mom is gonna kill me"
49806,img/49806.png,0,a group of men
49807,img/49807.png,0,"i put the ""ape"" in rape"
49810,img/49810.png,0,embrace the freedom of speech
49831,img/49831.png,0,happy birthday you dirty cocksucker
49832,img/49832.png,1,oh god!... when will this white fuckers understand this is not their country
49836,img/49836.png,1,that face you make when 17 of your schoolmates have been shot dead and you're about to go on tv
49850,img/49850.png,0,flight attendant: *yawns* deaf passengers:
49856,img/49856.png,1,black people anthing that doesn't belong to them
49861,img/49861.png,1,ready for the cupcake? wake up and smell the bacon! we're loosing our beloved america to these goat humpers stop being afraid of being called a racist and grow a pair and act like americans
49863,img/49863.png,0,calling white people racist is racism
49867,img/49867.png,1,when your dishwasher breaks so you give it a kick to make it work again my kids watching me beat my wife:
49870,img/49870.png,0,love comes in all shapes and sizes
50124,img/50124.png,1,"i think i've got a gas leak, i woke up this morning feeling all light headed and dizzy, so just to be on the safe side, i asked the neighbours if they could come suss it out for me, i figureed they'd know, being jewish and all."
50129,img/50129.png,0,partial arts
50137,img/50137.png,1,when you see your goat with another man
50142,img/50142.png,0,2017 the year of the triggered left
50146,img/50146.png,0,her back must hurt
50148,img/50148.png,0,"don't think that food is expendable, not everyone gets it"
50149,img/50149.png,0,ever read something so stupid it gives you forest whitaker eye
50163,img/50163.png,0,this muslim guy is walking his goats
50167,img/50167.png,0,"when i interview for a job: do we get our resumes back or do you keep them? because i only have the one, and i have a chili recipe on the back that i really wanna keep"
50184,img/50184.png,0,how we see muslims how muslims see us
50186,img/50186.png,0,don't be a fool it is a bomb
50187,img/50187.png,1,call of duty mosque edition
50236,img/50236.png,0,goat fucker's only .com
50237,img/50237.png,1,cannibalism
50239,img/50239.png,0,"everywhere: eats out africa: ""we don't do that here"""
50246,img/50246.png,0,my new boyfriend has dandruff you should give him head and shoulders how do you give shoulders?
50248,img/50248.png,0,"long story short askies, age restriction okay?"
50263,img/50263.png,1,"i'm not racist, racism is a crime and crime is for them"
50271,img/50271.png,0,that look you give when dressed to the t
50273,img/50273.png,0,"""where did you learn to make kool-aid like that britney?"""
50278,img/50278.png,1,"""women have the will of an adult but have the mind of a child."""
50286,img/50286.png,1,in norway we rape after dinner
50289,img/50289.png,0,donaldtrump_2020 breaking: rep. ilhan 0mar broke federal tax law she filed her taxes jointly with a man to whom she was not legally married
50293,img/50293.png,1,aids gays it really be like that
50312,img/50312.png,1,i normally rape goats. but little boys are okay
50327,img/50327.png,1,whats th difference between dollars and jews? i'd give a fuck if i lost 6 million dollars
50328,img/50328.png,0,los angeles has ice cube new york has nas detroit has eminem your city has ?
50341,img/50341.png,0,when this happened at home i had no one i could tell
50346,img/50346.png,0,"what is he hiding? we need to see his tax returns! let me stop you right there hillary you deleted 30,000 emails, used bleach bit on hard drives then destroyed phones with hammers you have no right to talk about people hiding anything truth uncensored"
50361,img/50361.png,0,they call me a goat because i am the greatest of all time
50368,img/50368.png,0,the only family to make millions off of a t.v show
50371,img/50371.png,0,multiculturalism increases our unity and we are stronger together
50372,img/50372.png,0,he said he a lil' bad ass so i hate this tendies in front of him
50386,img/50386.png,0,"i realized i have a road rage problem when my kid started yelling: ""pick a lane asshole!"" while in my grocery cart"
50397,img/50397.png,1,all muslims are terrori but all terrorists are muslim
50398,img/50398.png,0,this fish is so raw it's still trying to find nemo
50413,img/50413.png,0,i was going to paint my bathroom door but my girlfriend was dead against it
50427,img/50427.png,0,that look when you wanna cut a bitch but you remember your a changed man
50428,img/50428.png,0,being a boy in the 90's being a boy in 2018..
50438,img/50438.png,1,what it looks like when cancer gets aids
50461,img/50461.png,0,say cheese! photobomb
50462,img/50462.png,1,can you see the difference?
50467,img/50467.png,0,ever hear something so stupid it gives you forest whitaker eye
50471,img/50471.png,1,"spanish word of the day ""texas"" my fren always texas me when i'm not home wondering where i'm at!"
50472,img/50472.png,1,made rice krispies way before kellogs
50473,img/50473.png,0,"if you think the crakkka of today is different from the crakka 500 years ago, you're a damn fool"
50482,img/50482.png,1,when your dishwasher is broken so you take it back to walmart to get a new one
50486,img/50486.png,0,why do i bother pressing one for english? i still get someone who can't speak it!!
50487,img/50487.png,0,celebreated 4/20 on january 5th because i know how to reduce fractions
50489,img/50489.png,0,the face you make after you just finished your morning prayer
50491,img/50491.png,1,i only wear silk panties cotton ones remind me of slavery
50492,img/50492.png,0,"you mad? yeah, you're mad"
50614,img/50614.png,0,clint eastwood and a monkey
50617,img/50617.png,0,mom? i'm pregnant!!
50619,img/50619.png,0,a moment before threesome:-
50624,img/50624.png,0,meanwhile at the isis strip club
50649,img/50649.png,0,nothing taste better than a well done steak with ketchup. change my mind
50674,img/50674.png,0,that one time when joe biden kept his hands to himself
50679,img/50679.png,1,when ur too young to know the concept of racism but ur happy cause u got a new pet
50682,img/50682.png,0,the stupid is strong in this one
50683,img/50683.png,0,you're one ugly motherfucker
50684,img/50684.png,0,"been around for 50,000 years invented the stick"
50689,img/50689.png,1,when you're shooting up the school and the cops shoot the black kid that's running away
50723,img/50723.png,1,i will lie. i will sleep with anyone. i will attack sexual perverts like joe biden in my own party to get ahead! i will let illegals murder americans. i will let newborns be i want to be your comfortable and executed president!
50732,img/50732.png,1,behead atheists kill kill kill! saria law buslims in buslim countries let's have some respect religion of peace brother buslims where they are a minority
50734,img/50734.png,0,"yes... i'm 1/2 goat, on my mother's side"
50738,img/50738.png,1,"white kids be like i'm killing everybody, watch"
50739,img/50739.png,1,whats the difference between a scout and a jew? the scout comes back from the camp
50741,img/50741.png,0,lol i missed my period last week
50743,img/50743.png,1,holy shit look at the gas bill
50746,img/50746.png,1,how do you kill 100 flies? smack an african kid in the face
50748,img/50748.png,1,"when halloween has been a month ago, but your son continues to dress as a woman"
50764,img/50764.png,1,mooch in his natural habit
50768,img/50768.png,0,"liz krueger, n.y. state democratic senater wants to infiltrate the nra and take it over yeah, just like she infiltrated mcdonalds all those years.."
50784,img/50784.png,0,"oh, addiction isn't a disease because it started with a choice?? tell me more about how the chlamydia in your crotch isn't a disease, yet it started with a choice"
50789,img/50789.png,1,immigrant problem problem fixed
50793,img/50793.png,0,a muslim in congress wants to get rid of homeland security let that sink in
50813,img/50813.png,0,the white house is a dump because trump filled it with trash
50817,img/50817.png,1,transgender when just being gay doesn't get you the attention you rightfully deserve!
50823,img/50823.png,0,if this makes you a citizen does this make him family?
50824,img/50824.png,0,we have enough thoughts and prayers please send bobs and vagine
50834,img/50834.png,1,white men are evil... i married one to make sure
50861,img/50861.png,0,where's the interview with the police who murdered unarmed black men on video?
50867,img/50867.png,1,the name's todd.. retodd
50871,img/50871.png,0,freckles are cute i don't care what you say
50873,img/50873.png,1,it wasn't my fault my truck has tranny issue's
50876,img/50876.png,1,"pace secondary [heritage trails] women don't let the female looks fool you! realistically, these are retarded male homosexuals wearing women suits!"
50879,img/50879.png,1,when your dishwasher is broken so you take it back to walmart to get a new one
50894,img/50894.png,1,flowers for martin luther king day
50918,img/50918.png,0,paraplegic woman in a wheelchair with her coach
50927,img/50927.png,0,"average white ""women"" average muslim women"
50931,img/50931.png,0,never had one before. what? a room to yourself? yes
50934,img/50934.png,1,"i saw a fat girl with a guess shirt on, so i approached her and said ""380 lbs?"""
50937,img/50937.png,0,year in review: 2017 black sellout of the year goes to...... clarke whitlock ray ray trump pastor sheriff
50938,img/50938.png,0,how you feel after reading owen's mortification of sin
50942,img/50942.png,0,wayment...way' one gotdamn minute ...'the fuckis dis shit.
50961,img/50961.png,1,when it's your 1st cake day and you really wanna blow that candle
50964,img/50964.png,0,i slipped and fell on ice. i thought it was regular ice but when i got up my hands turned blue
51023,img/51023.png,0,when buslim nibba see his sister
51029,img/51029.png,0,if you kill as many as you want our goverment will put you in jail
51032,img/51032.png,0,a head diaper is required when you have shit for brains
51037,img/51037.png,0,when nobody knew who you were until you got on your knees
51046,img/51046.png,0,shut up you meathead
51049,img/51049.png,1,truth be told the real reason for racism
51073,img/51073.png,0,when you call shotgun but the cops put you in the back anyways
51076,img/51076.png,0,hurry up and join us for play
51086,img/51086.png,1,let's play: word scramble n g e g i r
51089,img/51089.png,1,proof you can be a fruit and a vegetable
51092,img/51092.png,0,how do you make a 4 yr old cry twice? wipe your bloody cock off on their teddy bear
51094,img/51094.png,0,don't park to close to my truck boy!
51208,img/51208.png,0,me: puts bag of popcorn into the microwave. everyone at the senior center :
51209,img/51209.png,0,just for control ne this is my current mood
51237,img/51237.png,0,we about to get spicy and lit up in here
51243,img/51243.png,0,honestly how often do you masturbate?
51248,img/51248.png,0,did you buy your stupidity or you got it for free
51249,img/51249.png,0,even michelle obama has her bad days
51269,img/51269.png,0,"when somebody ""waves"" at me in messenger the fuck you want?"
51270,img/51270.png,0,what life feels without moisturizer
51278,img/51278.png,0,when you haven't stolen anything in a week
51283,img/51283.png,0,trump should tweet something antigun i just want to see liberals defend the second amendment
51284,img/51284.png,0,perfect girls don't exi
51293,img/51293.png,0,breakyourownnews.com live breaking news coca cola 2 released 21:33 ustad anwar rilis released
51304,img/51304.png,0,"god loves all his children, all of them"
51309,img/51309.png,0,when someone messages you when you're jerkin it who the hell is interrupting my kung fu?
51348,img/51348.png,1,100% of illegal aliens are criminals
51349,img/51349.png,0,the demonstration of beauty and demonstration of ugly
51360,img/51360.png,0,i'm coming for everything they say i couldn't have
51367,img/51367.png,1,becomes a woman immediately kills a person driving
51369,img/51369.png,0,"i realized i might have a road rage problem when my son started yelling ""pick a lane asshole"" in the grocery store"
51376,img/51376.png,0,when people just talk about weed and forget your birthday (sad racist noises)
51387,img/51387.png,1,' wing wing wing ''
51390,img/51390.png,0,still waiting on my uber eats
51397,img/51397.png,0,when you catch your goat with another man ya done fucked up
51403,img/51403.png,1,when you see the gas bill
51407,img/51407.png,1,you know what really grinds my gears? niggers
51437,img/51437.png,0,this sunday... don't forget to set your bomb forward one hour
51460,img/51460.png,0,love is love respect
51462,img/51462.png,1,we can kill as many as we want and your stupid government keeps bringing us in
51469,img/51469.png,0,is this mother fucker serious? where in the hell am i going to find a truck load of bitches?
51472,img/51472.png,0,i hit a deer last night with my truck
51473,img/51473.png,1,god: *creates jews* god: *creates jesus* jews: *kill jesus* god: *creates hitler* god:
51476,img/51476.png,1,"bernie couldn't be more excited for his first day as a police officer he outright refused to accept his paycheck, insisting that being able to legally shoot black children is payment enough"
51480,img/51480.png,0,duramax owners be like smokes like a freight train
51489,img/51489.png,0,did you know that the chinese eat dogs disgusting savages
51493,img/51493.png,1,selling this anique farm equipment still works and runs like a champ. serious inquiries only
51496,img/51496.png,1,don't shoot i'm unarmed
51497,img/51497.png,1,when you tryna not be islamaphobic but that dudes backpack a lil too bulky
51498,img/51498.png,1,"how to trigger liberals in 3, 2, 1 #whiteprideworldwide"
51602,img/51602.png,0,post this on your timeline just to piss off your trump supporter friends
51608,img/51608.png,0,winnie the pooh is a disney classic
51624,img/51624.png,0,don't judge me for what i wear omg i was thinking the same thing
51627,img/51627.png,0,that's one way to get suspended from school
51629,img/51629.png,1,that reminds me! it's time to fuck the goat!
51630,img/51630.png,0,dont drink with him he cant hold his liouor
51647,img/51647.png,1,homosexuals get beheaded so the men cover themselves up
51679,img/51679.png,1,when you're usually a happy afghan but your girl broke up with you so now you're asad afghan taliban spokesman
51680,img/51680.png,0,when i grow up i'm going to blow up
51682,img/51682.png,1,got crap for brains??? make sure you wear your diaper
51683,img/51683.png,1,matte black gloss black
51687,img/51687.png,0,when you finger an arab girl
51693,img/51693.png,0,when you're a real life super spy
51694,img/51694.png,1,how do we destroy the patriarchy? it's simple. we eat it
51706,img/51706.png,1,"only black people steal yo shit and help you look for it and be like, where you had it at last!"
51708,img/51708.png,0,i offered her a penny for her thoughts she gave me change
51726,img/51726.png,1,racing for pink slips in africa
51730,img/51730.png,0,for sale antique farm equipment
51734,img/51734.png,1,when you're shooting up the school and the cops shoot the black kid that's running away
51736,img/51736.png,1,"""america has stolen the jews the jews of god. his jewelry. the negroes. they are the true hebrews"" google it"
51746,img/51746.png,0,we should all be like muslims and not eat pork bc pigs are too cute
51763,img/51763.png,0,go be gay somewhere else
51768,img/51768.png,0,alright i'm going to let go now
51783,img/51783.png,0,monkeys wipe their asses with their hands and throw their own shit but i'm the unclean one
51789,img/51789.png,0,"six kids, no husband, no job, and food stamps $10,000 back in income taxes"
51802,img/51802.png,1,yo dawg i heard you loved chinese food so we killed your cat
51804,img/51804.png,1,"these holocaust are very offensive! anne frankly, they need to stop"
51809,img/51809.png,0,happy kids
51836,img/51836.png,1,every chocolate girl needs some beating
51839,img/51839.png,0,i'm relaxed now minding my own business
51846,img/51846.png,0,doesn't wear tampons because she trips over the string
51864,img/51864.png,1,mueller found no collusion dad we're democrats...we'll find another lie and i've told you please call me mom
51870,img/51870.png,0,"helen keller and her beloved cat, ""mittens"""
51892,img/51892.png,0,i have a dream thats me with the belt
51894,img/51894.png,1,"i'm a moderate muslim. that means that while other muslims are putting bombs on your buses and raping your children, i'll be telling you that islam is peaceful protesting when you insult my religion and lobbying your government to take away your free speech"
51903,img/51903.png,1,when you bout to nut in your cousin and you hear the barn door open
51927,img/51927.png,0,hello chocolate paradise princess i'm albert
51930,img/51930.png,0,america be like never forget get over it
51943,img/51943.png,0,terrorist can come to this country way to easy
51948,img/51948.png,0,the leader of north korea during a meeting
51964,img/51964.png,1,if you got your phone wet try leaving it in dry rice overnight it will attract asians who will fix your electronics for you
51972,img/51972.png,0,ww2 was not a game
51973,img/51973.png,0,your order comes to $37.50 and your white privilege discount brings the total to $37.50
51978,img/51978.png,0,jesus doesn't care how many bible verses you have memorized he cares about how you treat people
52018,img/52018.png,1,"if being a racist means i don't want my country filled with radicalized 'refugees' from terrorist countries, attacking people in the street because of their religion, yelling <<death to infidels>>, stabbing dozens of bystanders with a butcher knife then i'm a racist"
52019,img/52019.png,0,mohammed i'm pregnant...
52034,img/52034.png,0,"when you get arrested and the cop says ""you have the right to remain silent"" but you're happy because finally you have a right"
52036,img/52036.png,1,when you find out there's an opening for the role of chewbacca
52049,img/52049.png,1,does anyone know where i can get a rag? there's 49 of them on the floor in a mosque
52068,img/52068.png,0,when someone questions your behavior from yesterday that wasn't me. that was patricia
52071,img/52071.png,0,i'm tired boss mostly i'm tired of doing time in fb jail because snowflakes get offended over everything
52078,img/52078.png,0,how to get a black guy to see his baby
52089,img/52089.png,0,for my haters kill yo self bitch!
52097,img/52097.png,1,"if you're vaping inside a mcdonalds, inside a walmart ... that's the turducken of white trash"
52106,img/52106.png,0,rohingya refugee boys study the quran
52108,img/52108.png,0,thirsty much ?
52130,img/52130.png,0,i'm not saying that your mom is a slut but when you were born she slid you back in and out a few times
52164,img/52164.png,0,ocean brought to shore this shoe from a refugee
52168,img/52168.png,0,i hear in heaven they have a huge pasture with pretty goat women
52183,img/52183.png,1,nein shawty its ya bday anne frankly i hope you celebrate it with bae
52301,img/52301.png,0,"let me be clear.... if i had a son, he would look like harambe"
52304,img/52304.png,0,gays on their way home after pride weekend
52316,img/52316.png,1,the face i make when the media calls bruce jenner catlyn jenner
52318,img/52318.png,0,when your kid actually is transgender
52340,img/52340.png,0,how i feel after the all you can eat buffett
52341,img/52341.png,0,when you're feeling confident and cheeky and want to tese your partner
52349,img/52349.png,1,no racism
52361,img/52361.png,0,when someone is talkin to you and you gotta shit
52379,img/52379.png,1,adding coolant when the farm equipment overheats
52386,img/52386.png,1,black women are socially consructed to do this with black men but act like submissive and feminine when they're with whit men
52406,img/52406.png,0,do you shop at wal-mart? did you vote for trump? you might be white trash
52407,img/52407.png,1,"""where did you learn to make kool-aid like that britney?"""
52416,img/52416.png,0,predatory behaviour james charles bye sister
52431,img/52431.png,0,yes ma'am..! that's a cunt
52437,img/52437.png,0,do you agree with rush limbaugh's claim that the democtrat party is america' s largest hate group?
52439,img/52439.png,1,the hardest part of breaking up with her is having to drop the bomb on her twice before she gets it
52469,img/52469.png,1,what's the difference between a jew and a pizza a pizza doesn't scream in the oven
52473,img/52473.png,0,achmed im pregnant
52476,img/52476.png,0,covers up the sexual abuse of student athletes for a decade at ohio state questions someone else's credibility
52479,img/52479.png,1,best thing about an ethiopian blowjob?...  you know shes gonna swallow!!! well it's true
52483,img/52483.png,1,when an indian rapes 3 tourists from 3 different countries mr. worldwide
52486,img/52486.png,1,when you hit up a white girl to match and she pulls out a needle oh no baby what! is you doing??
52487,img/52487.png,1,the shot you never hear
52490,img/52490.png,1,"can we stop calling them ""undocumented immigrants"" and call them what they are criminal trespassers / illegal aliens"
52496,img/52496.png,0,tweekers be like y'all hear that shit!?
52607,img/52607.png,1,say it again jerry i shoot ilegals
52609,img/52609.png,0,see? i fuckin told you! little foil on top keeps them jewsy
52610,img/52610.png,1,i'm sick of politics so here's a pic of michelle obama riding a unicorn
52613,img/52613.png,1,smashed potatoes
52614,img/52614.png,0,"what is he hiding? we need to see his tax returns! let me stop you right there hillary you deleted 30,000 emails, used bleach bit on hard drives, then destroyed phones with hammers you have no right to talk about peopie hiding anything"
52617,img/52617.png,0,warning! please handle large fireworks with care!
52619,img/52619.png,0,the whiteman is the devil
52631,img/52631.png,1,fuck israhell and fuck the usa!!! 136 countries are on the side of palestine!!!
52640,img/52640.png,1,luckily she's so fat or it never would have fit
52641,img/52641.png,0,religion when grown ass adults argue about who has the better invisible friend
52649,img/52649.png,1,"hmmm, that new wife smell"
52670,img/52670.png,0,the hardest part about breaking up with her is when you don't want to lose her
52681,img/52681.png,1,white trash britney is my spirit animal
52687,img/52687.png,0,trump is engaged in a cover-up hes guilty of obstructing our attempt to frame him
52691,img/52691.png,0,almost all of trump supporters are white
52698,img/52698.png,0,bruce jenner caitlyn jenner
52706,img/52706.png,0,current mood i'll beat a motherfucker.... with another motherfucker!!!
52708,img/52708.png,1,"2011 gt3 rs with a rebuilt tranny $157,876"
52714,img/52714.png,1,class! class! listen! daylight savings ends today you must move your clock bombs forward one hour
52716,img/52716.png,0,best holiday gift for animal lovers
52738,img/52738.png,0,all part of satan's plan. the anti christ will come from this
52743,img/52743.png,1,like a hot ls swapped rx-7 girl with a penis
52746,img/52746.png,0,i just chased 25 000 high paying jobs out of new york imagine what i'll do for the rest of the country
52748,img/52748.png,0,about to explode l with pride now that his daughter can go to school
52761,img/52761.png,0,"attention ladies: it's football season!!! bring him a sammich, get him a beer, get a hobby & stfu til valentine's day!"
52768,img/52768.png,0,i finally stopped drinking for good now i drink for evil
52780,img/52780.png,0,puts sock on doorknob sleeps with a blow-up doll
52783,img/52783.png,0,when your white friends invite you to dinner and tell you to bring whatever you want
52790,img/52790.png,1,girl out here looking like a gallon of arizona iced tea
52796,img/52796.png,0,"last time i checked.. i played army as a kid, not air force"
52801,img/52801.png,1,what do you call pool full of handicap people? vegetable soup
52803,img/52803.png,1,me: puts bag of popcorn into the microwave everyone at the senior center :
52816,img/52816.png,0,friday vibe be like
52819,img/52819.png,1,you are so queer it could be raining titties and you would still get hit in the face with a dick
52837,img/52837.png,1,removes polish with chemicals no one bats an eye removes polish with chemicals everyone loses their shit
52863,img/52863.png,1,its cool were divorced but we will always be cousins
52864,img/52864.png,0,"yes, we know trump said ""mexico will pay for the wall"" but now mexicans are the wall. that boy good!!!!"
52867,img/52867.png,1,"happy national women's day just remember, if it has an apple, it has a banana"
52870,img/52870.png,0,if donald trump is the answer how stupid is the question?
52874,img/52874.png,0,when you have no stress weighing you down
52890,img/52890.png,0,wait this isn't my dog
52903,img/52903.png,1,throwing off a gay one with the boys
52904,img/52904.png,1,when you eat her ass and then she say that she don't suck dick... wayment
52910,img/52910.png,0,"i was raped in jail, mom dad takes monopoly way too seriously"
52914,img/52914.png,0,3 years ago american class american trash
52918,img/52918.png,1,she's to young when you have to make the airplane noise to get your cock in her mouth
52931,img/52931.png,0,i swear i put sunscreen on!
52936,img/52936.png,0,49 people were killed at christchurch mosques 49 people were killed at christchurch
52938,img/52938.png,0,"there's nothing more ridiculous than when the same republicans who gave us 33 sham hearings on benghazi say investigation trump's actual crimes ""is a waste of time."""
52947,img/52947.png,1,lost african tribe
52948,img/52948.png,0,sea monkeys
52960,img/52960.png,0,every time a person is offended on social media a vote is cast for trump
52964,img/52964.png,0,how do you turn a fruit into a vegetable? turn up the amps
52970,img/52970.png,0,"""enjoying in beach"""
52974,img/52974.png,1,which jewish girl is hotter?
52978,img/52978.png,0,trump screamed at nbc for using this pic of him he hates it. don't spread it around the internet anymore
52983,img/52983.png,1,"if you blow their churches, we will open our mosques for them to pray #terrorist have no religion"
52986,img/52986.png,1,the most beautiful chimpanzee and above him is one uglyass retarded nibba who says dc is better than marvel
53012,img/53012.png,0,"nothing says ""pull me over"" like some red solo cup brake lights!"
53017,img/53017.png,0,children trying to stay cool in the water
53048,img/53048.png,1,6 million lampshades never again
53062,img/53062.png,1,the number 1 cause of islamophobia is the behaviour of muslims
53064,img/53064.png,0,white people after they put the divider in between your groceries
53068,img/53068.png,0,chillin with my squad
53084,img/53084.png,0,nein shits given
53089,img/53089.png,0,iran is going to attack us even if we have to do it ourselves
53096,img/53096.png,0,that makes me moister than an oyster
53102,img/53102.png,0,when it's your 1st cake day and you really wanna blow that candle
53108,img/53108.png,0,this one time at camp we got so baked
53124,img/53124.png,0,when your dishwasher is broken so you take it back to walmart to get a new one
53140,img/53140.png,1,"me respect women no, i don't believe bush did 9-11 it's just a meme"
53147,img/53147.png,1,immigrants illegal aliens
53160,img/53160.png,0,when goats try to pull a car heist
53180,img/53180.png,0,mess with me and you mess with the whole trailer park
53182,img/53182.png,0,"those who die in blue, are remembered forever"
53184,img/53184.png,0,back in my day blowing a tranny meant car trouble
53187,img/53187.png,0,this moment changed the world
53194,img/53194.png,1,what's the difference between an elevator and a black guy... an elevator can raise a kid
53204,img/53204.png,0,"i'm sorry, i can't help it, i'm just a jackass"
53206,img/53206.png,0,when you're talented but also a self-righteous shit head
53210,img/53210.png,0,dishwasher for sale missing parts
53219,img/53219.png,0,happy birthday keep it classy...no wine from a box
53241,img/53241.png,0,i support terrorists because they're pea brains like me
53249,img/53249.png,0,the enemy has infiltrated congress the enemy within ilhan omar linda sarsour rashida tlaib ocasto-cortez
53260,img/53260.png,0,joke time! 3 muslims walk into a bar.
53261,img/53261.png,0,if they were really fighting for our freedom this is what it would look like
53268,img/53268.png,1,caution 49 killed in a mosque ...heightened security travel 4000 killed a year by illegals smuggling and illegal immigration may be encountered in this area ...wide open borders
53270,img/53270.png,1,"dem goys after they've exterminated every jew on god's green earth they had us in the first half, not gonna lie"
53274,img/53274.png,0,"nasa employees after stealing the moon be like ""boys will be boys"""
53278,img/53278.png,0,*laughs in goat-fucker*
53280,img/53280.png,0,my dog loves the attention
53289,img/53289.png,0,when everybody's worried about their ex but you're just here enjoying your lemonade
53291,img/53291.png,0,"sure she's cute, but my car's still dirty."
53296,img/53296.png,0,when you meet that gender studies student again my genders have doubled since the last time we met
53407,img/53407.png,0,i am pro oxygen sweet beautiful oxygen liberals
53420,img/53420.png,0,that chicken was so black the police just arrested it
53427,img/53427.png,0,ahmed i love you too
53469,img/53469.png,1,jews did 9/11 truth is antisemitic
53471,img/53471.png,0,bravery at its finest
53481,img/53481.png,1,minesweeper just got real... as fuck !!
53482,img/53482.png,1,"i was holding a door open for an asian guy and he was like ""sank you"" so i knocked him the fuck out. you don't talk about pearl harbor like that"
53486,img/53486.png,1,when you nut in the arab girl and she has a normal orgasm you were supposed to explode!
53492,img/53492.png,1,i'm gonna be honest i don't much care for the chinese
53607,img/53607.png,1,it's racist to call me a goat humper even though i hump goats
53618,img/53618.png,1,"if a phobia is a fear, how can i be ""homophobic"" or transphobic""? who fears a man in a dress?! why would i fear a man who takes it up the ass by another man? repulsed, yes definitely. fear? no way. the only fear i have is the outcome of what society will look like if these people keep breeding"
53624,img/53624.png,0,feeling cute might write in my diary later
53628,img/53628.png,0,if her legs aren't shaking when you are done you're not done
53642,img/53642.png,0,it is time.. to send these parasites back to the desert
53649,img/53649.png,0,this is how y'all look defending trump don't touch my garbage
53678,img/53678.png,1,which jewish girl is hotter?
53679,img/53679.png,1,and that was the last time we let uncle larry babysit
53682,img/53682.png,1,"the fuck you mean ""do i smoke?"" i smoke more than a jamaican bonfire"
53692,img/53692.png,1,"wait, mohammad come back!! i didn't mean to laugh,really size doesh't matter to me lol"
53694,img/53694.png,1,"they kill gays, and women who go out in public without a male relative and are supported by democrats and liberals"
53706,img/53706.png,0,i wish more of my handcuff stories involved sex instead of police officers!
53714,img/53714.png,0,we are peaceful people
53720,img/53720.png,1,forcing children into religion is child abuse. religion has to be taught. it's not natural 
53740,img/53740.png,1,if the words you spoke appeared on your skin.. would you still be beautiful? nigger
53768,img/53768.png,0,a young girl holding a gun
53782,img/53782.png,1,omw to kill those israhellites
53806,img/53806.png,1,skinny guys are outdated get yourself a fat fucking retard
53810,img/53810.png,0,do nothing about global poverty while sitting on golden throne and holding golden stick goes to heaven spend more than half of his fortune to fight global poverty goes to hell go home logic..!! you are drunk
53812,img/53812.png,1,"there's only one way you 'negotiate'with islam. you kill it with extreme prejudice."""
53817,img/53817.png,0,game of the year 1817
53820,img/53820.png,0,whitesox ticket: $55 beer: $8 hot dog: $6 watching a muslim from kenya throw a 28 mph. fastball like an 8 yr old little girl: priceless
53821,img/53821.png,0,it's a beautiful day i thinki'll skip my meds and stir shit up a bit
53827,img/53827.png,0,i don't want to get attached to anyone anymore... it only destroys me in the end
53849,img/53849.png,0,more men with guns were sent to arrest 66 year old roger stone than clinton and obama sent to rescue our men in benghazi
53876,img/53876.png,1,"all muslims are a danger to americans! ban them all! except the rich ones who spend tens of millions at my hotels and condos, of course!"
53879,img/53879.png,1,"whatcha thinking about? wind speed and direction, humidity, distance, drop rate"
53901,img/53901.png,0,farmville 1943 deluxe
53904,img/53904.png,1,"hey, sorry goat fucker that warning shot over your head? was a bit low!"
53908,img/53908.png,0,"i know you like her son, but you can't just pull a girls hair.. until she's 30 or so. they actually come around on this one"
53914,img/53914.png,0,let me play with the muslims
53917,img/53917.png,0,when your man a dog but yo monkey ass stay with him
53924,img/53924.png,0,mom : can you mash the vegies me :
53927,img/53927.png,1,when you dress up for dinner at your muslim girlfriend's  parent's house
53941,img/53941.png,1,"i didn't hear the question ... ...but the answer is, white people are racist"
53948,img/53948.png,1,thanks jews! the gift of 911
53962,img/53962.png,0,i support americans even though some of them are really hating on me right now
53976,img/53976.png,0,black power comes with a lot of responsibility
53980,img/53980.png,1,transgender people have a problem with their head not their crotch
54016,img/54016.png,0,"i'm getting too old for fighting and arguing if we have a problem, i'll tell you whats up either we fix it and move on or stop fucking with each other and move on fuck all thatextra shit"
54018,img/54018.png,0,"old people at weddings always poke me and say ""you're next."" so, i started doing the same thing to them at funerals"
54019,img/54019.png,0,where is the pinata?
54023,img/54023.png,1,companies when pride month ends:
54028,img/54028.png,1,wants to stone gay people to death dresses like a drag queen
54038,img/54038.png,0,old times were brutal
54039,img/54039.png,1,90 percent of indians are idiots: justice markandey katju
54062,img/54062.png,0,danish bacon ... it's gonna rock your world
54068,img/54068.png,0,their average height is a 169cm (men) and 159cm (women) a few cm below average
54082,img/54082.png,1,you with the ewe stop that!
54083,img/54083.png,0,cheering on your team in the world cup
54092,img/54092.png,0,reincarnation ? you mean press x to respawn
54102,img/54102.png,1,i'm uncertain where i stand on abortion i like the killing babies but hate the idea of giving women a choice
54130,img/54130.png,1,if this terrorizes you and this doesn't something is very wrong with you
54138,img/54138.png,0,how hungry people eat their food mmmm.... delicious
54170,img/54170.png,0,when you wake up a minute before you alarm goes off
54179,img/54179.png,1,"i'm an ex-muslim because ""islam"" means ""submission"" and i won't submit my life to the delusion of a child rapist"
54190,img/54190.png,0,do you like tapes and cd's? cause ima tape my dick to your forehead so you can cd's nuts
54201,img/54201.png,0,14 million kids living in poverty in america but democrats fight for illegals
54210,img/54210.png,0,investigating homicide in lgbtq community
54261,img/54261.png,0,this faceapp stuff is incredible!
54263,img/54263.png,0,we're glad you're home
54270,img/54270.png,1,shit... the dishwasher is broken again!
54276,img/54276.png,0,fuck i stepped in shit
54286,img/54286.png,0,thank god my ass needed a break
54289,img/54289.png,0,do you like to barbeque cause i'm bout to slap this meat across your grill
54290,img/54290.png,1,"today's gop base he's old, he's white, he's believes all the shit he hears on grumpy and he fox news"
54301,img/54301.png,1,"i have a question for the white man, i would like to travel, so i can suggest know if he likes sex and he go fuck himself"
54310,img/54310.png,0,celebrating the ebt card..oh snap
54317,img/54317.png,1,it was real in my mind
54318,img/54318.png,0,how many people does it take to change the world
54319,img/54319.png,1,emperor haile selassie i world tour a.k.a. ethiopia on the march
54367,img/54367.png,0,kids and guns don't mix
54370,img/54370.png,0,when you stoned your 3rd wife yesterday and you're lonely ankle compilaion
54376,img/54376.png,0,when you messed up your shave again
54389,img/54389.png,1,be sure to spay or neuter your spouse today
54397,img/54397.png,0,when another dog pees on your lawn
54601,img/54601.png,0,i hope father jeffrey doesnt go in dry today
54602,img/54602.png,1,when you just finished shooting a bunch of black kids but accidently killed a squirrel
54608,img/54608.png,1,i coined a new phrase for muslim terrorists: proxy jews
54610,img/54610.png,1,if jesus rode ass why do christians hate gay people?
54613,img/54613.png,0,wtf is with this guide dog? i keep ending up at kfc
54629,img/54629.png,0,if you're constatntly referring to your skin color or other people's skin color... maybe you're the racist
54632,img/54632.png,1,new seat belt design 50% less accidents
54639,img/54639.png,0,lmco laugh my cock off
54670,img/54670.png,1,knowing white people he's probably the father
54672,img/54672.png,1,when you eating in a chinese resturant and you hear a dog barking in the kitchen.
54679,img/54679.png,0,feisch smeil
54682,img/54682.png,1,this is why i don't give a shit what upsets muslims
54683,img/54683.png,0,feeling cute. might kill 6 million later...idk
54690,img/54690.png,1,what's the difference between boy scouts and jews? boy scouts come back from their camps
54691,img/54691.png,0,when you're looking at all the people in their hot summer bods... and you feel sorry for all the taco tuesdays they must have missed!
54692,img/54692.png,0,been talking shit about trump since day one. now crying like bitches after getting called out
54697,img/54697.png,0,rashida tlaib said that her ancestors created a safe haven for jewish people fleeing wwii
54708,img/54708.png,0,when the booze kicks in and you start putting out the vibes
54709,img/54709.png,0,united we could be great together
54710,img/54710.png,0,can't snort coke through a rolled-up bitcoin
54713,img/54713.png,0,this one time at camp we got so baked
54719,img/54719.png,1,when you die for getting 72 hoors when you realise all are goats
54720,img/54720.png,0,when you feel the music in your soul and have to belt it out for the world to hear
54726,img/54726.png,0,the hollow coa$ter
54728,img/54728.png,0,my face when im wating for my cookies to be done baking
54731,img/54731.png,1,"for those of you ignorant to history there has already been a ""march for our lives"" and they were already disarmed!"
54761,img/54761.png,0,"the answer to the age-old question, does a bear shit in the woods? answer... yes they do! and here is scientific proof"
54781,img/54781.png,0,i'm a liberal and i support trump!
54789,img/54789.png,1,when you're shooting up the school and the autistic kid takes his glock out to join you we weren't expecting special force
54790,img/54790.png,0,what people do in the bedroom is not anyone else's business
54793,img/54793.png,1,shitting on streets stray dogs indians
54801,img/54801.png,0,i'd rather push a chevy than drive a ford
54812,img/54812.png,0,what in tranation is this contraption
54816,img/54816.png,0,i like to keep my xanax in with my tic tac's fresh breath and a fresh attitude
54817,img/54817.png,1,"i had twins with my third husband, which i conceived while married to my first husband, and delivered while married to my second husband, who adopted them before i divorced him and married my third husband. but that was then, now i'm married to my fourth husband. i'm just an evangelical who believes in the sanctity of marriage"
54831,img/54831.png,0,time barack hussein obama muslim of the year
54837,img/54837.png,1,"if i can sexually harass this many women and molest this many children as vice president, just imagine how many i could do as president! but what am i telling you for? you're the first gay president, married to the first 'first tranny,' and most people don't even know it!"
54891,img/54891.png,1,"got kicked out of the hospital. apparently, the sign ""stroke patients here"" meant something completely different"
54896,img/54896.png,0,when you forgo history and embrace diversity
54912,img/54912.png,0,we said we would never forget and we haven't
54917,img/54917.png,0,"out of the whole year, we only need women for about 365 days"
54927,img/54927.png,1,"if a muslim beats his wife, is it domestic violence, or child abuse"
54931,img/54931.png,1,build a house for r250m while ordinary citizens live in poverty? i blame apartheid
54936,img/54936.png,0,summers here lets swim
54962,img/54962.png,1,no i'm on my period no i have diarrea
54971,img/54971.png,0,rebuilt tranny
54972,img/54972.png,0,happy birthday its like your very own christmas!
54973,img/54973.png,0,this is what vitiligo looks like
54976,img/54976.png,0,"""life hack #23 how to get stoned with no weed"""
54978,img/54978.png,1,"black people started wearing their pants low, white people called it ""saggin."" spell saggin backwards.. those sneaky white people"
54981,img/54981.png,1,we can kill as many as we want and your stupid government keeps bringing us in
54983,img/54983.png,0,marks left by a chevy marks left by a ford
56019,img/56019.png,0,damn they really out here thinking they making it to class
56024,img/56024.png,0,and for my next trick i'll make democrats defend rats
56048,img/56048.png,1,you are islamaphobic look at their beautiful parties
56071,img/56071.png,1,when you can smell shit but you're not sure if it's his arse or your hands
56081,img/56081.png,0,bruce jenner's cat
56082,img/56082.png,0,when you catch your goat running from the farm ya done fucked up
56091,img/56091.png,1,when you found your wife is cheating on you ya allah
56104,img/56104.png,0,african children seeing a caucasian boy for their first time ever
56107,img/56107.png,0,a kind women giving a starving child some water
56108,img/56108.png,1,michelle obama angry monkey
56123,img/56123.png,0,"""if you kill your enemies, they win."" justin trudeau share if this is the dumbest comment ever by anyone"
56128,img/56128.png,1,3 jewish prisoners after being liberated by the ussr (auschwitz 1945 colorized)
56130,img/56130.png,0,i'm wanty... not needy huge fucking difference
56134,img/56134.png,0,meanwhile at the isis strip club
56138,img/56138.png,0,here's a painting of a handbook for terrorists
56143,img/56143.png,0,"ugly mafuckas be like... bru, i know she want me i got dreads"
56179,img/56179.png,0,from no child left behind to no child left alive
56180,img/56180.png,0,my little brother ate all the scrabble tiles... sense than alexandria ocasio-corte ton and his shit makes more sense than alexandria ocasio cortez
56183,img/56183.png,1,traps are just flat chested futas
56187,img/56187.png,0,how much did the holla cost?
56189,img/56189.png,0,hiroshima 1945 2016 detroit 1945 2016 moral of the story.. it's easier to come back from a nuclear bomb than 5 decades of big gover government policies
56193,img/56193.png,1,how to cook turkey in usa how to cook turkey in romania
56208,img/56208.png,0,guess who got reported again by some weak minded asshole
56210,img/56210.png,0,po' baby.. just don't know no damn better.
56213,img/56213.png,0,let me play with the chew toys
56219,img/56219.png,0,them: how would you rate this pupper? me: golden
56231,img/56231.png,0,anne frank hid from the nazis for 2 years
56240,img/56240.png,1,"two jewish women saved by solviets from aushwitz concentration camp (circa 1945, colorized)"
56247,img/56247.png,0,when you snap a photo with the friend that never smiles
56248,img/56248.png,1,fuck you muhammed is a pig fucker!
56249,img/56249.png,1,who did this
56274,img/56274.png,0,when she on top & you trynna catch a titty
56281,img/56281.png,0,liberals before the election trump and his supporters must accept the results of the election liberals after the election i do not accept the results of the election
56287,img/56287.png,0,"and then i says to her no, i got your nose"
56290,img/56290.png,0,why doesn't aldi's have their own brand of nuts called aldi's nuts?
56304,img/56304.png,1,when you and ya partner see an unarmed black youth
56310,img/56310.png,0,"yes hello, maria? your uber has arrived"
56340,img/56340.png,0,"""comedian"" sarah silverman says pro-life laws ""make me want to eat an aborted fetus"" then one day for no reason at all they started putting people in camps"
56374,img/56374.png,1,"when i see people who post ""punch a nazi"" in person im a nazi, i hate niggers, gregg are you gonna punch me???"
56378,img/56378.png,1,i'm not racist. racism is a crime and crime is only for blacks
56387,img/56387.png,0,what you can find in amazon
56389,img/56389.png,1,no means no unless she's dyslexic then it's on
56392,img/56392.png,0,dick punch funny regardless of species
56401,img/56401.png,0,if this offends you might be lack you toes intolerant
56417,img/56417.png,1,fuck christians... fuck the bible... and fuck jesus christ
56418,img/56418.png,0,notice the difference talk show host vietnam war hero
56419,img/56419.png,1,anyone who disagrees with homosexuality and gay marraige is probably a closet homosexual. do you disagree with pedophiles and pedophilia?
56421,img/56421.png,1,when the porn video features a tranny but then 'she' turns out to be a midget too you had my curiosity but now you have my attention
56423,img/56423.png,1,whoever photoshopped this is a huge jerk
56429,img/56429.png,0,when i try to be my self around people [ everyone disliked that. ]
56432,img/56432.png,0,"what if i told you that you cant ""tolerate"" a person who agrees with you? """
56438,img/56438.png,0,under the name of multiculturalism we let terrorist into this country
56470,img/56470.png,1,"ah, i think we may have found the problem you appear to be a person of colour"
56472,img/56472.png,0,which is more important length or girth? turns out its consent
56480,img/56480.png,0,when she said all men are dogs
56482,img/56482.png,1,heroin is destroying the white community keep up the good work heroin
56489,img/56489.png,0,west side east side genocide
56490,img/56490.png,1,how could this happen in the current year? when it's 2019 and there are still people who refuse to celebrate rectal wart sex
56497,img/56497.png,0,"""i don't see anything wrong with him, other than he stole a wheelchair."""
56708,img/56708.png,0,"muhammed and aisha, the first date"
56709,img/56709.png,0,i've just blocked myself i'm not putting up with my shit either
56712,img/56712.png,1,"cop: am i pronouncing this right, kfc? guy: it's allen cop: ok grape soda"
56713,img/56713.png,0,i have an idea... don't listen to any of mine
56719,img/56719.png,1,democrats say we have to excuse my anti-semitism because i was raised in a different culture not because my fellow believers might blow them up
56721,img/56721.png,1,"feeling cute might fuck a tranny later, idk"
56723,img/56723.png,0,i am an environmentalist love all animals
56738,img/56738.png,0,i long for the days before politcal correctioness when kids were allowed to play livestock management technicians and indigenous people
56739,img/56739.png,0,"our platform is simple regain power, destroy the economy, impeach trump"
56741,img/56741.png,0,any girls a squirter if you sever an artery
56749,img/56749.png,0,way over there is where you go with that bullshit
56789,img/56789.png,0,these are gangsters these are wankers
56791,img/56791.png,0,influence the election? you mean like encouraging illegal immigants to vote?
56792,img/56792.png,0,you're so full of shit even your eyes are brown!
56807,img/56807.png,0,the hardest challenge is acceptance
56812,img/56812.png,0,"a rare picture of the beautiful jewish girl, anne frank"
56819,img/56819.png,1,all aboard the jew jew train
56821,img/56821.png,0,spongebob and patrick look like they're having a rough day
56827,img/56827.png,0,do i need to show you im a citizen
56830,img/56830.png,1,this is my michael brown
56834,img/56834.png,1,gays hanging out in the muslim world
56837,img/56837.png,0,i am happy to work with animals
56841,img/56841.png,0,not all of us are terrorists but all terrorists are one of us
56843,img/56843.png,1,the best game of all time farming simulator 1848
56870,img/56870.png,0,"though they should not be here illegally, that doesnt mean they're bad people"
56871,img/56871.png,1,who cares if mexicans are offended americans are offended by illegal immigration
56872,img/56872.png,0,someone get me out of here
56873,img/56873.png,0,"""one man's trash is another man's treasure"" is an awesome phrase... ...but it's apparently a horrible way to tell your kids they're adopted """
56891,img/56891.png,1,"i don't always go to black peoples garage sales, but when i do, it's to get my stuff back"
56907,img/56907.png,1,how to tell if it's your turn to do laundry 1. look down your pants. 2. do you have a penis? 3. then it's not your turn
56910,img/56910.png,1,the third person in your tag list owes you a nigger
56912,img/56912.png,0,i bought this brand new
56917,img/56917.png,0,the media is appalled by threats to her both have been threatened the media applauds all threats to him
56921,img/56921.png,0,muslim strip club
56928,img/56928.png,0,so you want me to yell maga and punch jussie smollet
56930,img/56930.png,1,dis one time at concentration camp i got such bad gas
56931,img/56931.png,0,when you take halloween a little too seriously
56938,img/56938.png,0,anne frank passed away february 1945
56940,img/56940.png,1,what does a baby from auschwitz look like
56942,img/56942.png,0,this is nothing wait til you see my stamp collection
56948,img/56948.png,0,i pray to our lord and saviour to bless this melon
56972,img/56972.png,0,so i prayed over him like this and i made sure he felt the lord inside him
56973,img/56973.png,0,how to make everyone hate you
56974,img/56974.png,1,first black guy to admit he is the father
56981,img/56981.png,1,my grand father died at auschwitz he got drunk and fell out of this guard tower
56987,img/56987.png,0,"stupid people, she was elected to help not to demise"
57012,img/57012.png,0,albanians taking a photo
57013,img/57013.png,1,"cracker ass cracker! kiss my ass, cracker ass cracker!"
57029,img/57029.png,0,"hey, i just met you, and this is crazy, this is my mad face so i might be angry"
57034,img/57034.png,1,flat earth is based on christianity and christianity is a jewish death cult think about it
57042,img/57042.png,1,go trump maga white power 2020 kill every race we don't want them fucking our white women
57043,img/57043.png,0,life handed me lemons so i fucked them and gave them lemon-aids
57063,img/57063.png,0,protect america from boatloads of refugees fleeing scandinavia's socialist tyranny
57064,img/57064.png,1,girl: i'm a transgender. boy (tries to impress her): i'm mentally ill too!
57084,img/57084.png,0,gun safety is especially important when teaching a shooting class
57093,img/57093.png,1,when she asks to move in but you already own a dishwasher
57094,img/57094.png,0,my local mosque is really going all out for gay pride this year
57103,img/57103.png,0,to the douchebag that disliked each one of my memes because of political affiliation... i'll have you know that you are either narrow-minded ignorant biased or all of the above
57120,img/57120.png,1,god will forgive you no matter what you've done sweet
57124,img/57124.png,1,oh! big surprise he does this you had the steak! i seem to i only had a salad every time! have forgotten my wallet. 13 jews splitting the check
57132,img/57132.png,0,"according to women, there are 3 men in this pic"
57134,img/57134.png,1,"like me you idiots should be storming the capitol right now instead you're drinking beer, smoking weed, and shooting off chinese fireworks. now do you see why we made you slaves?"
57142,img/57142.png,1,i don't like this post gas it
57148,img/57148.png,0,automatic tranny rebuilt tranny blew a tranny
57160,img/57160.png,0,when latinas are mad at you this how they sleep
57162,img/57162.png,1,safe sex isis style
57164,img/57164.png,1,i don't think abortion is wrong if i was raped i wouldn't won't some black baby in me either
57180,img/57180.png,0,but i'm israeli god promised me the car!
57183,img/57183.png,0,if you're a man and put your hands on a woman then you aren't a man
57189,img/57189.png,0,mistakes come in all sizes
57193,img/57193.png,0,do i look like i give a fuck about your butthurt? how 'bout i butthurt my foot up your ass?
57198,img/57198.png,0,"""damn, that ass!"" even the horse is like"
57203,img/57203.png,0,i can put up with muslims killing canadians but i absolutely will not tolerate canadians criticizing muslims
57209,img/57209.png,0,he went to jail for your sins
57236,img/57236.png,1,when buslim nibba see his sister
57248,img/57248.png,0,i know you're lying.. but continue.
57249,img/57249.png,0,a sheik business man wearing his tradition thawb
57260,img/57260.png,0,baked potatoes for everyone
57261,img/57261.png,0,this is rudolf hess. he edited mein kampf for adolf hitler. that makes him..... the first grammar nazi
57268,img/57268.png,0,good asian '' ''
57281,img/57281.png,0,"roses are red, grass is green pls show bobs and vagene"
57284,img/57284.png,0,jolo jew only live once
57298,img/57298.png,0,when was the last time you saw so many passionate people on the street?
57302,img/57302.png,1,because they love you they want this not they need to mix breed to preserve their species
57319,img/57319.png,1,what men want
57346,img/57346.png,0,"whlle the keepers were distracted, harold, the oldest of all the apes, made his escape by posing as a wheelbarrow wheelbarrow pusher"
57348,img/57348.png,1,see? i fuckin told you a little foil on top keeps them jewsy medium rare is best
57349,img/57349.png,0,"""at first, i didn t want to wear a hijab."" ""but my husband convinced me otherwise."""
57386,img/57386.png,0,i have tits give me free stuff
57394,img/57394.png,0,humans run the world don't sleep on us
57401,img/57401.png,1,welcome home sodomite time for eternal suffering
57412,img/57412.png,1,does anyone know if he had a donor card? i need parts for my go-cart
57418,img/57418.png,0,3.8 billion of them on earth. why isn't it clean yet?
57421,img/57421.png,1,when the squad is about to get lit.
57423,img/57423.png,0,let's play the game of flags
57426,img/57426.png,1,when you see muslims at bunnings buying pool chemicals and fertilizer
57430,img/57430.png,1,"you say dirty infidel, i say filthy goyim! you make them become cucks, i'll mow them down with trucks! side by side for white genocide!"
57438,img/57438.png,1,"""ay,tone. so da franks was transferred to multiple camps. shouldn't they have whacked her da first time? doesn't seem very efficient."""
57463,img/57463.png,0,this could be us but you bought a ford
57469,img/57469.png,0,when she throws on your sweater while you're at her house
57481,img/57481.png,0,muslims offend me
57482,img/57482.png,0,made rice krispies way before kellogs
57490,img/57490.png,0,oh you decided not to use a condom? tell me more why it's her falt that you got chlamydia
57496,img/57496.png,0,left the kitchen too many times
57602,img/57602.png,0,a talking ape
57608,img/57608.png,0,oh god i did it again
57618,img/57618.png,0,kanye west? we lost some good men there
57619,img/57619.png,0,"go to the winchester, have a pint and wait for this all to blow over"
57630,img/57630.png,1,best holiday gift for muslims
57631,img/57631.png,1,adding coolant when the farm equipment overheats
57638,img/57638.png,1,back in my day blowin a tranny was car trouble
57681,img/57681.png,0,man you know i want these memes
57693,img/57693.png,1,the annual gathering of the female amputees club the beach was literally crawling with pussy
57802,img/57802.png,1,free dishwasher missing parts
57812,img/57812.png,0,please tell me this happens to other people
57814,img/57814.png,0,helping a child in need
57821,img/57821.png,1,i believe this is the work of the zionist enemy they burned notre dame cathedral as message to the world
57826,img/57826.png,1,if this is what they call pride.. then i don't wanna see what they call shame
57831,img/57831.png,1,trust me the muslims wont rape you now
57840,img/57840.png,1,"guys out there can spot fake jordans, but can't spot a tranny this newport tho"
57849,img/57849.png,0,"honor killings are part of our culture well then, it will be my honor to kill you all"
57861,img/57861.png,1,"i'm proud to be rude and crude and crass, i'm proud to be a redneck piece of white trash"
57893,img/57893.png,0,i'm no gynecologist but i know a cunt when i see one
57912,img/57912.png,0,uncle daddy and me gonna have us a nephson
57913,img/57913.png,1,there was a 4 car pile-up in mexico today 93 people died
57914,img/57914.png,0,"in 1990, the irs seized willie nelson's bank accts and real estate holdings for a 16 million dollar tax debt. currently, al sharpton owes in excess of 19 million dollars in taxes and he visits the white house regularly as a guest!!! explain white privelege again?"
57918,img/57918.png,1,"want to rape, steal & murder with no moral repercussions? then islam is definitely the religion for you"
57923,img/57923.png,0,not my president not my residents
57926,img/57926.png,0,girls be like i hate when guys stare at me at the gym
57938,img/57938.png,0,the jewish are strong for having survived this
57962,img/57962.png,1,i told my gay friend i can turn fruits in to vegetables and he told me to prove it so i pushed him off a balcony
57968,img/57968.png,1,when you are that ugly you don't have a choice
57982,img/57982.png,0,we can kill as many as we want and your stupid government keeps bringing us in
57984,img/57984.png,0,"mark zuckerberg's wife, priscilla chan is a man"
57986,img/57986.png,0,i love driving
58014,img/58014.png,0,hate should be abolished from every neighborhood and removed from every country
58016,img/58016.png,0,mr free shit and bullshit mrs
58019,img/58019.png,1,the difference between moderate muslim and radical muslim follow my allah or i kill you! moderate muslim follow my allah or he kill you radical muslim
58023,img/58023.png,1,my hands look like this so she can look like this
58026,img/58026.png,0,let me show momma what i found
58027,img/58027.png,0,after group sex mohammed is very tired
58029,img/58029.png,0,i don't always roll a joint but when i do it's my ankle
58036,img/58036.png,0,how you feel after one night of drinking in your 30s
58061,img/58061.png,1,i now have two identities transgender and transfat
58071,img/58071.png,0,"""when a guy says ""i love you"", he really mean it but when a girl says ""i love you"", she just want to sleep with you & hurt your feeling."
58091,img/58091.png,1,hotline to : allah pull pin hold to ear then wait for dial tone
58096,img/58096.png,0,grandma is not getting run over by a reindeer this year!!
58109,img/58109.png,0,no to transphobes give trans people peace
58124,img/58124.png,1,"this is a declaration of war  ...on you, your family, your friends, and all you hold dear"
58127,img/58127.png,1,is it a boy or a girl it's a bomb
58129,img/58129.png,0,"me to me: ""he's cute! just don't come on too strong!"" also me:"
58130,img/58130.png,0,behind this smile is an evil man known as hitler
58134,img/58134.png,1,show m an american ghetto and i'll show you a place where white democrats are in power
58136,img/58136.png,1,all that's wrong with america is white people!
58160,img/58160.png,0,america in reality don't let the media divide us!
58164,img/58164.png,0,"im not a gay sjw like other femboys im racist and a gamer, daddy uwu"
58170,img/58170.png,0,whites and dogs they smell just alike
58176,img/58176.png,0,"remember when illegal aliens just wanted to just go home? now they want free food, healthcare, and housing"
58190,img/58190.png,1,only two things come from muslim countries pedophiles and goat fuckers! which are you mohammed?
58194,img/58194.png,0,my dong is only 3 inches that's not very - from the ground
58196,img/58196.png,1,me getting offended at a joke is like a jew escaping a gas chamber it never happens
58197,img/58197.png,0,once you go black so does your face
58204,img/58204.png,1,"there are 33 genders man, woman, and 31 types of queer"
58209,img/58209.png,0,i hate women so much i'm not even joking bro
58210,img/58210.png,0,what if i told you the big dipper is not a constellation
58217,img/58217.png,0,dudes be like i'm just going to like all of her pics... except for the ones of her and her man
58246,img/58246.png,1,when a white person tells you happy cinco de mayo but you know deep in their heart they eywant you deported @sepasanmemes fucker
58247,img/58247.png,1,handjob sold separately
58264,img/58264.png,0,let's reduce drunk driving by taking cars away from sober drivers makes as much sense as gun control
58276,img/58276.png,0,i may be blind but at least i'm rich!
58301,img/58301.png,0,"it hurts the poor muslim's feelings? well, whoopty doo... this aint arabia meathead"
58304,img/58304.png,0,you took us to the wrong mountain bro
58306,img/58306.png,0,"what is he hiding? we need to see his tax returns! let me stop you right there hillary you deleted 30,000 emails, used bleach bit on hard drives, then destroyed phones with hammers you have no right to talk about people hiding anything truth uncensored"
58309,img/58309.png,0,your chicken is so rubbery goodyear called and asked for the recipe
58310,img/58310.png,0,"hey, dnc! it's not the people's job to rally around the candidate you choose... ...it's your job to choose the candidate that the people rally around!"
58312,img/58312.png,1,"here's all you need to know about men and women. women are crazy, men are stupid. the main reason women are crazy is because men are stupid"
58321,img/58321.png,0,racism is realizing that these are not the same species
58326,img/58326.png,0,everyone is excited for the baby to come
58327,img/58327.png,1,fidget spinner for woman
58329,img/58329.png,0,the bald eagle represents the strength and freedom of america
58340,img/58340.png,1,i'm not sure about abortion on one hand it kills babies on the other hand i hate black people
58349,img/58349.png,0,when you dont stir the nesquick powder in your milk enough
58361,img/58361.png,1,there are only two genders: male female
58367,img/58367.png,0,"we are coming to america one way or another! we will rape, pillage, riot & reap havoc on your nation while stealing your welfare"
58370,img/58370.png,0,this is what it's like to turn yourself in
58371,img/58371.png,0,when you suck at photoshop
58372,img/58372.png,0,cosby trump why is this guy the only one convicted? matt lauei harvey weinstein bill o'reily charlie sheen
58417,img/58417.png,0,all complete no missing parts
58419,img/58419.png,0,"""those that attack one muslim, are attacking all muslims"" those that attack one american, are attacking all americans!!"
58421,img/58421.png,0,what are you spooks up to
58426,img/58426.png,0,when there is no pinyata at the party but the emo kid just hung himself improvise. adapt. overcome
58462,img/58462.png,0,imagine if you will a group of people so disgusting.. ...they have to make laws making it illegal to hate them
58463,img/58463.png,0,what you really mean when you say your going to the bathroom
58471,img/58471.png,0,hey bro close your eyes bro yes bro? ok bro o yeah abdul go deeper
58473,img/58473.png,0,i will smack the shit out of the next person who touches my head one more time
58476,img/58476.png,0,how to cook turkey in usa how to cook turkey in romania
58479,img/58479.png,0,she will only marry a pubg player
58490,img/58490.png,1,hmm what a nice day to marry my own daughter and behead kafirs
58491,img/58491.png,0,because of trump walmart is selling american made appliances again
58497,img/58497.png,0,thats why we like you
58602,img/58602.png,0,when the beat drops in the synagogue
58604,img/58604.png,1,i got 99 problems and chromosomes are one
58607,img/58607.png,0,happy muslim family
58609,img/58609.png,1,after group sex mohammed is very tired
58612,img/58612.png,1,this is my neighborhood after the mexicans moved in. welcome to the future of america
58631,img/58631.png,1,the same people that hate trump think this is a woman
58637,img/58637.png,0,that precious moment when daddy finally turns up to a dance recital
58640,img/58640.png,1,say cheese! photobomb
58642,img/58642.png,0,black men! think! killing each other is like killing soldiers in your own army
58649,img/58649.png,1,i didn't choose the tranny life the tranny life choose me
58674,img/58674.png,0,when cops see an unarmed black youth:
58679,img/58679.png,0,it's called fuck off and it's located over there
58690,img/58690.png,0,women in islamic countries are getting involved with politics
58703,img/58703.png,0,want to know who gives a fuck? prostitutes
58706,img/58706.png,1,when you're so high you make down syndrome up syndrome
58732,img/58732.png,0,meanwhile at the isis strip club
58739,img/58739.png,0,i was asked am i my brother's keeper? i replied. fuck with him and find out
58740,img/58740.png,0,we must liberate ourselves from all muslims
58743,img/58743.png,1,"i'm a parasite, also known as a zionist we zionists are a cancer unto the nations"
58764,img/58764.png,1,blind people will be so happy when they see these new emojis
58769,img/58769.png,0,my grandpas tractor never broke down
58793,img/58793.png,0,when your dishwasher is done for good
58901,img/58901.png,0,how they see how i see
58904,img/58904.png,1,"""the only way to end racism is to kill the racists."" -oprah winfrey yeah-she means white people"
58906,img/58906.png,1,jewish supremacists playing the role of victim while they victimize everyone on the planet
58914,img/58914.png,0,when the squad is about to get lit.
58916,img/58916.png,0,socialism: because you don't need toilet paper when there is no food
58917,img/58917.png,0,fight for our country to keep the land we made home
58924,img/58924.png,0,what do you want to do? win!! when do you want to do it? now!
58947,img/58947.png,0,dumb and happy
58971,img/58971.png,0,stop domestic abuse
58974,img/58974.png,0,violence is never the answer
59012,img/59012.png,1,"i don't always see muslims at the public swimming pool but when i do, i always tap this sign"
59024,img/59024.png,1,dear diary: i miss fucking!
59026,img/59026.png,1,"after wwii, i said 'we defeated the wrong enemy.' now, you are bankrupt surrounded by perverts and enemies. was i right?!"
59034,img/59034.png,0,when you get hit in the groin by a football and your cup doesn't protect your willie
59041,img/59041.png,0,when you don't need a squad bc you are the squad
59043,img/59043.png,0,"black peopple started wearing their pants low, white people called it ""saggin."" spell saggin backwards... those sneaky white people"
59046,img/59046.png,1,i have no idea how to do your job but my book says you're doing it wrong
59047,img/59047.png,0,"do i hear flutes, drums and the sash"
59048,img/59048.png,0,when the aux lead comes out during a fire tune oh fuck put it back in!
59061,img/59061.png,0,these are not the terrorists terrorists want to brutally murderer you for being human. i do not. ? you're looking for
59062,img/59062.png,1,bitches are like stitches pick on them and they open up
59064,img/59064.png,0,keep it up and you'll get some regime change
59072,img/59072.png,0,"this 49er left the nfl to fight for his country please ""like"" and ""share"" to support glen coffee!"
59073,img/59073.png,0,the enemy within ilhan omar linda sarsour rashida tlaib ocasto-cortez
59123,img/59123.png,0,it says right here i can have multiple wives !
59124,img/59124.png,0,i'm at the camp and i still can't concentrate
59128,img/59128.png,1,a head diaper is required when you have shit for brains
59130,img/59130.png,0,joe biden fought side by side with racist robert bird to stop school desegregation! groper joe gave the eulogy at kkk leaders funeral..
59142,img/59142.png,1,when your memes spread faster than stds at gay bars i've got the power
59143,img/59143.png,0,my black boy friend
59148,img/59148.png,0,when you can feel confident in yourself no matter your limitations
59163,img/59163.png,0,are you taking a picture or video?
59178,img/59178.png,0,did nazi that coming
59186,img/59186.png,0,a good day for us all in 2019 a bad day for everyone including muslims defend homeland security!
59203,img/59203.png,1,i'd hit this shit harder than her brother hit the world trade center
59217,img/59217.png,0,good guy police officer actively participating in community outreach
59230,img/59230.png,0,when it's finally self car day
59231,img/59231.png,0,"last year tyrone got a new job, started building his credit, and spending more time with his kids then something amazing started to happen"
59237,img/59237.png,0,the name's todd... retodd
59238,img/59238.png,1,where do you work jobs iz for suckas kfc pimpin hoes this is a racist meme!
59240,img/59240.png,0,"loses 25,000 new jobs for her district thinks she deserves a pay raise"
59248,img/59248.png,0,"those primaries got rigged for hillary and then, for no particular reason at all a journalist got himself charged a dnc staffer got himself shot and them democrats started blaming russia... and just like that everyone forgot about the dnc rigging them primaries"
59260,img/59260.png,1,my priceless child porn collection you stupid goyim owe me 6 million sheckles
59261,img/59261.png,0,i wanna see the most fucked up meme. lets see what you got
59264,img/59264.png,0,the look you give when your husband would rather fuck a goat then you
59278,img/59278.png,0,fought in iraq war died at 34 started iraq war on lies made $40 billion profit
59301,img/59301.png,0,when everyone loves your beautiful smile
59304,img/59304.png,0,getting ready to head out and paint the town red
59307,img/59307.png,0,this just in... sources are saying that you can go fuck yourself.. coming up: why you can eat shit and die..._
59316,img/59316.png,1,great punching bag
59317,img/59317.png,0,"it's okay honey,we stole what we could and we'll live way better than the fools who voted for us"
59321,img/59321.png,0,banned guns in 1935 then killed 65 million unarmed people
59327,img/59327.png,0,wanna go masturbate? fuck yeah! masturbating
59328,img/59328.png,0,in 8 yrs i improved life for millions of illegal aliens every muslim terrorist group & basically everyone i could except the one country i was responsible for
59340,img/59340.png,0,you can't be racist if. nvm you are racist
59342,img/59342.png,1,hello my lgbtq friends it's pride month so free shots for everyone
59346,img/59346.png,0,we demand more sancuary cities for refugees! you would want the same for yourself!
59362,img/59362.png,0,"obama's fbi did not break ""rules"" or ""policies."" they broke laws. they did not make ""mistakes."" they committed crimes"
59364,img/59364.png,0,how a black woman can fight crime
59370,img/59370.png,1,when you can't afford a new dishwasher so you hit the rusty one and make it work
59376,img/59376.png,1,a head diaper is required when you have shit for brains
59380,img/59380.png,0,mom this popsicle taste like shrimp
59402,img/59402.png,1,how much did the holla cost
59408,img/59408.png,1,and so it begins... pedophelia was always the end game of gay marriage; we christians tried to warn you
59410,img/59410.png,1,stop racism black children and white children are the same
59436,img/59436.png,1,jewber: uber for jews
59462,img/59462.png,1,i like my coffee like i like my slaves extra dark
59463,img/59463.png,0,me when someone asks me what my weekend plans are: this old girl needs a nap
59467,img/59467.png,1,"new for 2015 peel and stick eye-slit stickers to make your garbage & trash sharia compliant in compliance with sharia law, you can now turn all your garbage into muslim trash!"
59468,img/59468.png,0,chris brown and rihanna at an event
59470,img/59470.png,1,"put'n the ""ham"" in mohamed"
59471,img/59471.png,1,i bet her pillows dont have pillowcases
59473,img/59473.png,1,"when an indian man marries he scratches the dot off his wife's forehead to see if he's won a gas station, a motel, or a subway restaurant"
59478,img/59478.png,1,his grandparents died in the holocaust so we gonna put an oven in the trunk
59487,img/59487.png,1,when the grand mufti tells you that you're the next suicide bomber to attack the christians muslim childhood achievements
59601,img/59601.png,1,fifty shades of goat an isis love story
59602,img/59602.png,0,"suspect is a male wearing clothing, kinda looks like a mountain panda but i don't want to assume"
59613,img/59613.png,0,when a porn video features a tranny but then' she' turns out to be a midget too you had my curiosity but now you have my attention
59617,img/59617.png,0,time to play cowboys and muslims
59621,img/59621.png,1,"lets see if this is considered dark honey,you killed a butterfly. no butter for you for a month dad i also killed a cockroach today. nice try.."
59623,img/59623.png,1,me trying to tell my her not giving a shit liberal friend how because all men are much i love and trash appreciate her
59627,img/59627.png,0,muslims protesting rascism in front of headquaters
59641,img/59641.png,0,"oh look, a tiny bit of rain ...and i've forgotten how to drive"
59672,img/59672.png,0,the power of makeup
59678,img/59678.png,1,me thinking about lunch 5min after clocking in
59682,img/59682.png,0,1 plus 1 equals 57 it dosent well fuck u
59684,img/59684.png,0,how to keep the thefts out
59701,img/59701.png,0,after 3 million years of evolution we have only lost the hair!
59708,img/59708.png,0,when you eat that ass and find out you're allergic to peanuts
59714,img/59714.png,1,the media calls them refugees but this is what you will get
59716,img/59716.png,0,"my friends and i dont shoot eachother in the streets like most people do we do it in schools, because we have class"
59718,img/59718.png,0,never again
59726,img/59726.png,1,hello satan... they are mocking islam!
59731,img/59731.png,1,"august, 1945: the last words of the would co-pilot moments before he total destruction on hiroshima unleash i hope these rice people like mushrooms!"
59732,img/59732.png,1,in my country i am forced to keep my mouth shut. here i'm free to talk trash about this country in hopes it changes into a country where i'm forced to keep my mouth shut
59743,img/59743.png,0,gas yourself
59761,img/59761.png,1,we all promised that we would never let them be forgotten yet we are putting them in power to invade
59784,img/59784.png,0,if people reject me because i stand on the truth then i have no problem walking alone
59801,img/59801.png,0,when the kush so good you lose chromosomes
59812,img/59812.png,0,adult peer pressure: seeing your neighbor mowing their yard
59817,img/59817.png,1,putting bows on your pet
59824,img/59824.png,1,"wait, mohammad come back!! i didnt meah to laugh, really size doesn't matter to me lol"
59832,img/59832.png,1,how black people became christians
59837,img/59837.png,1,your purchase of $19.99 comes to $21.36 after theft
59840,img/59840.png,1,hunger games he's winning
59862,img/59862.png,1,it isn't islamophobia when they really are trying to kill you
59863,img/59863.png,0,when you find your best goat mating with the neighborhood runt
59864,img/59864.png,0,that's a nice turkey sandwich  it's ha'am!
59871,img/59871.png,1,no more excuses european americans are generational squatters
59876,img/59876.png,1,"why does a bride wear white? to match the dishwasher, stove and fridge"
60128,img/60128.png,1,don't know how to deal with black people but i guess i'll take a shot at it
60132,img/60132.png,0,most of ya'lls baby dads look like this and it shows
60134,img/60134.png,1,if a dike started dating a tranny god can't be mad because it's still a relationship between a man and a woman
60142,img/60142.png,0,excuse me?!? it is ma'am! ma'am! i will take you outside and show you a sir!
60143,img/60143.png,0,every day you spent home sick from school was spent with bob
60147,img/60147.png,0,meditation before going to school
60173,img/60173.png,0,"white people dont shoot eachother in the streets like black people do we do it in schools, because we have class"
60197,img/60197.png,0,what if i told you it's racist to assume white people are racist
60213,img/60213.png,1,then he said i couldn't come to the barbecue because i always burn the franks
60214,img/60214.png,1,transgender nibbas waiting for the signal light to turn red so they can start begging
60215,img/60215.png,0,truth be told the real reason for racism
60234,img/60234.png,0,"clown bait at its finest ""trumps economy is so bad that truck drivers have to buy their own trucks"" stacey abrams ""democrat response"""
60235,img/60235.png,1,"""no samuel, the star does not mean you're sheriff now"""
60238,img/60238.png,1,dark humor is like good food not everyone deserve it ;
60249,img/60249.png,1,when nazi germany would have won ww2 would there be a burger named mchitler?
60254,img/60254.png,0,"the best thing you can do is find a person who loves you for exactly what you are good mood, bad mood, ugly, pretty, handsome what have you the right person is still gonna think the sun shines out of your ass"
60257,img/60257.png,1,every man needs a decent coffee maker
60314,img/60314.png,0,"yeah, i'm into fitness fitness whole pizza in my mouth"
60317,img/60317.png,0,when your goat hits your g-spot
60329,img/60329.png,0,we swore we'd never forget 911
60348,img/60348.png,0,my first act? getting rid of our low uneployment rates
60357,img/60357.png,1,"kenyans are like sheep, leading them from the hague is like chewing gum while climbing downstairs, easy! come baby, come!!! let's chew gum together."
60371,img/60371.png,1,after group sex mohammed is very tired
60374,img/60374.png,0,"i don' t always wag my tail, but when i do i try to hit everything i can with it"
60379,img/60379.png,0,"after i say ""whatever"" all the shit you say after that is irrelevant"
60384,img/60384.png,1,why is the first one not judged but the second one offends? nuns don't randomly explode
60389,img/60389.png,1,you don't like thick girls? fuck wrong with you?
60398,img/60398.png,0,i should not be expected to pledge allegiance to any country including america dem representative ilhan omar quote
60421,img/60421.png,0,if you're protesting against this man visiting the uk... ...but protesting for this woman to return to the uk... ...then you're practicing your freedom of speech
60427,img/60427.png,0,i hope both teams lose
60439,img/60439.png,0,over 620 000 white people died to free black slaves so please lets cut the bullshit out - jf16
60451,img/60451.png,1,i love the smell of a dirty tranny... relax adam...let joe smell your schiff!!
60478,img/60478.png,1,"""i hate the word homophobia it's not a phobia why would i be scared of a faggot?"""
60483,img/60483.png,0,the look he gives you when you're the new goat in town
60487,img/60487.png,1,imagine a world with no muslims... just imagine that peace
60513,img/60513.png,1,what do you call double stacked ovens? jewish bunk beds
60532,img/60532.png,0,i sold all your games because i'm the only thing you need
60538,img/60538.png,1,how they see themselves how god sees them!
60539,img/60539.png,1,mandatory vaccinations '' no exemptions
60541,img/60541.png,0,when a white kid shoots up the school the same day you planned to bomb it
60549,img/60549.png,0,trump better deal with these muslims before they kill me
60571,img/60571.png,0,when you shit an anaconda and feel the last inch disconnect from your soul
60573,img/60573.png,0,only about time i make it as a character on street fighter
60578,img/60578.png,1,send me sexy pic
60592,img/60592.png,1,it's hard to be first class when you're white trash
60598,img/60598.png,1,jews: exsist hitler: it'd be a lot cooler if you didn't
60718,img/60718.png,1,do i have to unbury hitler so he can show you how a fucking oven works ?!?!
60729,img/60729.png,1,muslims treat women like dogs & liberals don't dare speak up they're too busy bashing christians
60732,img/60732.png,1,i'm not saying shes a slag but she's seen more japseyes than an asian optician
60739,img/60739.png,0,sea monkeys
60741,img/60741.png,0,most of our clothes come from this
60758,img/60758.png,0,thankfully youtube blocked those videos to show their support for muslim people
60759,img/60759.png,0,you see this pig? it's called muhammad
60785,img/60785.png,0,the cast of the view heading out to protest trump
60789,img/60789.png,0,"musslamic democrat, ilhan omar, has threatened members of congress she's 's told several republicans that she'll send them ""shawarma"" to ""give them a taste of her culture"" share to say arrest her now!"
60798,img/60798.png,0,sunday family fun day!
60827,img/60827.png,0,people tragically jumping to their death during the 9/11 terrorist attacks
60829,img/60829.png,0,making mashed potatoes
60839,img/60839.png,1,when each letter is a mental disorder
60841,img/60841.png,1,why do jewish men like to watch porn movies backwards? they like the part where the hooker gives the money back
60892,img/60892.png,0,49 people were killed at christchurch muslim 49 people were killed at christchurch mosques muslim
60913,img/60913.png,1,"""palestines are not human beings, they don't deserve to live and they are nothing but animals."""
60917,img/60917.png,0,when you are on a cruise and you give the monkeys to much liqour
60927,img/60927.png,0,"i'm so patriotic i piss red, white, and blue. the doctor told me it might be pancreatic cancer. i told him to shut his commie mouth"
60931,img/60931.png,0,these video game armors are getting pretty ridiculous
60937,img/60937.png,0,mississippi wind chime
60938,img/60938.png,1,straight pride! becasue the human race will go extinct otherwise
60971,img/60971.png,0,drink responsibly? shhiiit... responsibility is why i drink
60973,img/60973.png,0,"""the squad... hasn't done squat"" in congress"
60981,img/60981.png,1,trans-sports allowing medicore male athletes to finally become champions
60982,img/60982.png,0,when you catch your goat with another man
60985,img/60985.png,1,when you got an itch on your back that you can't reach but your white friend got you
61028,img/61028.png,1,what's the difference between a cow and the holocaust? you can't milk a cow for 75 years
61032,img/61032.png,0,if being racist means that i don't want people of color in my country then i am not a racist
61037,img/61037.png,1,"a girl asks her mom, ""why am i black and you're white?"" she says, ""the way that party went, you're lucky you don't bark. """
61082,img/61082.png,0,i know thats really roger from american dad but imma chill
61089,img/61089.png,1,"muslim nibba lost his bag, help to find"
61092,img/61092.png,0,think pedophil hould be execut
61093,img/61093.png,0,how the ancestors look at you when you stupid
61094,img/61094.png,0,my neighbour ordered a blow-up doll from a muslim sex shop
61097,img/61097.png,0,monkey face monkey attitude
61204,img/61204.png,0,greetings tranny time to die
61205,img/61205.png,1,nana addo 2016 compare the difference
61207,img/61207.png,1,why don't n**gers celebrate thanksgiving? kfc is closed on holidays!
61208,img/61208.png,0,im not racist i love all my friends
61234,img/61234.png,0,i could have annihilated all of them but i left some of them alive so you will know why i was killing them
61250,img/61250.png,0,"go on, jump in only will kill a few its ok, let them in only will kill a few"
61257,img/61257.png,0,"my kid, when i say, ""stop, you're gonna get hurt!"" 10 seconds later.."
61258,img/61258.png,0,yup says so right here you got me fucked up
61259,img/61259.png,0,absolutely haram absolutely halal
61270,img/61270.png,1,i am a gamer not because i don't have a life but because i hate women and minorities
61278,img/61278.png,0,in a wolrd full of these people be this person
61280,img/61280.png,0,ready for my job interview
61285,img/61285.png,0,"if evolution is true then why are there still monkeys? if the internet puts the totality of human knowledge at your fingertips, then why are there still idiots?"
61289,img/61289.png,0,when your teams down by 2 points and there's 43 seconds on the clock
61297,img/61297.png,0,when you pick up the wrong suitcase at the airport
61298,img/61298.png,1,not old enough to choose own bed time or daily diet but old enough to choose to be trans or gender fluid or non-binary or. 
61345,img/61345.png,0,im gonna be a woman
61347,img/61347.png,0,a few minutes after eating taco bell
61378,img/61378.png,1,"when liberals defend islam they defend beating women, killing homosexuals, rape,pedophilia, murdering babies, and beheading christians!"
61379,img/61379.png,0,that face you make when you're a bully and just got beat up by a girl
61380,img/61380.png,0,who you gonna call? ghostbusters
61382,img/61382.png,0,the face you make after you nut and the goat keeps sucking
61395,img/61395.png,0,when you have to have more than one kind of broom to keep your place clean
61407,img/61407.png,0,i'll take shit that ain't ever gonna happen for $500
61408,img/61408.png,0,when you don't know who to call the police or the rspca
61420,img/61420.png,1,keeping your dishwasher clean  will make it last longer
61423,img/61423.png,1,im white trash and im in trouble
61425,img/61425.png,0,its white it's a house what difference at this point does it make?
61438,img/61438.png,1,a 12 week old fetus. legal to kill in all 50 states can you imagine that wrapped in bacon???
61450,img/61450.png,0,"be fake, just to fit in i can't, my life was hard, i been through to much""real"" shit"
61453,img/61453.png,0,when you find the cake your mum was hiding from you
61458,img/61458.png,1,me and the boys after killing innocent people in a bomb blast
61459,img/61459.png,0,"""have you tried their food? neither have they"""
61480,img/61480.png,1,why is it bad to be a black jew because you have to sit at the back of the oven
61482,img/61482.png,0,it's not a hijab it's a diaper for people with shit for brains
61483,img/61483.png,0,nevermind ... i'll just wait here
61485,img/61485.png,0,"don't do the crime, if you can't do the time"
61492,img/61492.png,0,serving food at the local farm cafe
61495,img/61495.png,0,i'll never forget the time.. your grandad put me on his shoulders so i could show my tits to slayer
61502,img/61502.png,1,when you raid area 51 to find aliens but all you find are mexicans
61527,img/61527.png,0,handjobs sold seperately
61532,img/61532.png,0,claims to be pro-life dies
61537,img/61537.png,0,happy cinco de ported!
61538,img/61538.png,0,slip'n'slide the most fun you'll ever have getting hurt
61549,img/61549.png,0,back in my day we didn't have cell phones
61570,img/61570.png,1,you can't hate jews if there's no more jews
61578,img/61578.png,0,still smiles even when they are scared
61580,img/61580.png,1,fuckin' slaves
61589,img/61589.png,0,dementia or just another lying democrat it's hard to tell one from the other
61590,img/61590.png,0,neve let a child  go hungry
61702,img/61702.png,0,"people think i go out of my way to piss them off trust me, it's not out of my way at all"
61723,img/61723.png,1,black people mitochondria being the powerhouse of the cell
61725,img/61725.png,1,transgender female athlete biological female
61730,img/61730.png,0,oh look my new wife arrived
61732,img/61732.png,0,british judges wear wigs to avoid from being identified by criminals
61742,img/61742.png,1,monkey blood
61743,img/61743.png,1,same
61749,img/61749.png,1,whenever the fbi is searching your room and one of your child slaves starts screaming for help
61753,img/61753.png,0,i might be an asshole but at least i push my cart back to the cart return when i'm done with it...you lazy piece of shit
61754,img/61754.png,0,"patience, good things come come to those who wait"
61780,img/61780.png,1,you may be a racist if.. your response to a question from an african american is to mention the inner city 25 times
61793,img/61793.png,1,black people anything that doesn't belong to them
61798,img/61798.png,0,"hello honey! no, i promise i'm not playing golf again"
61802,img/61802.png,1,black friday sale
61820,img/61820.png,0,it's not rape if you're a democrat
61823,img/61823.png,1,if they were really fighting for our frreedom this is what it would look like
61825,img/61825.png,0,i did the math we cant afford the cat
61827,img/61827.png,1,things white people do mass shootings smoke meth fuck their family members fuck animals steal from blacks lie about being racist suck as sports
61834,img/61834.png,0,trump can't swing it
61840,img/61840.png,1,government? should austrailia start helping out the black communist murdered and killed by who are being brutally white south africans
61859,img/61859.png,1,i'm really sorry you're not feeling well today... but i'm still gonna need a sandwich
61870,img/61870.png,1,i have 5 genders no. you have a personality disorder
61873,img/61873.png,0,cinco de mayo isnt even celebrated by most mexicans it's just an excuse for white americans to get drunk
61890,img/61890.png,0,me posing for the paparazzi like
61892,img/61892.png,1,these people have to walk 20 miles a day for fresh water then why don't they move closer to the fucking water??
61894,img/61894.png,0,when your put in fb jail ..but your not... even sweatin cause of your back up account
61904,img/61904.png,1,latinos will do anything to get into trump's america
61905,img/61905.png,1,i don't bitch wanna get please! married! i've got to go blow myself up tomorrow! islam - none of it makes sense
61908,img/61908.png,0,under section 44 of the australian constitution any person having allegiance to a foreign power is not entitled to a seat in our government. the un is foreign power
61927,img/61927.png,0,auditioned for jazz band not enough soul
61928,img/61928.png,0,because of this guy i have multiple profile disorder
61932,img/61932.png,1,feminist literature? you mean cookbooks?
61935,img/61935.png,1,woman are supposed to be like butterflies beautiful to look at and hard to catch. yall are acting like a bunch of mosquitos
61937,img/61937.png,0,why don't i get sunburnt i use sunscreen
61940,img/61940.png,0,when an indian goes for walk with his dog
61948,img/61948.png,1,when your little car bomber brings home his first girlfriend
61950,img/61950.png,0,"muslim at the entrance: ""hello brother!"" brenton tarrant:"
61952,img/61952.png,0,what i say about the gunman every time there's a mass shooting
61953,img/61953.png,0,happy no russian collusion day!!! time for retribution!
62017,img/62017.png,0,fidget spinner for woman
62018,img/62018.png,0,if you think tide pods are good try the cotton candy in the attic
62019,img/62019.png,0,when you forget to take out the trash and you threw our chinese the day before
62043,img/62043.png,0,trade you an already fucked chicken
62047,img/62047.png,0,"don't be embrassed mark lots of guys yell ""harder daddy"" during a rectal exam"
62057,img/62057.png,0,"whenever i go to a bar i shout out ""you cheating whore!!!"" whoever turns around is who i'm buying drinks for!"
62081,img/62081.png,1,well let me tell you something brother fuck niccfps
62083,img/62083.png,1,the clitoris has around around 8000 nerve endings but still isn't as sensitive as a white male liberal on the internet
62084,img/62084.png,0,the best way to get on your feet is to get off your ass
62097,img/62097.png,0,walking with my homies
62105,img/62105.png,0,"ah, i think we may have found the problem you appear to be a person of colour"
62108,img/62108.png,0,you used so much thyme the doctor showed up to fix the paradoxes you created
62135,img/62135.png,1,"when she says you're like a brother to her, but y'all live in alabama so iz we fuckin or nah?"
62147,img/62147.png,0,i am surprised to see you
62149,img/62149.png,0,boy with progeria disease and his pet cat
62158,img/62158.png,1,we've been at peace with japan since 1945 time to make peace with islam
62175,img/62175.png,0,this is what it's like to be gay in iran
62178,img/62178.png,1,"the best part about fucking a chemo patient... you don't have to pull out. even if she survives, the baby won't"
62184,img/62184.png,1,the hardest part of breaking up with a japanese girlfriend is having to drop the bomb on her twice before she gets it
62197,img/62197.png,0,life handed me lemons so i fucked them and gave them lemon-aids
62198,img/62198.png,1,master chef with low rating master chef with high rating
62301,img/62301.png,0,remember behind every one of us is a policeman
62305,img/62305.png,1,"when an indian man marries he scratches the dot off his wife's forehead to see if he's won a gas station, a motel, or a subway resturant"
62308,img/62308.png,0,when you and your friends are having wine night and you're feeling sassy
62314,img/62314.png,0,manditory vaccinations with no exemptions i do nazi the problem....
62315,img/62315.png,0,i'm arresting you for public intoxication
62340,img/62340.png,1,"who's there knock, knock. not this bitch [ obviously ]"
62351,img/62351.png,0,i see you what you did there
62354,img/62354.png,0,when you ready for bed but bae won't leave you alone
62357,img/62357.png,0,we should respect blacks
62358,img/62358.png,0,when you enter the womens restroom by mistake
62374,img/62374.png,0,when she calls you a 40sec man but she paid own bride price to marry you
62381,img/62381.png,0,i am hungry let's eat a dog
62384,img/62384.png,0,whenever your owner walks to fast !
62391,img/62391.png,0,"everyday i understand the phrase ""i'm getting too old for this shit"" on an even deeper level"
62405,img/62405.png,0,obama trump pewdiepie's wedding
62408,img/62408.png,0,unless you want to be a stamp collector then there's no reason to be mad with this
62409,img/62409.png,1,muslims did this islam is not a religion! it's the world's largest death cult christian girl: killed for refusing to convert to islam this is islam
62413,img/62413.png,1,how muslims see us staring down the barrel of a .45........ how we see muslims
62417,img/62417.png,0,"wait, mohammad come back!! didn't mean to laugh, really size doesn't matter to me"
62435,img/62435.png,1,wing wing wing herro? thats racist
62439,img/62439.png,0,"selfish people never notice how you live and die, they never notice your love and care towards them they notice when you left them and they realise they can't use you anymore"
62457,img/62457.png,1,when the plantation owner invites you to a hunting session but everyone has a rifle except for you. hol up
62458,img/62458.png,0,happy and in love
62471,img/62471.png,1,"pssst! the jews are the globalists that's what the term international jewry"" meant. but don't tell anyone, you can't say ""it's the jews"""
62483,img/62483.png,1,when you sleep with a jewish girl
62485,img/62485.png,1,ah the young they blow up so quickly
62510,img/62510.png,0,"when your wife is secretly a dinosaur, and you don't find out before she givs birth to four crossbreed raptors"
62514,img/62514.png,0,idc about who has a problem with me spreading knowledge because i feel the same way about people spreading ignorance
62531,img/62531.png,0,when one of your neighbor's needs help now this looks like a job for me
62537,img/62537.png,0,charlie sheen after his tigers blood kicks in
62541,img/62541.png,0,go shorty hit your birth weight
62571,img/62571.png,1,who said that women can't park
62573,img/62573.png,1,i just squirted tranny fluid
62578,img/62578.png,1,another khuuun tiger woods claims hes not black despite his father being black
62580,img/62580.png,0,lawdi what wrong with these cherr'n?
62589,img/62589.png,0,what i say about the gunman every time there's a mass shooting
62590,img/62590.png,1,your race card has been declined do you have another form of argument?
62597,img/62597.png,0,whatever we once were we are still one nation
62705,img/62705.png,1,do you want to know the real reason they don't want 5.7 million muslims rioting in their streets the french government hasn't mentioned terrorism?
62710,img/62710.png,1,what's shibe's favorite thing to eat? n_ggers a: nuggers
62713,img/62713.png,1,"israel must be destroyed no you scumbag piece of dogshit, daughter of a syphilitic pig you will be destroyed"
62731,img/62731.png,0,"wait, mohammad come back!! i didnt meah to laugh, really size doesn't matter to me lol"
62739,img/62739.png,0,lmao laugh my ass off
62745,img/62745.png,0,you can be happy and smiling in any situation
62751,img/62751.png,0,if being racist means i don't want my country turned into a pile of rocks
62758,img/62758.png,1,"i am sikh and tired of being called muslim! we're the 7-11 people, not the 9/11 people!"
62789,img/62789.png,0,vw owners be like hmm_must be a tdi meet
62791,img/62791.png,0,that's black people for ya what did you expect
62804,img/62804.png,0,look at this throatagraph
62805,img/62805.png,1,"it hurts the poor muslim's feelings? well, whoopty doo... this aint arabia meathead"
62814,img/62814.png,1,"roses are red, violets are fuck i count to potatoe, then to firetruck"
62815,img/62815.png,1,donald trump wall cop or muslims no mexicans don't mess with his wall!
62831,img/62831.png,1,converted to muslim ? why would you think that?
62840,img/62840.png,1,"schnazi the dachshhund ""i have eliminated the chews"""
62843,img/62843.png,0,when u stop being shy around new people but u start getting annoying why are you like this
62849,img/62849.png,1,cumshot on jewish girl face - 1943
62850,img/62850.png,0,when a cop gets his first gun
62851,img/62851.png,0,"i need all stolen, funny & offensive memes posted right here.. expeditiously!!!"
62854,img/62854.png,0,turn up for what
62859,img/62859.png,0,i've been told to take a shower all of my life
62891,img/62891.png,0,everyone has a choice
62904,img/62904.png,0,this is why we shoot you guys
62913,img/62913.png,1,nipsey hussle?? didn't that boy pick cotton for me
62931,img/62931.png,1,i'm sure people who lived in the bible where whites there's no way black people would kill someone who turned water to wine
62934,img/62934.png,0,when you strive to be a real life picasso painting
62941,img/62941.png,0,brace yourself disappointment is coming
62947,img/62947.png,0,"when your ex says ""you won't find a b*tch half the woman i am"""
62971,img/62971.png,0,"anything * y o u * can do, i can do better i can do anything better than you ! !"
62981,img/62981.png,0,i just chased 25 000 high paying jobs out of new york imagine what i'll do for the rest of the country hold my beer
62985,img/62985.png,0,no image
63012,img/63012.png,0,they're just like eggs better when beaten well
63025,img/63025.png,1,when the serb kid starts talking mad shit
63028,img/63028.png,0,when your fifth wife eats grass from another guys hand
63029,img/63029.png,0,someone collect this white trash
63041,img/63041.png,1,minnesota rep. ilhan omar (d) calls to defund homeland security well she is a terrorist so.
63042,img/63042.png,1,how do you kill 1000 flies with one hit? punch a somali in the face
63051,img/63051.png,0,life is like belgium some times you just have to march through it
63052,img/63052.png,0,when your son claims he can lead the troop
63057,img/63057.png,1,smh kids these days rely too much on technology
63074,img/63074.png,0,when japan thinks you're gonna invade their mainland
63078,img/63078.png,1,"when you fuck a black guy cuz you thought they all had big dicks, but it was small, and now your purse is missing"
63087,img/63087.png,0,"illegal immigrants bring drugs, crime, and rapists yeah. we know"
63092,img/63092.png,1,chances are that god was black because he didn't even raise his son
63095,img/63095.png,0,when you have errands to run but you're too tired to deal
63104,img/63104.png,0,i did the math we can't afford the cat
63105,img/63105.png,0,new zealand: dozens dead in mass shooting usa: -first time?
63124,img/63124.png,0,"""never forget"" -you said.. i am the proof you have forgotten"
63129,img/63129.png,1,i'm awesome on the piano but i suck on the organ
63140,img/63140.png,0,and then i said homosexuals can go to heaven
63150,img/63150.png,0,my favorite vegetable is me!
63159,img/63159.png,0,i am racist i vote for donald
63174,img/63174.png,0,"i had a little broblem at school today, but i solved it. -oh, and here's your gun back"
63182,img/63182.png,0,my wife just got a seashell tattoo on her inner thigh if you put your ear to it you can smell the ocean
63185,img/63185.png,1,when the prostitute's a tranny so you cut her dick off improvise. adapt. overcome
63187,img/63187.png,1,"gaming in north korea if you die in game, you die in real life"
63192,img/63192.png,0,can i have my razor back please?
63201,img/63201.png,0,open your heart for those in need
63207,img/63207.png,0,a rare photo of obama's birth
63210,img/63210.png,0,he looks hammered to me better nail him!!!
63217,img/63217.png,0,when you're facetimeing and accidently fall down the stairs
63250,img/63250.png,0,just found out steroids make your dick small
63251,img/63251.png,1,"when you're fuhrking her from the back and she says ""i'll pay the gas bill daddy."""
63275,img/63275.png,0,what do you mean happy columbus day?
63281,img/63281.png,1,muslims muslims
63285,img/63285.png,1,"he's like 20 and still plays video games bitch please, yall 15 and pregnant"
63289,img/63289.png,0,captives being brought on board a slave ship on the west coast of africa
63290,img/63290.png,0,everyone else's butt vs my butt
63295,img/63295.png,1,why isn't my drain working? probably cause the pipe's black
63410,img/63410.png,0,"old people at weddings always poke me and say ""you're next."" so, i started doing the same thing to them at funerals"
63412,img/63412.png,0,when duty calls!
63415,img/63415.png,0,when the pope addresses the people he does it with a smile
63417,img/63417.png,0,joe: you were a mistake curious george obama: you'll be a bigger one creepy joe
63418,img/63418.png,0,damn! who am i gonna have to fuck to get this fixed
63451,img/63451.png,0,the democrat agenda 1. impeach trump 2. raise taxes 3. shield illegals 4. gun control 5 weaken america share immediately if you have had enough!
63452,img/63452.png,1,this is nahir nahir is born in germany nahir is german this is fluffy fluffy is born in horse stable fluffy is a horse
63472,img/63472.png,0,still wondering why i was sweating watching cops
63492,img/63492.png,0,making america white again
63501,img/63501.png,0,for just ten cents a day you can have delicious hand jerky
63510,img/63510.png,0,"for heaven's sake, somebody get her more barbecue sauce"
63517,img/63517.png,0,they will have a surgery soon
63520,img/63520.png,1,when black people make white jokes when white people make black jokes
63524,img/63524.png,0,islam is a religion of peace if you don't agree then you're ignorant
63548,img/63548.png,0,we said we would never forget why are you voting them into our governement?
63572,img/63572.png,0,it's peanutbutter jelly time!!!!
63578,img/63578.png,0,i don't think he understands the gravity of his situation
63579,img/63579.png,1,53% of white women voted for trump 53% of white women should look like this
63580,img/63580.png,0,great at making martinis terrible at stealing tambourines
63581,img/63581.png,0,wants you to accept him for being a girl couldn't accept himself at birth
63587,img/63587.png,0,"enemies. was i right?! surrounded by perverts and now, you are bankrupt, after wwii, i said 'we defeated the wrong enemy.'"
63589,img/63589.png,0,the look you give your mans when he's cute but kinda dumb
63594,img/63594.png,0,new dishwasher came in today missing a few parts though .
63702,img/63702.png,0,"assad: my son is smarter than yours, lol hamid:"
63709,img/63709.png,0,i love pudding pudding my dick where it doesn't belong
63710,img/63710.png,1,literally nobody: white people sitting at the bar: can you put it on the golf channel??
63712,img/63712.png,1,and that was the last nativity play my son was invited to take part in
63714,img/63714.png,0,look at me i'm the president now
63715,img/63715.png,0,this cat is getting raped tonight
63718,img/63718.png,0,i should not be expected to pledge allegiance to any country including america dem representative ilhan omar quote
63720,img/63720.png,0,i dont like sandwiches . oh well nevermind ..
63741,img/63741.png,0,never again
63749,img/63749.png,0,"it looks like you're pregnant i'm pregnant?! no, but it looks like you are.."
63758,img/63758.png,0,lonely devil on halloween
63784,img/63784.png,1,these were the faulty wires that caused the fire at notre dame cathedral
63798,img/63798.png,0,this is a long train but it's still smaller than the ones we ran on your mom in high school
63804,img/63804.png,1,this is the muslim brotherhood
63805,img/63805.png,1,don't shoot im unarmed
63812,img/63812.png,0,why did paul walker cross the road? he wasn't wearing his seatbelt ifunny.co
63814,img/63814.png,0,when you're at your batchelor party and you realize that all the money in the stripper's g-string has your grandma's picture on it
63845,img/63845.png,0,when you move away from india and find out you can't shit in the streets
63850,img/63850.png,1,each color is a mental disease
63859,img/63859.png,0,kkk member doing the nazi salute
63871,img/63871.png,0,you can be any gender you want if you are mentally ill
63890,img/63890.png,0,"they struck our colors and raised their own if you are not pissed, then you are part of the problem!"
63894,img/63894.png,1,gay conversion therapists hate this man learn how he cured the gay with this one weird trick
63902,img/63902.png,1,how you look when youre black and you celebrate the 4th of july
63905,img/63905.png,1,i'm a feminist and i work to protect rights of women . calm down.. i didn't mean muslim women
63910,img/63910.png,0,dude i'm joking grandma didn't use your pacifier as a butt plug
63917,img/63917.png,0,if he's marrying me then why's he fucking a goat
63920,img/63920.png,0,my customer service face vs how i actually feel
63924,img/63924.png,1,how can this be allowed a free home and benefits? when this man was allowed to die on the street after serving this country
63941,img/63941.png,0,girl problems? throw acid on that bitch
63952,img/63952.png,0,on the way to go play
63954,img/63954.png,0,bubbles of fun !
63957,img/63957.png,0,man caught having sex with a feminist at the beach
63981,img/63981.png,1,look son another terrorist attack by peaceful muslims!
63985,img/63985.png,1,i am not a racist i just don't appreciate being mouthed off to by farm equipment
64015,img/64015.png,1,manditory vaccinations with no exemptions i do nazi the problem...
64017,img/64017.png,0,those fucking russians
64025,img/64025.png,0,hitler giving his speech to german people
64027,img/64027.png,1,"""islam is love!"" - ariana grande yeah, if you're a goat"
64029,img/64029.png,0,this goat is so raw muslims are trying to fuck it!!
64051,img/64051.png,1,celebrating the ebt card. oh snap
64059,img/64059.png,0,don't make me kill yourself because that's how you get me to kill yourself
64078,img/64078.png,1,watch out i'll put a bomb in your car
64087,img/64087.png,1,"when you cousin gives you a christmas gift and its not a blowjob so, thanks for nothing. merry christmas"
64089,img/64089.png,1,when you see a black guy in your store but he isn't trying to steal anything impossible
64093,img/64093.png,1,i married my brother to commit immigration fraud
64097,img/64097.png,0,caitlyn jenner is having a good hair day
64127,img/64127.png,0,literally nobody: white people sitting at the bar: can you put it on the golf channel??
64128,img/64128.png,0,heeeeaad shoulders wheel and frame wheel and frame
64130,img/64130.png,0,the look on your face after killing someone!
64137,img/64137.png,0,just think of this as the day the bad music died
64138,img/64138.png,0,proper plating technique
64153,img/64153.png,1,ancestry.com the results are in
64157,img/64157.png,1,damn they really out here thinking they making it to class
64172,img/64172.png,0,bro you didn't go through extensive childhood trauma? that's pretty cringe
64175,img/64175.png,0,"felt cute, might go sit down to pee idk"
64190,img/64190.png,0,i hate when i see a black out in my neighborhood but i still offer my neighbors a candle
64193,img/64193.png,1,you just ran past full retard and went straight to potato
64197,img/64197.png,1,"muslims zombies both carry a virulent disease that transforms the host into a mindless, irrational, and above all violent creature"
64198,img/64198.png,0,no one: people when you nod at them:
64207,img/64207.png,1,me and the boys after killing innocent people in a bomb blast
64215,img/64215.png,0,gays hanging out in the muslim world
64273,img/64273.png,1,when cops see an unarmed black youth:
64280,img/64280.png,0,""" i don't wanna, just get it, get it, get it, get it (that shit is so hard) chance the rapper ""the big day"""
64283,img/64283.png,0,when you're caught staring at a goat and your wife gives you that face
64285,img/64285.png,0,"shut the fuck up incel all are welcome here, racist cuck"
64287,img/64287.png,1,seriously mate... what's the fuckin point?
64291,img/64291.png,0,if jesus rode ass why do christians hate gay people?
64293,img/64293.png,0,thats what happens when you say you wanna catch these hands
64301,img/64301.png,1,"""gee elmo... i didn't think my long beak was promoting rape culture. but if you learned about feminism on the internet you must be right!"""
64309,img/64309.png,0,kylie's pregnant i'm gonna be a tranpa !
64318,img/64318.png,0,when they take too long to blow out the candle
64320,img/64320.png,0,i said glass of juice not gas the jews
64321,img/64321.png,0,how i see a gorilla when hes 100 years old
64325,img/64325.png,0,i hurt my knee the other day but still gonna go christmas shopping
64327,img/64327.png,1,black people then black people now
64329,img/64329.png,1,i like my coffee like i like my slaves extra dark
64350,img/64350.png,1,muslims and jews to the fuck off department muslims and jews to the fuck off department
64359,img/64359.png,1,feeling cute may go out with my cousins later
64385,img/64385.png,0,there must be some way this victimizes me
64390,img/64390.png,0,hot wax really whack
64513,img/64513.png,0,yo dawg i heard you loved chinese food so i ordered take out
64520,img/64520.png,0,oh sike
64523,img/64523.png,0,you've been hungerstruck!
64531,img/64531.png,0,don't let that sit out for too long
64532,img/64532.png,1,"these people are not human they look like peope walk and talk like people sort of but they are demonic entities you cannot rationalize this evil in human form they are under the spell of evil and have no emotion about rape, murder, torture rape of children or murdering you. your life means nothing to them get it?? nothing"
64590,img/64590.png,1,damnit! dishwasher's broke again
64592,img/64592.png,0,what pelosi is saying in a nutshell if you don't allow unvetted immigrants to illegally enter the country we'll take away your guns
64593,img/64593.png,0,mr. wilson you have to take your pill with water you can't crush it up and snort it off my tits
64701,img/64701.png,0,"well judge, made me do it all remember it was me who first said was kenyan"
64705,img/64705.png,0,who was the greatest prostitute in history? ms. pacman for 25 cents she swallowed balls until she died
64708,img/64708.png,1,spending quality time with dad
64709,img/64709.png,0,you can say a lot of bad things about pedophiles but at least they drive slowly past schools
64720,img/64720.png,1,randomly deciding to bake something
64721,img/64721.png,1,danish bacon ... it's gonna rock your world
64723,img/64723.png,1,blowjobs buy one get one free
64752,img/64752.png,1,when your dishwasher asks you to take out the trash  i think it has a mind of its own
64753,img/64753.png,0,"life is hard, it's harder when you're stupid"
64758,img/64758.png,0,when ur so excited to beat the essential oils out of a manbun that you almost snap your hippie stick
64780,img/64780.png,0,"whats the difference between ray rice, kareem hunt, tyreek hill and the man pictured here: he played 14 game seasons"
64781,img/64781.png,0,meanwhile at the isis strip club
64789,img/64789.png,0,black lab yellow lab chocolate lab meth lab
64805,img/64805.png,1,"we will kill every man, woman, child shia, sunni.... zoroastrain, kurd or christian but we don't touch israel why is that?"
64820,img/64820.png,1,strike fear in the hearts of the infide.. shut! up!
64821,img/64821.png,0,hope and change i built that
64825,img/64825.png,0,what if i told you dahyun is the best girl
64839,img/64839.png,1,run forrest!!! run!!! :d
64853,img/64853.png,1,the black ranger do you really think they were just talking about his costume? your argument it's completely valid!
64870,img/64870.png,1,they elect their enemy to rule over them stupid americans
64890,img/64890.png,0,this chicken is so rubbery goodyear called and asked for the recipe!
64901,img/64901.png,1,michelle obama sighted sun bathing in afghanistan
64902,img/64902.png,0,i'm dreaming of a white christmas
64905,img/64905.png,0,when you get to choose your own mental illness
64910,img/64910.png,0,"the government i can offer you security, i require only that you kneel conservatives now see, that's gonna be a problem"
64913,img/64913.png,1,get in loser we're invading poland
64918,img/64918.png,0,we're his kids and he hasn't returned yeah this makes sense
64925,img/64925.png,0,when you have the privledge to carry anything on
64935,img/64935.png,0,why u add me troll no trolls allowed !!! you the feds?
64957,img/64957.png,1,when your dishwasher is ready for another load
64958,img/64958.png,0,look son an idiot
64978,img/64978.png,0,free tommy robinson hes are nashunal hero!!! today i'll prove you're the dad!
64982,img/64982.png,0,when the mueller report indicates there will be no further indictments
65012,img/65012.png,0,when you actually get a job in the same field that you majored in child safety now child safety tips from a former pedophile
65017,img/65017.png,0,when you get married to the guy your parents didn't like
65019,img/65019.png,0,when black dick just ain't cutting it anymore
65024,img/65024.png,0,i don't always get called a homophobe but when i do the people saying it always look like retards
65037,img/65037.png,0,muslims contributing to the very fabric of our nation
65041,img/65041.png,0,"when it is time, rest assured america. when the enemy brings it to our soil, we will bring it to them we dipped this shit in bacon grease mixed with bacon juice smothered in hate"
65043,img/65043.png,0,extra thicc
65073,img/65073.png,1,jews and americans will ruin the world
65087,img/65087.png,0,when you're the gay friend and also the meme lord
65092,img/65092.png,0,forcing children into religion is child abuse religion has to be taught. it's not natural 
65094,img/65094.png,0,"in 8 yrs i improved life for millions of illegal aliens, every muslim terrorist group & basically everyone i could except the one country i was responsible for"
65098,img/65098.png,0,and you think confederate statues are offensive?
65102,img/65102.png,1,a muslim was here
65103,img/65103.png,0,mornings be like
65108,img/65108.png,0,has anyone seen gary? gary is about this tall
65124,img/65124.png,0,"hmmm... who shall i arrest first brennan, clapper, comey or obama? hillary first!!"
65129,img/65129.png,0,mixed vegetables
65139,img/65139.png,1,they told me i would miss my family i never miss at close range
65140,img/65140.png,0,those fucking idiots
65147,img/65147.png,0,look son a fucking idiot
65149,img/65149.png,0,terrorist: islam me: what do you do? terrorist: slam slam my car car into people me:
65178,img/65178.png,1,america is for americans period! i agree. why don't you go back to europe
65179,img/65179.png,0,how i see kim burell everytime she grabs a mic
65183,img/65183.png,0,poor children of every color picked cotton open a book and gain some knowledge
65187,img/65187.png,0,this is the result of letting muslims in
65189,img/65189.png,0,i just sharted ... my protein shake
65201,img/65201.png,0,well split my dick and call me caitlyn
65203,img/65203.png,0,"it looks like it was ultimately obama who was behind the entire plot to undermine the trump presidency forget the russians, here is the real enemy!"
65204,img/65204.png,0,wanna impress me bitch jump in the air and stay there
65207,img/65207.png,0,it can't be homicide if there is no race
65213,img/65213.png,0,"what your ancestors were doing july 4, 1776 what dummies do today for july 4th"
65217,img/65217.png,0,an expensive gas bill? i did nazi that coming
65231,img/65231.png,0,why god created women? same reason it created men
65237,img/65237.png,0,showing skin '' since you don't have anything else to offer '
65238,img/65238.png,0,little boy gets a new hand man loses a hand
65240,img/65240.png,0,wing wing wing herro? thats racist!
65248,img/65248.png,0,when you have a small dick and tell a jewish girl to suck it. i can't
65273,img/65273.png,1,only israelis can knocks the teeth out of a 6 yr old girl
65274,img/65274.png,0,"for those of you ignorant to history there has already been a ""march for our lives"" and they were already disarmed!"
65283,img/65283.png,0,a mother speaking to her deaf child using sign language
65289,img/65289.png,0,the ruling on the field stands mr. hernandez did not get both feet on the ground in time
65298,img/65298.png,0,vegetable soup
65301,img/65301.png,0,don't be racist hate everyone
65308,img/65308.png,1,"hello, maria? yes your uber has arrived"
65312,img/65312.png,0,flights now offered directly to your office
65319,img/65319.png,0,"when you forget who you are, you too forget who they are"
65320,img/65320.png,0,what's the difference between a cow and the holocaust? you can't milk a cow for 75 years
65328,img/65328.png,0,how to get a black guy to see his baby
65341,img/65341.png,0,"i'm offended, you can't say that! nooooo, i can, i did and i probably will again!"
65349,img/65349.png,1,all woman or all tranny?
65371,img/65371.png,0,good fences make good neighbors bad neighbors make good fertilizer
65378,img/65378.png,0,drink bleach.. then you can be white on the inside and out!
65380,img/65380.png,0,is your name winter? because you'll be coming soon
65389,img/65389.png,1,"never take a man who takes a lot of selfies seriously either he's gay, thirsty, arrogant, or needs attention like a female"
65392,img/65392.png,1,kylie's pregnant i'm gonna be a tranpa !
65407,img/65407.png,0,and there i was giving epstein a blow job
65413,img/65413.png,0,the thing about deeply depressed people is we don't smile with our teeth we smile with our eyes
65429,img/65429.png,0,"""why do you keep pressuring me to do anal ?"" me: so much to do, so much to see, so what's wrong with taking the backstreets ?"
65432,img/65432.png,1,rare photo of two us soldiers held up in japanese war camp
65478,img/65478.png,1,"when your wife is secretly a dinosaur, and you don't find out before she givs birth to four crossbreed raptors"
65491,img/65491.png,1,by allah you had better say islam is a religion of peace or i'll kill you!
65703,img/65703.png,0,this is result or war
65704,img/65704.png,0,when you find out there's an opening for the role of chewbacca
65708,img/65708.png,0,i won a gift card for blockbuster
65712,img/65712.png,0,how come you want me to remember what's important to you but tell me to get over what's important to me ?
65728,img/65728.png,0,look son a dipshit that just made a nonpolitical post into a political one
65730,img/65730.png,1,"last year tyrone got a new job, started building his credit, and spending more time with his kids then something amazing started to happen!"
65732,img/65732.png,0,"""white people be like .. ""hunting is a sport"""
65739,img/65739.png,0,that look when you wanna cut a bitch but you're a better person than that
65741,img/65741.png,1,where's jaws when you need him ?
65743,img/65743.png,1,mommy look! an indian man! don't look at them ricky. i don't want you to be influenced by...ohgodno rickyyy show bobs and vagene pls
65782,img/65782.png,0,these were the men protesting there right
65789,img/65789.png,0,so then i pied the corner and smoked his ass
65794,img/65794.png,0,when you have a second hobby no one knows about
65804,img/65804.png,1,"""so i'm expected to walk on eggshells in my own country just so i don't offend some 7th century islamic goat humpers who ain't figured out yet this is the 21st century???"" ""what the hell kinda meat headed bullshittery do you call that?!??"""
65807,img/65807.png,1,thanks for the shirt asshole
65809,img/65809.png,1,jewish invention ''
65814,img/65814.png,0,impregnable to logic
65817,img/65817.png,1,15 bucks for sex isn't normal but on meth it is. meth rolling back prices farther than wal-mart
65819,img/65819.png,0,next time don't get pregnant
65824,img/65824.png,1,when you want to win but you're already 5 down before you even start
65829,img/65829.png,0,"about these ""russians"", do you see them often? are they in the room with us now?"
65843,img/65843.png,0,it is time.. to meet king arthur at the round table
65871,img/65871.png,0,a brown girl studying for example
65892,img/65892.png,0,so this is heaven? i hate it
65904,img/65904.png,1,what do you do? i am a model. i do modelling on instagram what do you do? i am a soldier i kill women and minorities
65908,img/65908.png,0,never had one before. what? a room to yourself? a white bitch
65914,img/65914.png,0,good morning
65930,img/65930.png,0,when you're losing an argument against your black friend
65931,img/65931.png,0,"hey, me and ze boys are throwing a kegger at ze moon tower all reich,all reich,all reich!,"
65940,img/65940.png,0,all animals are our friends!
65978,img/65978.png,1,"black girl with green contacts? bitch, stop it. you look like an xbox"
65980,img/65980.png,0,i just ran over nancy pelosi you're welcome
65981,img/65981.png,1,ok nigger
67014,img/67014.png,0,"""if i'm indicted, i'll take half of dc with me."" actually, i'll be sending half of dc with you"
67021,img/67021.png,1,pork is unclean? ever smell one of these goat fuckers?
67024,img/67024.png,1,shhh...the christians think this holiday is about jesus. wait until they discover it's traditionally celebrated with orgies!
67029,img/67029.png,0,i only wear silk panties cotton ones remind me of slavery
67031,img/67031.png,0,"""you forget to turn off your cooker in time and steam and water everywhere"""
67041,img/67041.png,0,that feeling you get when a goat's hair tickles your balls
67043,img/67043.png,0,the only time you can hang out with your best friend is when you go fishing
67048,img/67048.png,0,now at home depot check out the new kenyan fly strip
67051,img/67051.png,0,"banned for life from twitter for criticizing a movie. used twitter to promote a hoax hate crime, risking an entire race war. still on twitter"
67054,img/67054.png,0,if i identify as a dog can i poop in your yard?
67058,img/67058.png,1,what do you do when your dishwasher stops working? slap her on the ass and tell her to get to work
67059,img/67059.png,1,"if you believe that, i've got a virgin goat to sell you!"
67084,img/67084.png,0,creeps into your childs room empties his sack
67091,img/67091.png,0,"yeah bitches 6,000,000 kill streak"
67092,img/67092.png,0,when your teacher and classmates make fun of you for being bad at math so you decide to teach them 7.62x39
67109,img/67109.png,1,"#lagostoibadan men are scum, men are scum but you still go 154km for cum"
67124,img/67124.png,0,when you're discussing serious libertarian issues and a trump supporter pops in to agree with you
67125,img/67125.png,0,just ordered the new anne frank puzzle
67129,img/67129.png,1,i only wear silk panties cotton ones remind me of slavery
67130,img/67130.png,0,when you eat her ass and then she say that she don't suck dick... wayment
67132,img/67132.png,0,...and there goes another hater
67138,img/67138.png,0,the only fuck i have left to give andddddd there it goes
67142,img/67142.png,1,baby look like he pay his own child support
67143,img/67143.png,0,sex is all fun and games until someone has to sleep in the wet spot
67148,img/67148.png,0,when you're nuts deep in a nasty hooke and feel something bit your dick there's a baby in this dumpster
67159,img/67159.png,1,christianity making white people stupid for the past 2000 years
67180,img/67180.png,0,ilhan omar sporting her beautiful purple hijab
67183,img/67183.png,1,"jesus take the wheel. carlos, you take the stereo. and i'll take lookout"
67190,img/67190.png,0,a fire cracker
67193,img/67193.png,1,goes on ancestry.com instead of match.com
67194,img/67194.png,1,a black chinese now i can die in peace chigga
67195,img/67195.png,1,there's no better time to combine out efftorts than now! blacks whites team - together everyone achieves more
67198,img/67198.png,0,happy and stupid
67201,img/67201.png,0,you're telling me i can't pick my bedtime but i can pick my gender?
67205,img/67205.png,0,when your group has a bunch of inactive members in it... hey... do stuff..
67214,img/67214.png,1,"""do you have a moment to talk about bacon?"""
67219,img/67219.png,0,that's right white crackers
67241,img/67241.png,0,smile it's your birthday!
67243,img/67243.png,0,no border walls and no voter i.d. laws... ...figure it out yet??
67250,img/67250.png,0,beats by dre beats by tyrone
67254,img/67254.png,0,xzhibit wearing new jewery
67259,img/67259.png,1,"what a long day. i can't wait to get in the pool with my online friends on habbo hotel on this date, july 12, 2006 what the fuck do you mean, ""pool's closed""? i fucking hate niggers"
67283,img/67283.png,0,i'm trying to put a load in the dishwasher him: let me help you!
67298,img/67298.png,1,who is michael lavaughn robinson? michelle obama? the tranny revealed
67309,img/67309.png,1,deport illegal immigrants? let's start with white people
67312,img/67312.png,0,the 70's $5 to see the greatest band live in concert 2000's $100 to see a laptop... live
67318,img/67318.png,0,asked for romantic sex sticks a lit candle up my ass
67319,img/67319.png,0,happy birthday sister
67325,img/67325.png,0,bombbbssss awayyyyyy
67328,img/67328.png,0,happy president's day mr. president!
67342,img/67342.png,1,jihadi magazine's miss december
67348,img/67348.png,0,"kevin durant is 12-8 without stephen curry stephen curry is 20-0 without kevin durant no curry, no chip"
67352,img/67352.png,0,play stupid games win stupid prizes
67354,img/67354.png,0,saved up for a new macbook bought an equivalent pc and a car instead
67384,img/67384.png,1,what's hillary's favorite pizza? little seizures
67385,img/67385.png,1,"dark humor is like hitler some people call it wrong, , but i find it completely justified"
67394,img/67394.png,0,once you go black so does your eye
67398,img/67398.png,0,well look at you i've never fingered a potato
67402,img/67402.png,0,i like my rice crispy please
67413,img/67413.png,0,"when you find a shooter the same day you plan a bombing, so you team up"
67415,img/67415.png,1,the tranny your you been girlfriend fucking
67420,img/67420.png,1,human rights and democracy english style australia 1904
67431,img/67431.png,0,when you go to war with china it's the fifth time i killed that guy
67438,img/67438.png,1,white parent black parent
67439,img/67439.png,1,disgusting if u have ever dated a nigger and ur white kill yourself once you go black you'll be a single mom for the rest of your life disgusting
67481,img/67481.png,1,"keep yelling, motherfuckers allah be with you shortly"
67485,img/67485.png,0,i'm going to prison aren't i ?
67491,img/67491.png,1,slave ship sailors when they found africa for the first time looks like these black creatures really mean business!
67492,img/67492.png,1,when you're given an n-word pass but you can't help but still be super white howdy-ho negroes
67498,img/67498.png,0,biggest mistake in american history
67504,img/67504.png,0,that moment you realize if you turn your head you're a dead man
67512,img/67512.png,0,in alcohols defense i've made some pretty shitty decisions while sober
67521,img/67521.png,1,i am a gamer not because i don't have a life but because i hate women and minorities
67528,img/67528.png,0,i am not racist i just don't like brown sugar
67531,img/67531.png,0,apparently the british public can't put their finger on the problem
67541,img/67541.png,1,turn down for what
67543,img/67543.png,1,transgenderism used to be the subject of psychological horror films now it's the new normal and if you don't agree with the psychos... you're not normal
67548,img/67548.png,0,when you do a fat rail but you still feel down
67580,img/67580.png,0,why love one but eat the other ?
67581,img/67581.png,1,no one: white people when you nod at them:
67582,img/67582.png,1,arrest white babies before they become school shooters
67801,img/67801.png,1,if there is no race it can't be homicide
67802,img/67802.png,0,america sucks. conservatives are racists. rich people are evil. give me your money. the 2020 democrats!
67809,img/67809.png,0,fuck tryin' to please people that can't be pleased life is too short!
67810,img/67810.png,1,why are liberals so angry? its not like republicans can take their slaves away again.
67823,img/67823.png,0,as much as abdul tried he could not get the fucker into first gear
67831,img/67831.png,0,being republican is as easy as laundry you just separate the whites from the colors
67835,img/67835.png,1,i think i almost got my dishwasher working
67842,img/67842.png,1,if he's marrying me then why's he fucking a goat
67843,img/67843.png,1,would you look at that this dryer comes with a free dishwasher
67849,img/67849.png,0,fuck you america!
67852,img/67852.png,1,he asked me if its permissible to smoke marijuana in muslim country. so i told him in our contries only gays get stoned
67859,img/67859.png,0,lets hope that one day our landfills don't look like this anymore
67892,img/67892.png,1,did you say dude blew his tranny???
67894,img/67894.png,0,what's the difference between a jew and a pizza a pizza doesn't scream in the oven
67904,img/67904.png,0,good luck hillary don't blow it
67913,img/67913.png,0,see here's your mistake you added a fuck that i didnt give
67915,img/67915.png,0,when you've finished with your life of crime
67938,img/67938.png,0,i haven't seen a taco this shitty since my wife started wiping back to front
67943,img/67943.png,0,"i'm making fuck off pie today 1 can of nobody cares, a dash of kiss my ass, add some fuck you's, stir, then shove it up your ass. now fuck off!"
67948,img/67948.png,0,that's black people for you what did you expect?
67953,img/67953.png,1,only 30's kids will remember this
67980,img/67980.png,1,from 16 indictments to nothing! thanks 'white privilege!'
67983,img/67983.png,1,burn them all that's my girl
67984,img/67984.png,1,i'm not sexist sexism is wrong and being wrong is for women
68019,img/68019.png,1,"""i'm pregnant with your son, i trust that you'll be a good father"" ""aight babe, i'm goin for a drive"""
68025,img/68025.png,1,yeah okay nigger
68042,img/68042.png,0,i think i almost got my dishwasher working
68079,img/68079.png,0,what's the difference between a walrus and a lesbian? one smells like fish and has a moustache and the other is a walrus!
68094,img/68094.png,1,black boyfriend white boyfriend
68120,img/68120.png,1,fleshlight
68137,img/68137.png,0,that friday vibe be like
68145,img/68145.png,1,"you will never see refugees from america. when things turn to shit, we don't run to another country. we dust off our guns and fix it"
68154,img/68154.png,1,the look he gives you when you're the new goat in town
68159,img/68159.png,0,learning to ride a bike
68179,img/68179.png,0,opens ice cream shop only sells shakes
68193,img/68193.png,0,when you wore the wrong thawb
68194,img/68194.png,0,"barn army enlist, and bomb ant hills ""grab your pitchfork and meet at the barn"""
68201,img/68201.png,0,how does he drive his car? he hits the gas
68204,img/68204.png,0,when you realize what you walked into
68213,img/68213.png,0,victoria police introduces a new weapon to fight apex gang
68231,img/68231.png,0,meanwhile at the isis strip club
68245,img/68245.png,0,when the lot lizard says she'll do anything for 10$
68249,img/68249.png,0,"told you back in 1980 the bushes were liberals in republican clothing, just like mccain"
68254,img/68254.png,0,i seriously need a good fucking from something other than life
68259,img/68259.png,0,instructions on how to come for me 1. dont
68270,img/68270.png,1,all part of satan's plan. the anti christ will come from this
68294,img/68294.png,0,sweet home allahbomber
68307,img/68307.png,0,just like that democrats who said you aren't mature enough to own a gun til 21 decided you are mature enough to vote on laws about guns at 16
68309,img/68309.png,1,"actually retard, the muslims aren't the problem the problem is that pussies are stopping us from killing the muslims"
68324,img/68324.png,1,im living in downtown
68325,img/68325.png,1,"it happend mom, a black guy gave me complement ohhh sweety i'm so sorry. that means you need to lose about 30 pounds"
68327,img/68327.png,1,"the original people of americas then social status classifications negro & indian now same phenotype, different social status classifications"
68329,img/68329.png,0,i just hear my girlfriend is pregnant
68342,img/68342.png,1,this one time at camp we got so baked
68349,img/68349.png,1,this is the result of letting muslims in '' ''
68370,img/68370.png,0,interviewer: can you demonstrate your problem solving abilities ? me:
68371,img/68371.png,1,thankfully youtube blocked those videos or she might have popped even more people in their office
68374,img/68374.png,1,oh boy i freaking hate niggers
68379,img/68379.png,1,i can put up with muslims killing canadians but i absolutely will not tolerate canadians criticizing muslims
68390,img/68390.png,1,we want sharia law!! then go the fuck home
68391,img/68391.png,0,where is the black guy?
68407,img/68407.png,1,that look when your father sells you for a goat
68417,img/68417.png,0,don't be a pooper
68423,img/68423.png,0,don't get me started about your tranny problems
68429,img/68429.png,0,it doesn't matter if you unlike my picture i already got the notification
68431,img/68431.png,1,if you lick a woman's clit for 20 minutes she will revert to factory settings and all's forgiven
68450,img/68450.png,0,"""she said ""i want a ring"" i said ""bitch take your phone off silent! """
68472,img/68472.png,1,happy and stupid
68503,img/68503.png,1,when the muslim pulls out a bomb from his bag it's so fucking big
68507,img/68507.png,1,black chicks even the white ones are ugly
68512,img/68512.png,0,what's that smell?
68517,img/68517.png,1,excuse me goy do you have a minute to talk about the holocaust?
68520,img/68520.png,0,white trash not marriage material
68521,img/68521.png,0,not all men just want sex some just want to walk and talk about how ridiculous our firearm laws are
68527,img/68527.png,0,pedal pedal
68531,img/68531.png,1,"killing black people is like saying the n-word.. they do it all the time, but get really angry when white people join in"
68540,img/68540.png,0,i'm sorry i made the chewbacca sound but maybe if you shaved next time...
68549,img/68549.png,1,"when she yells the safe word ""avocados"" but you don't stop cause what can she do about it"
68579,img/68579.png,0,"we don't always die, but when we do, we don't"
68592,img/68592.png,1,this red copper flipside can fit six wieners inside it just like your mom
68597,img/68597.png,0,when your heading out to a convention with buddies and you get misdirected
68713,img/68713.png,0,dad?!? the dishwasher and the sandwichmaker are on the fritz again
68715,img/68715.png,0,joke time ... 3 bomb technicians walk into a bar
68719,img/68719.png,0,when everyone thinks you're the bomb
68721,img/68721.png,0,abortion is a crime!!!
68730,img/68730.png,1,we said we would never forget why are you voting then into our government?
68731,img/68731.png,0,years after this event we have strong women of color in congress and it can only get better
68739,img/68739.png,1,white people: all asians look the same also white people:
68742,img/68742.png,0,"i've been told by a vegan that i should grow my food, not hunt it. does anyone know how to grow bacon?"
68745,img/68745.png,1,i'm a gnigger and you've been robbed
68751,img/68751.png,0,"until i invented the internet there was no medium for widespread, theatrical, self-affirming expressions of moral superiority"
68752,img/68752.png,0,very tired after group sex mohammed is
68753,img/68753.png,0,now there's a guy
68901,img/68901.png,0,little girl holding her new adopted brother for the first time
68903,img/68903.png,0,"he might only be here for part of your life but for him, you are his whole life"
68913,img/68913.png,1,"sorry, i only grope women"
68917,img/68917.png,1,what is the similarity between a matcha and a human? the black ones don't work
68934,img/68934.png,0,relax... we're all crazy... it's not a competition
68937,img/68937.png,0,"for those of you ignorant to history there has already been a ""march for our lives"" and they were already disarmed!"
68941,img/68941.png,0,an australian man kills 50 people in new zealand ~arv~ and the main stream media blames trump
68943,img/68943.png,0,i'm not racist drug dealer is black
68947,img/68947.png,0,fuck the enemy so hard their eyebrows bleed
68950,img/68950.png,0,"today in the news more 'peaceful muslims"" blowing up shit"
68951,img/68951.png,0,"if i get compared to michelle obama one more time, i'm gonna lose it!!!"
68954,img/68954.png,0,meanwhile at the isis strip club
68971,img/68971.png,0,literally nobody: white people sitting at the bar: can you put it on the golf channel??
68973,img/68973.png,1,and that was the last nativity play my son was invited to take part in
68975,img/68975.png,1,when a white person sees a black person being arrested our people are safe
69012,img/69012.png,1,when you're peeking on that 10\10 chick and about to nut but the school shooter pats you on the back and politely tells you to leave his corpses alone
69013,img/69013.png,0,i killed a mouse for you.. i'll do anything for you...anything
69014,img/69014.png,0,i had a dream but james earl ray had a remington
69017,img/69017.png,0,all was well in new york until the fire nation attacked
69018,img/69018.png,0,when you slap your dishwasher too hard
69024,img/69024.png,0,is my smile creeping you out? you need to tell me if my smile is creeping you out
69025,img/69025.png,1,"apparently you can get a pull start on your dishwasher, who knew"
69027,img/69027.png,0,life handed me lemons and i fucked them.. now my pee hole burns
69035,img/69035.png,0,"hello dispatch, white folks are celebrating killing other white folks for land that ain't theirs"
69041,img/69041.png,0,justin trudeau the imam of canada
69042,img/69042.png,0,"did i just hear grandma tell me ""no"""
69043,img/69043.png,0,1 got 99 problems and chromosomes
69052,img/69052.png,0,women should date men with beards beacuse growing a beard takes patience the kind of patience it takes to deal with your shit
69054,img/69054.png,0,when your crush says love girls who smoke
69057,img/69057.png,1,"today in the news more 'peaceful muslims"" blowing up shit"
69073,img/69073.png,1,women rights in islamic countries
69074,img/69074.png,0,mohammed i'm pregnant...
69078,img/69078.png,0,why did god create them? so they could understand each other and hate each other
69081,img/69081.png,0,me cis girls
69084,img/69084.png,0,she said i couldn't go fishing coz i had to mind the baby.. challenge accepted!!
69085,img/69085.png,1,i hate women so much i'm not even joking bro
69087,img/69087.png,0,i love pudding pudding my dick where it doesn't belong
69125,img/69125.png,1,police academy graduation ceremony
69128,img/69128.png,0,woman from tribe making flour
69130,img/69130.png,0,how do you circumcise a trump voter? kick his sister in the jaw
69134,img/69134.png,1,my momma always said your a white trash whore
69137,img/69137.png,0,new seat belt design 50% less accidents
69140,img/69140.png,1,"remember when illegal aliens just wanted to just go home? now they want free food, healthcare, and housing"
69158,img/69158.png,0,"i'm not an asshole, i'm a hemorrhoid. i irritate assholes"
69174,img/69174.png,0,this was the text i sent my sister fwd this to 10 ppl or u will die in a car crash before she died in a car crash
69175,img/69175.png,1,when your girl thinks it's cool to yell at you in front of company
69178,img/69178.png,1,"""dammit i said ""glass of juice"" not ""gas the jews!!"""
69203,img/69203.png,0,what hitler did was not just homicide he commited genocide
69205,img/69205.png,1,goatfuckers
69234,img/69234.png,0,do i need to dig up hitler to show you how to use an oven
69235,img/69235.png,1,looking at you sorry no cure
69237,img/69237.png,0,temptations
69250,img/69250.png,0,"if you're easily offended and looking for a ""safe place"" my page ain't it. move along snowflake"
69251,img/69251.png,0,when you're having an airheaded year
69253,img/69253.png,0,an artistic rendition of jesus
69258,img/69258.png,0,i'm really feeling it now
69305,img/69305.png,0,travel size coffee maker
69307,img/69307.png,0,who needs a human interaction when you've got a loyal animal companion
69312,img/69312.png,0,"just like everything else in his life he's inherited, trump inherited a strong economy from obama and took credit for it"
69327,img/69327.png,1,say allahu akbar again... ...go ahead...say it!
69342,img/69342.png,1,starving mexican monkey eating peanuts
69348,img/69348.png,0,"here's a simple grammar question leeroy! ""what comes between two intimate and independent clauses?"" a semicolon"
69351,img/69351.png,1,hey muslim eat me!
69357,img/69357.png,1,hey look at me! i'm a serial pedofile
69380,img/69380.png,1,adding coolant when the farm equipment overheats
69402,img/69402.png,1,"socialists want to disarm us and make us use trains no thanks, i've seen where that leads, i'll keep my car"
69405,img/69405.png,1,storm in they can't rape us all
69410,img/69410.png,0,thank you! for everything! for what ?
69412,img/69412.png,0,best part about a hooker dying on you? the 2nd hour is free
69415,img/69415.png,0,squad goals
69418,img/69418.png,0,rise of the planet of the apes (1963)
69427,img/69427.png,0,of all things this is how you use the power of the internet
69428,img/69428.png,0,"""islam is love!"" ariana grande august 2017 hillary clinton rally yeah, if you're a goat ***"
69450,img/69450.png,1,hey bro close your eyes bro yes bro? ok bro go deeper o yeah abdul
69470,img/69470.png,0,how black people fight here how black people fight there
69472,img/69472.png,1,"they named us after the land mass they shipped us to! ""the only difference between a dominican, puerto rican, cuban, jamaican, haitian, bahamian and african american is a boat stop."""
69480,img/69480.png,0,what i used to look for what i look for now
69503,img/69503.png,0,i heard we had a rat problem in the barn. time to clean house
69518,img/69518.png,1,you can see black lives matter
69520,img/69520.png,1,those fucking russians
69521,img/69521.png,0,make sure the girl sitting passenger side in your car is the same girl who'd be sitting with you at the bus stop if life turned out differently
69523,img/69523.png,0,"how do you do, fellow kids? i am your new highly approachable candidate eager to share a beer"
69524,img/69524.png,0,has anyone seen gary? gary is about this tall
69528,img/69528.png,1,when you're broke af but still gotta buy christmas gifts
69530,img/69530.png,0,jews had to have stars sewn on to their shirts in order to identify them during the holocaust
69534,img/69534.png,0,once you go black you deserve it
69542,img/69542.png,0,stop testing the new me like the old me ain't still in me
69582,img/69582.png,1,why can't you play uno with a mexican? because they'll steal all the green cards
69584,img/69584.png,0,you either die an idiot who can't spell or you live long enough to see yourself become a grammar nazi
69708,img/69708.png,0,goes on a date gets stood up
69710,img/69710.png,0,breaktime
69713,img/69713.png,0,when you bout high as fuck !
69720,img/69720.png,0,bestfrand !! how my eyelashes look ?
69728,img/69728.png,1,america : * nukes japan* three days later: ahhhh gettin kinda bored
69732,img/69732.png,1,latinos for me! that's like roaches for raid!
69750,img/69750.png,1,when you save it because you thought it was just burnt up
69751,img/69751.png,1,"spiders be like black people.. not all of them are dangerous, but still, you don't want one in your house"
69752,img/69752.png,0,it's almost the weekend!
69758,img/69758.png,0,cotton farm
69780,img/69780.png,0,"a wife is like a hand grenade remove the ring, and your house is gone"
69804,img/69804.png,1,thats a little savage
69807,img/69807.png,1,"what is the most offensive joke you have ever written? if only africa had more mosquito nets, less mosquitos would have to die needlessly of aids"
69813,img/69813.png,0,"""a group of fish is called a school."" americans:"
69842,img/69842.png,0,meanwhile at the isis strip club
69870,img/69870.png,0,when you want your passenger to stop talking
69873,img/69873.png,0,i only wear silk panties cotton ones remind me of slavery
70123,img/70123.png,1,when your boy starts suckin her cock anyways when you accidently pick up a tranny hooker
70125,img/70125.png,0,eat me!
70126,img/70126.png,1,when i have an orgasm it's tranny fluid
70132,img/70132.png,0,i am peacful! don't believe me? then i will blow you up
70136,img/70136.png,0,ask me a dumb question again
70142,img/70142.png,0,imagine a group of people filled with so much love they have to make laws so they can live at peace
70146,img/70146.png,0,"lets erect a memorial to all the americans murdered by an illegal alien make it 1,500 miles long 30 feet tall and put it on the southern border"
70153,img/70153.png,0,illegal aliens immigrants
70158,img/70158.png,0,"what did you hear on the wiretap, barry? he said he really is going to make america great again"
70162,img/70162.png,0,when your baby is small enough to fit in a shoe box so you take advantage of cute baby pictures
70169,img/70169.png,1,diversity is our greatest strength
70183,img/70183.png,1,terminigger
70189,img/70189.png,1,this isn't even my final form
70193,img/70193.png,0,that chiken is so black no one is going to eat it
70194,img/70194.png,1,ancient problems require jewish solutions needs to steal a bracelet becomes shlomo ben-yisrael
70196,img/70196.png,1,you boys ever played hot potato
70213,img/70213.png,0,"last year tyrone got a new job, started building his credit, and spending more time with his kids then something amazing started to happen!"
70231,img/70231.png,0,who wore the kufi best??
70235,img/70235.png,0,what in the cornbread hell
70243,img/70243.png,1,oh boy i cant wait to pray at my favorite mosque on march 15th 2019
70254,img/70254.png,0,is that ass a school ? b'cuz i want to shoot some kids in it !
70264,img/70264.png,1,great at making martinis terrible at stealing tambourines
70269,img/70269.png,0,meanwhile at the isis strip club
70281,img/70281.png,1,you stupid americans we are taking over your country and you can't stop us
70284,img/70284.png,0,how to get a black guy to see his baby
70285,img/70285.png,0,what doesn't kill you gives you a sick sense of humor miss t
70294,img/70294.png,1,men that say they don't like a big fat booty probably prefer a big fat cock
70296,img/70296.png,0,tell us again how bad obama and hillary are while that which-hunt lands everyone in jail
70315,img/70315.png,0,i am a test dummy
70318,img/70318.png,0,that blood you donated could be in someone's boner right now
70319,img/70319.png,1,allah akbar! next thing you know everyone is dead  
70324,img/70324.png,1,there is widespread disagreement among islamic scholars about whether homosexuals should be burned or thrown off buildings
70329,img/70329.png,0,"i'm not gay, but for 20$ you can ramit inmah ashol"
70346,img/70346.png,0,shits about to get real
70352,img/70352.png,1,maury show for on my way to the the 8th time
70356,img/70356.png,1,bruce jenner's cat
70362,img/70362.png,0,master chef with low rating master chef with high rating ''
70368,img/70368.png,1,"i want my 72 virgins to be 66 goats, 5 boys and 1 bi-curious donkey"
70384,img/70384.png,0,all these flavors and you choose to be salty
70385,img/70385.png,0,lord please protect all of the bikers out there every day
70395,img/70395.png,1,arnold shootzanigger
70396,img/70396.png,0,sometimes i crunch up my jizz when it dries then i bring the white powder to parties and watch people snort my cock sand
70415,img/70415.png,0,first you add a handful of rice
70423,img/70423.png,0,enough with the nazi jokes.. they make me führerious
70426,img/70426.png,1,how long can he run? till the chain tightens
70429,img/70429.png,1,don't worry we put an exclusion for white males in our anti-hatred resolution
70432,img/70432.png,1,its national hebrew day go pick up a hot jewish girl
70435,img/70435.png,1,this one time at camp we got so baked
70452,img/70452.png,0,you just went full goat fucker never go full goat fucker
70459,img/70459.png,0,don't look back in the past contiue to live in the future
70465,img/70465.png,1,i know who my enemy is and i know he's watching us now and you're just his nigger
70492,img/70492.png,1,what kind of punch can take out 20 kids and 6 adults ? a sandy hook
70495,img/70495.png,0,and then she said i'm a blackbelt in mcmap
70496,img/70496.png,0,this guy just friended and unfriended me 45 times in 15 seconds anyone know him??
70512,img/70512.png,0,your deportation bus has arrived
70519,img/70519.png,0,when white folks announce the 2nd case of cured hiv patient but you were murdered for already doing it
70528,img/70528.png,0,the face my parents make when i bring home a new pet hamster
70529,img/70529.png,0,no i'm on my period no i have diarrea
70531,img/70531.png,0,"jesus christ may have 2,000 people with 5 loaves of bread and 2 fish. but adolf hitler made 6 million jews toast"
70532,img/70532.png,0,it's important to listen to your elders please don't forget!
70534,img/70534.png,1,genocide is like christmas it's more fun when it's white
70539,img/70539.png,0,2 years of trump in office: 37 indictments. 8 years of obama in office: 0 indictments
70541,img/70541.png,0,a muslim was here '' '' ''
70549,img/70549.png,0,the old lady shows arthur what she used to do during the war
70561,img/70561.png,1,"fuck off!! you muslim bastards, we didn't win 2 wars just to hand england over to you!!!"
70562,img/70562.png,0,indian accent finally finding the right tutorial you need
70564,img/70564.png,0,"this is a declaration of war ...on you, your family, your friends, and all you hold dear"
70582,img/70582.png,0,the microscopic view of a hemorrhoid
70592,img/70592.png,1,manual tranny automatic tranny rebuilt tranny
70594,img/70594.png,0,where's this bird box everyone's taking about?
70598,img/70598.png,1,i eat ass & dicks with my wahabi brothers
70612,img/70612.png,1,share the meme instead of tagging your friends you fucking niggers
70613,img/70613.png,0,"to all of you that are constantly in my notifications, liking and sharing my posts it doesn't go unnoticed you fuckers are awesome"
70614,img/70614.png,0,burning them was a great public service
70623,img/70623.png,1,mess with me and you mess with the whole trailer park!
70624,img/70624.png,0,how we see muslims how muslims see us
70628,img/70628.png,0,it's a piece of cake if she's not awake
70634,img/70634.png,0,help me please! im stuck in this dryer and can't get out
70649,img/70649.png,1,what's the hardest part of eating a vegetable? the wheelchair
70652,img/70652.png,0,when you her ass and then she say that she don't suck dick.. wayment
70654,img/70654.png,1,future sex slaves welcome their muslim masters
70658,img/70658.png,0,when my name is in a math problem and all the class stares at me me: that's right bitches. i bought 60 watermelons
70821,img/70821.png,0,cooooooooooooon!!!!
70825,img/70825.png,0,trail mix? you mean m&ms with obstacles
70826,img/70826.png,1,this time. our president is not your muslim brother
70829,img/70829.png,0,y'all wanna see a stupid post
70834,img/70834.png,0,smh kids these days rely too much on technology
70835,img/70835.png,1,when u forget to lock ur basement door and ur pets try to run away
70841,img/70841.png,0,"as fbi director, i don't always overlook criminal activity but when i do.. it's because i found my suicide note while going through hillary's emails"
70842,img/70842.png,0,help the poor children in africa
70843,img/70843.png,0,when you did something wrong *you unconscious mind: you know what? maybe i need to go to the ranch
70845,img/70845.png,1,slavery reinstated catch yourself a strong one
70849,img/70849.png,0,head teachers given the power to ban the burqa in british schools share if you want a full ban in britain!
70851,img/70851.png,0,"feeling cute might fuck a tranny later, idk"
70864,img/70864.png,1,sea monkeys
70865,img/70865.png,0,you know you're getting older when you walk by 3 priests and don't even get a handshake
70912,img/70912.png,0,i see american troops coming this way
70914,img/70914.png,0,tattoos are bad for your health i know 5 million people that had tattoos and they all died
70923,img/70923.png,0,for someone somewhere in america today will be the last day they have ten fingers
70925,img/70925.png,1,where did jimmy go during the bombing? everywhere
70928,img/70928.png,0,when you drink and drive you will get busted
70932,img/70932.png,1,when your dishwasher is broken so you take it back to walmart to get a new one
70934,img/70934.png,1,how transgender kid and his family roll up to the court ruling about adding a gender inclusive bathroom to the school
70935,img/70935.png,0,goat yoga is becoming very popular
70936,img/70936.png,0,everybody having kids /getting engaged and i'm over here like
70941,img/70941.png,0,one last call for green cards closing time you dont have to go home but you cant stay here
70942,img/70942.png,0,"lesbians should not be allowed to buy dildos you made your choice bitch, now live with it!"
70948,img/70948.png,1,little white person please leave before my ancestors tell me to kick you off this mountain
70981,img/70981.png,0,"""fuck it"" - my final thought before making most decisions"
70984,img/70984.png,0,when you're trying to impress your man
71038,img/71038.png,1,when all your troops are freezing in russia so you burn 6 million jews to keep them warm
71042,img/71042.png,1,eww! your gayness is showing
71045,img/71045.png,0,cutest little beagle in the whole wide world
71046,img/71046.png,1,ever tried african food? niether have they
71048,img/71048.png,0,in england they drive on the left in canada we drive on what's left
71052,img/71052.png,1,when the teacher leaves the room and the retarded kid puts his dick in the pencil sharpener
71058,img/71058.png,1,when you haven't stolen anything in a week
71082,img/71082.png,0,"why is it when your wife or girlfriend gets pregnant, all her friends rub he belly and say ""congratulations!"" but nobody rubs your dick and says ""good job"" """
71083,img/71083.png,0,i once dumped a cross eyed chick thought she was seeing someone else
71084,img/71084.png,0,stop asking! we don't have to tell you where the money went collected $13 billion for haiti built 6 houses laws are for little people
71086,img/71086.png,0,im arrested and im in trouble
71089,img/71089.png,1,non-members members-only gate let me in. autistic reaction let me iiiiiin
71095,img/71095.png,1,"hijab babrie comes with stones, shovel and removable head"
71206,img/71206.png,0,"my brother, the more girlfriends you have the more money you lose, the more you don't progress in life find one girlfriend invest in her and build your future together"
71230,img/71230.png,0,the enemy within ilhan omar linda sarsour rashida tlaib ocasto-cortez
71236,img/71236.png,0,"dark humor is like hitler some people call it wrong, but i find it completely justified"
71245,img/71245.png,1,not sure if i should steal or purchase with food stamps
71249,img/71249.png,0,islamic warrior's funeral in palestine
71259,img/71259.png,0,a muslim ban would've stopped that
71263,img/71263.png,1,listen up sweetheart and let this sink in i never owned any slaves and you never picked any cotton. here ends the lesson. i don't owe you shit
71265,img/71265.png,0,"""when i'm directing traffic at an accident scene and a citizen asks me ""what happened?' ""shark attack."""
71280,img/71280.png,1,"i'm not racist, racisim is a crime. and crime is for black people"
71285,img/71285.png,1,fuck islam b===d~ shit on mohammed and koran
71289,img/71289.png,0,after smelling that home cooked meal
71294,img/71294.png,0,laughs in 52% of us crime rate
71302,img/71302.png,0,why don't i hear the people who asked for my birth certificate asking for trump's tax returns?
71305,img/71305.png,0,cracking open a cold one with the boys
71308,img/71308.png,0,looking for peace praying for peace
71309,img/71309.png,0,hello there
71320,img/71320.png,1,don't blame me fuel was expensive
71325,img/71325.png,0,i dont lift so that doesnt make me sexy? wallet and pay for all the shit you want. i bet its sexy when i lift my wallet and pay for all the shit you want
71340,img/71340.png,0,slaves got whipped back in the day
71348,img/71348.png,0,oi!!! that's not the umbilical cord
71354,img/71354.png,0,we got my blind cousin a puppy for christmas
71358,img/71358.png,0,"""nobody is trying to take your guns!"" ""we only want to make you register them, restrict transfers, ban certain guns, limit magazine capacity, prohibit carrying them, ban or limit ammo, make other arbitrary laws, and, if we catch you violating any of these made-up rules, throw you in prison.... at which point we will take your guns!"""
71360,img/71360.png,0,we will take your guns... then your bibles
71364,img/71364.png,1,obama voters
71365,img/71365.png,0,no more excuses european americans are generational squatters
71368,img/71368.png,0,meanwhile at the isis strip club
71380,img/71380.png,0,we should learn from ocean how to treat refugees
71389,img/71389.png,0,that's a liberal all they do is cry
71390,img/71390.png,0,i googled my symptoms and it turned out i just needed a beer
71392,img/71392.png,0,men are like dogs we re excited to see you... and have no clue what you're mad about
71396,img/71396.png,1,"stand your ground law. i said ""nibber get"" ."
71398,img/71398.png,0,"hundreds have gathered at a volkswagen owners meet up according to nasa, the glow from their check engine lights could be seen from space"
71403,img/71403.png,0,"half my problems are caused by my tone of voice & sarcasm everyone thinks i'm either mad, arguing, or just an asshole while actually i'm just talking"
71428,img/71428.png,1,"the crusades because nothing says ""join our religion or we will slaughter you with our army of mercenary assassins"" christianity"
71429,img/71429.png,1,when a white person tells you happy cinco de mayo but you know deep in their heart they want you deported. f u c k e r
71430,img/71430.png,1,when you see your ex having a seizure in public shake it like a salt shaker bitch
71432,img/71432.png,0,this makes me puke i want justice for all of them
71436,img/71436.png,0,trump supporters be like mexicans stole my teeth
71450,img/71450.png,1,i bit a muslim i had to lick my ass for an hour to get rid of the taste
71452,img/71452.png,0,when you find out the blood of children is the secret to everlasting life
71459,img/71459.png,1,partial arts
71462,img/71462.png,0,the porn again christian
71463,img/71463.png,0,mamma! this goat scares me
71480,img/71480.png,0,i may be blind but at least i'm not black
71482,img/71482.png,0,i felt a great disturbance in the force as if a million snowflakes all melted at once
71483,img/71483.png,0,"i was told to make a fb pregnancy pic. wife was not amused. ""there are no mistakes, just happy little accidents"""
71485,img/71485.png,0,hurry ladies he's still.. luke warm
71486,img/71486.png,0,if you're constantly referring to your skin color or other people's skin color... maybe you're the racist
71492,img/71492.png,0,sour candy will have you like 
71502,img/71502.png,0,"i don't see ""color"" or ""race"" because i make sure to surround myself only with white people"
71503,img/71503.png,0,not only is donald trump my president..... but he's also barack obama and hillary clinton's president! don't you love it! :d
71506,img/71506.png,0,knock knock. who's there? your parent! now open up this damn door
71509,img/71509.png,1,when black dick just ain't cutting it anymore
71524,img/71524.png,0,when your boss calls on your day off oh fuck you're gonna make me come
71528,img/71528.png,0,"im not racist, but racist memes are still allowed"
71529,img/71529.png,0,if your man dresses like this there no doubt he's gay
71530,img/71530.png,1,holocaust makes me sad!
71539,img/71539.png,0,what do you call a black guy in a tree with a briefcase.. a branch manager
71562,img/71562.png,0,there is always good and bad in this world
71568,img/71568.png,0,raising goats is hard work
71583,img/71583.png,0,breaking news a zoo's chimpanzee escaped containment
71584,img/71584.png,0,"look! we have a right to be angry, stop bombing our country"
71586,img/71586.png,0,oh look. this thread again
71593,img/71593.png,0,cheers to all my haters! be patient. so much more is coming
71596,img/71596.png,0,rare photo of two us soldiers held up in japanese war camp
71602,img/71602.png,0,"when i see other adults pouring wine and they only fill it half way, i'm like... ...okay, one of us is doing it wrong, and i'm pretty sure its you"
71624,img/71624.png,0,62.5 tons of get the fuck outta my way
71625,img/71625.png,1,my new wife is like my car 12 years old and stolen from europe
71628,img/71628.png,1,where's my water?
71630,img/71630.png,1,my tits may be nice but my pussy is the bomb
71634,img/71634.png,0,i'm really sorry you're not feeling well today... but i'm still gonna need a sandwich
71635,img/71635.png,0,i don't need you to tell me how fuckin good my memes are... i get reported all the fuckin' time
71645,img/71645.png,0,i don't need to use my hands to kick your ass
71658,img/71658.png,0,meanwhile at the isis strip club
71659,img/71659.png,1,no mommy nig i've no idea who did it
71682,img/71682.png,0,53% of white women voted for trump 53% of white women should look like this
71689,img/71689.png,1,1st place ugliest tranny
71692,img/71692.png,0,i did it for harambe
71823,img/71823.png,0,put an end to domestic abuse!
71825,img/71825.png,0,a typical white man
71826,img/71826.png,1,"white people dont shoot eachother in the streets like black people do we do it in schools, because we have class"
71830,img/71830.png,0,"""what's the difference between the 2? the first one can't sing when you put chains on it"""
71834,img/71834.png,0,when your girl is giving you a handjob under the table
71836,img/71836.png,0,"and i shit you not, this fucking eagle just comes out of nowhere.."
71839,img/71839.png,0,let me be perfectly clear... i will never stop lying to you suckers!!!
71845,img/71845.png,0,"finds ringtone that says ""amen"" no longer has to silence phone in church service"
71846,img/71846.png,1,fuck the jews the only religious extremists you can't make fun of because they print all the money slaves worship
71849,img/71849.png,1,when you've finished with your life of crime
71863,img/71863.png,1,"hello abdul, today i'm alone at home. *abdul this is ultimate"
71869,img/71869.png,1,jewish privilege running all the banks and fleecing us with their usury white privilege getting blamed for the world's problems by jewish supremacists
71892,img/71892.png,0,note to self. if she is a squirter wait till it warms up outside
71902,img/71902.png,1,let this tranny suck you to completion for 3 billion dollars  yes or no
71903,img/71903.png,0,i love pudding pudding my dick where it doesn't belong
71905,img/71905.png,1,"when yo finna play w/ yo self, then you think about yo dead relatives thats watching"
71906,img/71906.png,0,when you feel beautiful no matter what the haters say
71920,img/71920.png,1,where is the black guy?
71925,img/71925.png,0,confirmed lynch told the fbi to drop the investigation against hillary
71930,img/71930.png,0,big shout out to all those who haven't blocked or unfollowed me i'm impressed
71938,img/71938.png,0,goes on ancestry.com instead of match.com
71942,img/71942.png,1,stepped on a landmine didn't weigh enough
71943,img/71943.png,0,you say trump will be impeached for what? making liberals cry?
71954,img/71954.png,1,"crisis hotline, how can i help? well...i'm feeling suicidal.. great! can you fly a plane?!"
71963,img/71963.png,1,president trump is saying he will close the border. just do it! americans first! illegals are like sperm. thousands get in.. only one works!
71986,img/71986.png,0,when you meet that gender studies student again my genders have doubled since the last time we met
72014,img/72014.png,1,"when people keep calling you a terrorist, but you identify as a firework"
72018,img/72018.png,0,if it has tires or tits you're gonna have problems with it
72035,img/72035.png,0,"when you see all the dems pushing ""medicare for all"" it's simply them ""lowkey"" admitting that they dont like obamacare along with the rest of us"
72046,img/72046.png,0,you sicced all of your corrupt goons after me for 3 years and i came out clean. now it's my turn to send my justice-seeking patriots after you and your corrupt goons. let's see how you all come out!!!
72058,img/72058.png,0,i went to ride my bike today!
72059,img/72059.png,0,we've been at peace with japan since 1945 time to make peace with islam
72064,img/72064.png,0,treaty of versailles: *exists* nazi germany: what the fuck is that even supposed to mean?
72084,img/72084.png,1,if black lives really mattered.. they'd stop shooting eat other!
72094,img/72094.png,1,mama i just killed a man
72095,img/72095.png,0,when you're the only ape at the furry convention
72130,img/72130.png,0,you cant handle the truth
72136,img/72136.png,0,"when you tell her to get ready to go, but you're just going to walmart"
72145,img/72145.png,0,baboons and monkeys everywhere this is really a zoo
72146,img/72146.png,0,here's to you obama! let's have a drink!
72160,img/72160.png,0,"i'm not an asshole, i'm a hemorrhoid i irritate assholes"
72164,img/72164.png,0,having dinner after a long working day
72194,img/72194.png,0,"they fear us waking up from the bull shit, and taking back what was stolen from us"
72195,img/72195.png,0,if you don't like the way i do things feel free to mind your own fucking business
72301,img/72301.png,0,when u forget to lock ur basement door and ur pets try to run away
72305,img/72305.png,0,"when you really love someone, age, distance, height weight, well it's just a damn number"
72318,img/72318.png,1,"trayvon martin update ever since he turned white, he stopped being a criminal"
72340,img/72340.png,1,when muslims attack be prepared to fight back
72345,img/72345.png,1,i hate when i see a black out in my neighborhood but i still offer my neighbors a candle
72354,img/72354.png,0,this is my diary
72356,img/72356.png,0,bomb disarmament is a hell of a job. thank you for service
72358,img/72358.png,0,rich theft '' ''
72361,img/72361.png,1,when all the porn sites are down so you search for a holocaust documentary improvise. adapt. overcome
72369,img/72369.png,1,happy day of hatching from your jew egg
72380,img/72380.png,0,i don't like to admit it but i have this mustache to hide a mole
72386,img/72386.png,1,a moment before threesome:-
72396,img/72396.png,0,fucking queers
72406,img/72406.png,0,speak out to end domestic violence
72413,img/72413.png,0,"hey, you"
72418,img/72418.png,0,when you play with your friends with your favorite toys
72431,img/72431.png,0,the aftermath of a van catching on fire
72451,img/72451.png,0,hello mengele i think one of your experiments has escaped
72456,img/72456.png,1,"dumbass fucking white people marking up the internet with their opinions like dogs pissing on fire hydrants. ~ sarah jeong, nyt editor the new york times"
72459,img/72459.png,1,terrorist attacks innocent people with guns leaders want innocent people to give up their guns and become even more defenseless.
72461,img/72461.png,0,this one time at camp we got so baked
72469,img/72469.png,0,north american pavement ape
72486,img/72486.png,0,"put'n the ""ham"" in mohamed"
72489,img/72489.png,1,"here's to you obama, your transgender agenda helped me fish out all the mentally ill on my friends list"
72490,img/72490.png,0,hello is it me you're looking for?
72504,img/72504.png,0,"""they can try removin this flag"" (dog) ""it cant be that hard, half the trailer park has already"""
72506,img/72506.png,0,you call me a goat fucker like it's a bad thing
72508,img/72508.png,0,why are there so many female archeologist? because bitches love digging up the past
72509,img/72509.png,1,this chemical is called #astrazine monsanto hired me to find out if it changes the sexual orientation of straight frogs into homosexual frogs... and it did. they then pump this same chemical into the waters of the ghettos in the u.s
72510,img/72510.png,0,"if you see me in public looking a hot mess, just know; my bills are paid, my children have food, & i ain't trying to impress you"
72514,img/72514.png,0,when each letter is a mental disorder
72531,img/72531.png,0,indians evolution after 15august1947
72536,img/72536.png,0,"friend : your phone is very slow, you should buy a new one me: as long as it plays music and porn it's nasa to me"
72541,img/72541.png,0,when you got a warrant out for your arrest
72561,img/72561.png,1,back in my day blowing a tranny meant car trouble
72580,img/72580.png,0,the hardest part to eat in a vegetable
72584,img/72584.png,0,9 months before i was born i went to a party with my dad and left with my mom
72591,img/72591.png,0,people of religion reading the book
72594,img/72594.png,1,this transgender shit is getting outta hand
72598,img/72598.png,0,texas churches be like... pew pew pew
72604,img/72604.png,1,men are like dogs we're excited to see you... and have no clue what you're mad about
72605,img/72605.png,1,nazi war criminal gives one last sieg h owing his allegiance to his fuhrer befo being hung at the nuremberg trials colorized
72608,img/72608.png,0,"dear lord, thank you for making sure noah put turkey, white tail deer, elk and everything else we hunt on the ark! amen"
72609,img/72609.png,0,breaking news billy goat announces his candidacy
72610,img/72610.png,0,they were right blue really is my color!
72634,img/72634.png,0,check out these sweet new scrubs
72638,img/72638.png,0,only a few understand what it's like to be 19 and write your own will
72640,img/72640.png,1,"is bribing muslims for liberal votes justin trudeau's only skill? why does justin trudeau love foreigners so much while openly disrespecting canadians, canadian values, our history and traditions, our seniors and veterans? sharia law has no place in canada! never has... never will."
72641,img/72641.png,0,do you have a moment to talk about allah?
72654,img/72654.png,1,i will not let america turn into another nation of islam !!!!!!
72658,img/72658.png,0,i'm not sorry
72680,img/72680.png,0,thug life until 10pm
72685,img/72685.png,0,are you feeling well? is there anything i can get for you?
72689,img/72689.png,0,i'm getting some jello tonight!
72698,img/72698.png,1,"that's right canada! we used your tax dollars to purchase the pipeline so it would never get built!"". the destruction of canada is the plan, just ask our boss!"" who could imagine well done! that canadians are that stupid?"
72801,img/72801.png,0,"i will find you and.. and what.. my apologies, i have dialed the wrong number"
72805,img/72805.png,0,i'm going to hate the way i sound i guarantee it
72810,img/72810.png,0,love is love
72814,img/72814.png,0,yaaahhh africa!
72816,img/72816.png,0,shut up you meathead
72819,img/72819.png,0,"""no, this is no good. you could fit a mexican child through here"
72834,img/72834.png,0,we can kill as many as we want and your stupid government keeps bringing us in
72850,img/72850.png,0,the horrors of the holocaust three u.s. soldiers look at bodies stuffed into an oven in a crematorium
72891,img/72891.png,1,i burned the food so black you know i had to do it
72893,img/72893.png,1,islam is the religion of peace! don't believe me? then i will blow you up
72901,img/72901.png,0,don't ever lie to me if you tell me the truth no matter how fucked up it is i'll respect you more
72903,img/72903.png,0,bombers under attack
72910,img/72910.png,0,"kim davis says what hurts most is when people say god doesn' t love her. you know, what christians tell gay kids every single day"
72914,img/72914.png,0,i don't see whats wrong with him other than he stole that wheelchair
72915,img/72915.png,0,"when yo finna play w/ yo self, then you think about yo dead relatives thats watching"
72936,img/72936.png,1,ever hear something so stupid it gives you forest whitaker eye
72940,img/72940.png,1,lies that people say to themselves being human he thinks he's a equal rights they think they deserve normal they think they are
72941,img/72941.png,0,hey liberals & democrats have you forgotten
72945,img/72945.png,1,open up for the enrichment
72946,img/72946.png,1,"i love black people, think everyone should have one"
72951,img/72951.png,0,october 31: this year i'm gonna get through no nut november november 1: so that was a fucking lie
72956,img/72956.png,1,dad?!? the dishwasher and the sandwichmaker are on the fritz again
72958,img/72958.png,0,when you're cutting onions infront of your wife and you're trying to hold in your tears
72964,img/72964.png,0,thank you so much ! - ariana grande you're welcome?
72965,img/72965.png,0,don't shoot im unarmed
72968,img/72968.png,0,wow! a dishwasher that can also clean your car
72981,img/72981.png,0,car accident on michigan ave
72984,img/72984.png,1,slice and dice n1gg3r
73026,img/73026.png,0,where's the rescue ship when you need one ?
73028,img/73028.png,0,"so, 2 gay guys walk into a bar and pick up a tranny"
73045,img/73045.png,0,where's jaws when you need him ?
73056,img/73056.png,0,grandparents be like one little snack before you go home
73059,img/73059.png,1,"a phobia is an irrational fear a fear that muslims may be terrorists is not islamaophobia but a fear grounded in history, experience, and reality"
73082,img/73082.png,1,almost all terrorism is sponsored by saudi arabia before the solution to terrorism after problem solved
73091,img/73091.png,1,"to all you liberal ""women"" in favor of islam this young lady is being sold into sexual slavery as child bride"
73104,img/73104.png,0,"what's big, yellow and can't swim? a bus full of children"
73105,img/73105.png,0,excitement across the capital
73125,img/73125.png,0,"if you think we need protection from these people... but not these people, you're a special kind of stupid"
73128,img/73128.png,1,"""transgenderism"" is a mental illness, is sociopathic tyranny not an ""identity"" mandating public acceptance"
73146,img/73146.png,0,you better not pout you beter not cry you better not scream i'm going in dry
73152,img/73152.png,1,international women's day? bitch please back to kitchen
73154,img/73154.png,1,when you want to enter islam when you want to leave islam
73159,img/73159.png,0,im really sorry that your not feeling well today but im still gonna need a sandwich
73160,img/73160.png,1,i love muslims point me to right direction
73162,img/73162.png,1,we've ever seen worst case of suicide hear about that black guy who was shot 38 times?
73164,img/73164.png,1,what i'm really thinking when i like all your pictures
73168,img/73168.png,1,we should respect blacks
73180,img/73180.png,0,"the first time i got high was in the backseat of my older brother's car. it must have been some good shit too, because i am an only child"
73192,img/73192.png,0,house of god
73198,img/73198.png,0,"i told on you, she's pissed"
73204,img/73204.png,1,muslims in 2001 defund homeland security! muslim in congress 2019
73205,img/73205.png,0,when you get a fish and just stare at it through the fish tank
73206,img/73206.png,0,what if i told you common core was purposely designed to be confusing and frustrating so parents will look ignorant and children will get confused and feel stupid because uneducated kids who've been programmed to depend on the state for answers make much better conformist debt slaves in the future
73218,img/73218.png,0,let them pursue their happiness
73219,img/73219.png,0,when you and your homie load each other's dishwashers
73241,img/73241.png,0,men can be frustrating why can't i ever get a date i'm so lonely
73248,img/73248.png,0,i know how to knockout ronda rousey
73250,img/73250.png,0,rep omar claims america is trying to 'eliminate' muslim voices..... do you agree?
73251,img/73251.png,0,i have no idea how to do your job but my book says you're doing it wrong
73256,img/73256.png,0,im mixed with what? gorilla and rhino
73258,img/73258.png,0,talk about everything is better in two's
73259,img/73259.png,0,what the heck you mean no shirt no service
73406,img/73406.png,1,yeah if the lazy mexicans could quit raping everybody that'd be great
73416,img/73416.png,0,making fans everywhere
73421,img/73421.png,0,what if he was the second coming of christ certainly would explain his issue with jewish people
73426,img/73426.png,1,if yo ancestors came to america on slave ships yo ass is a israelite
73465,img/73465.png,1,when you glue your ass shut so your uncle can't rape you survival
73480,img/73480.png,1,just bought my first slow cooker!
73485,img/73485.png,0,logan act arrest him now john kerry is now a treasonous pos
73496,img/73496.png,0,i asked for oranges not a melon!
73498,img/73498.png,1,when the mexican lady at taco bell messes up your order
73508,img/73508.png,0,"""democrats have a difficult time connecting with voters because of how smart we are... because we know so much."" ~ sen. mazie hirono (d hi"
73514,img/73514.png,0,"it's ma'am!! i can't give you a ma'am, but i can give you a green eggs and haaaaaammmmmmm!"
73516,img/73516.png,1,when the jews genocide you so hard for 50 years that your population triples
73518,img/73518.png,1,"north korean operatives infiltrating the ""storm area 51"" group: how do you do, fellow american pigs"
73520,img/73520.png,1,does this burka make my bomb look big?
73549,img/73549.png,0,"mindfuck when you shit bricks, you'll see it"
73561,img/73561.png,1,understanding terrorism: ilhan omar democrat represents muslims fanatical muslim terrorist represents all muslims
73562,img/73562.png,0,i just started a company selling landmines that look like prayer mats prophets are going through the roof
73568,img/73568.png,0,gay friend asked for directions told him to go straight
73581,img/73581.png,1,we are the knights who say nigger
73596,img/73596.png,0,you idiot you threw shit at the wrong keeper
73598,img/73598.png,0,that moment when she realizes those guarana's & tequila were'nt free
73604,img/73604.png,1,i can't leave my light beer alone in the fridge witht he dark one anymore
73609,img/73609.png,1,when you take a africa bottle of water to
73615,img/73615.png,0,i think it is safe now challenge accepted
73619,img/73619.png,1,you mean i don't have to pick it and i can eat it?!
73620,img/73620.png,0,"if one drop of semen contains more life than a drop of blood, then why don't vampires suck cock? oh wait......twilight"
73652,img/73652.png,0,"if trump isn't hitler, then i'm i'm a moron well i'm certainly not gonna argue with that"
73659,img/73659.png,0,in norway we rape after dinner
73680,img/73680.png,0,"i haven't done anything in washington for almost 50 years joe biden in lowa ...june 2019 if you elect me president this time, i'll cure cancer"
73681,img/73681.png,0,i like a good shower don't jew?
73690,img/73690.png,0,' wing wing wing ''
73806,img/73806.png,1,i've got 99 problems and downs syndrome is one
73810,img/73810.png,0,"when i was a kid i found a vibrator in my parents room they told me it was a muscle massager, i rubbed it on my sore muscles all the time"
73814,img/73814.png,0,oh god oh fuck please end my suffering
73816,img/73816.png,0,"if you think we need protection from these people... but not these people, you're a special kind of stupid"
73819,img/73819.png,0,kids today vs when i was a kid
73849,img/73849.png,0,voting for hillary is like letting casey anthony watch your kids because she's not guilty
73910,img/73910.png,1,loses hair from chemo doesn't have to shave pussy
73924,img/73924.png,0,i'm voting trump the last clinton left a bad taste in my mouth
73926,img/73926.png,0,why are you so dumb
73956,img/73956.png,0,"i just got out of church... just kidding, i'm not that fucking retarded."
73965,img/73965.png,0,just a man and his dog his dog companion
73980,img/73980.png,0,i caught my goat cheating on me
73981,img/73981.png,0,bitch please we both know that's a lie
73982,img/73982.png,0,adding coolant when the farm equipment overheats
73984,img/73984.png,1,"of course i support ""men's rights"" ...men's rights to shut the fuck up!"
73986,img/73986.png,0,when you and your best friend hate the same person
74019,img/74019.png,0,enjoying new loungewear when it's chilly outside
74021,img/74021.png,1,ever notice christians are horrible drivers?
74025,img/74025.png,0,"kills: 17 million , deaths: 1 fucking camper"
74038,img/74038.png,0,when it comes to acting scarlett johansson has amazing tits
74053,img/74053.png,1,me and styrofoam... yup...both white trash
74059,img/74059.png,0,when you try to catch a dark type pokemon
74061,img/74061.png,1,when ancestry.com tells me that i'm 0.1% german rev up those fryers
74062,img/74062.png,0,"is a mental illness. being transgender it's a rejection of reality, leads to anxiety, depression, and in some cases self-mutilation and/or suicide. that's not healthy"
74083,img/74083.png,0,ready for prom
74091,img/74091.png,0,a natural beauty
74096,img/74096.png,0,him:
74098,img/74098.png,1,me: *turns the oven to 450 degrees* everyone else at auschwitz:
74126,img/74126.png,0,rise and shine my fragile americans what silly nonsense are we offended by today?
74132,img/74132.png,1,"fuck allah, fuck muslims and fuck islam. and if you don't like what i say then fuck"
74150,img/74150.png,1,"hi, i'm sean hannity and i'm destroying the conservative movement. fox news gives me a platform for ignorant white trash anger"
74152,img/74152.png,1,i'd like to report hello 911 emergency? a misandry! yes this girl came out of nowhere and totally ignored my man feelings!
74158,img/74158.png,0,mississippi wind chime
74183,img/74183.png,0,when you hear monsanto lost its 1st round up cancer trial and the jury awarded the victim $289 million dollars... ...and thousands of cases are still awaiting trials..
74190,img/74190.png,0,football season is once again upon us my brothahs can i get an amen?!
74192,img/74192.png,0,"someone stole my identity.. look, someone stole my identity maybe they will make something out of my life"
74198,img/74198.png,1,big bird scolds the negores for even daring to think that they were allowed to ride on a bus
74203,img/74203.png,1,rebuilt tranny blew a tranny automatic tranny
74206,img/74206.png,0,this is what we will evolve into if we don't start watching what we eat
74215,img/74215.png,1,handjobs sold seperately
74218,img/74218.png,1,grab her by the.. nevermind
74230,img/74230.png,0,"in 2014, i helped put together and signed a $25 billion dollar deal to fund a border wall. now, trump wants $5 billion for a border wall well i'm gonna bitch, cry, piss and moan just because he's a republican and wants it"
74235,img/74235.png,0,chloroform puts the sensual back into non-consensual
74238,img/74238.png,0,when your little one brings home a new pet
74268,img/74268.png,1,trump supporters be like fucking mexicans
74286,img/74286.png,0,make america great again!!!
74298,img/74298.png,0,book about good and bad
74310,img/74310.png,0,shhhhhhh don't make this weird
74312,img/74312.png,0,karen get your shit together
74315,img/74315.png,1,48 year old white women when they see an actually good meme how can you read this? there's no minions
74318,img/74318.png,0,oh my god... i'm never drinking again
74326,img/74326.png,0,"i have to stop saying ""how stupid can you be?"" some people are starting to take it as a challenge"
74351,img/74351.png,0,go pluck yourself
74352,img/74352.png,0,when you wipe 700 times and there is still shit i have a question. for god. why?
74356,img/74356.png,1,when she's trying her hardest to make you cum but you already visited your favorite goat
74359,img/74359.png,0,you hated george w. bush for his illegal wars and assault on civil liberties but you love obama?
74361,img/74361.png,1,when the bell goes off on the first day of school and the autistic kid thinks it's the hunger games
74362,img/74362.png,0,when someone asks me to remove a picture because they're offended
74368,img/74368.png,0,when the weed man throw in a little extra
74380,img/74380.png,0,meanwhile at the isis strip club
74385,img/74385.png,0,what women do vs what people think they do
74386,img/74386.png,1,we said we would never forget why are you voting them into our government?
74390,img/74390.png,1,people still don't get it zionist jews for israel are racist monsters
74391,img/74391.png,0,there must be some way this victimizes me
74502,img/74502.png,0,when petting cats... be sure not to activate their murder button
74509,img/74509.png,0,fun day at the pool !!
74513,img/74513.png,1,you can hide but you can't run
74520,img/74520.png,1,in other contries in porkistan
74530,img/74530.png,1,what's the difference between a jew and a pizza? a pizza doesn't scream when you put it in the oven
74536,img/74536.png,1,for guys that like it nice and slow gimme a call
74562,img/74562.png,1,this old ass honky is a porch monkey 4-life you look at my woman step off johnny law
74563,img/74563.png,1,when she finally has your own month
74583,img/74583.png,1,"""babies aren't actually people"" ""jews aren't actually people"" ""it's not murder"" ""it's not murder"" i had an abortion"
74589,img/74589.png,1,"when you use ""n"" word when you word for use ""n"" filipinos"
74598,img/74598.png,0,all these flavors and you choose to be salty
74602,img/74602.png,0,this is what happens when you don't spank your kids
74608,img/74608.png,1,"if you have on fake hair, fake eyebrows, fake eyelashes, and a lot of makeup on then you're a tranny!!"
74609,img/74609.png,1,"why do you hate us? all we want to do ia move to your country , condemn your lifestyle, harass your women, destroy your freedom of speech and march through your streets calling for people to be beheaded"
74612,img/74612.png,0,i never get a straight answer for this ''
74615,img/74615.png,0,it's a weiner pit. just like your mouth
74625,img/74625.png,1,behind every screaming goat is a muslim with his pants down
74630,img/74630.png,0,we pray for the destruction of israel and the american way of life
74631,img/74631.png,0,when each letter is a mental disorder
74650,img/74650.png,0,"dear ""mrs.imtoogoodtoanswermydms"" this will be the last dick pic i ever send your ass. it's been 6 months and still no nudes, don't deserve it. know you got my last dick pic, i put the filter on it perfect"
74652,img/74652.png,1,2 +2 is potato minus 1 is poo quick math!
74658,img/74658.png,0,whoever photoshopped this is a huge jerk
74801,img/74801.png,1,you're gay? that's a lifestyle choice.. ...by which i mean i hate you for being gay
74802,img/74802.png,1,for gay pride month i'd love to pump a gallon of my aids infected homo milk up your large intestine!
74805,img/74805.png,1,"nice watch you got there david thanks, my dad sold it to me before he passed"
74825,img/74825.png,0,when your sister gives you some good information
74832,img/74832.png,0,if your man dresses like this there no doubt he's cold
74839,img/74839.png,0,"when you've waited 40 years to be king, but your mother refuses to die"
74861,img/74861.png,0,i got back with my ex box360
74862,img/74862.png,1,him: the dishwasher is acting weird her: what's it doing? him: chopping fucking vegetables
74890,img/74890.png,1,when the dishwasher isn't working properly and you have no tecnical knowledge whatsoever so you just decide to talk to it and hope it starts working good luck
74892,img/74892.png,0,largemouth bass largemouthed ass
74901,img/74901.png,0,there are many things i need to tell you
74913,img/74913.png,0,goin fishin
74915,img/74915.png,0,"you think im cute? aww, get otter here"
74920,img/74920.png,0,when you realize you're pregnant because you pull out your tampon but all the cotton was mysteriously picked off
74930,img/74930.png,1,i hate racism. why would you choose to hate an entire group of people just becase of the way they all behave
74951,img/74951.png,0,volkswagen cars produce more gaz than expected ach!! thats my car
74953,img/74953.png,0,the cowboys are the best! i mean the best!
74956,img/74956.png,0,show me an american ghetto and i'll show you a place where democrats are in power
74963,img/74963.png,0,this chicken is so rubbery goodyear called and asked for the recipe!
74968,img/74968.png,1,i like to hit on women with black kids because i can guarantee they're single
75016,img/75016.png,0,when you're a hard hitter
75018,img/75018.png,0,when your history teacher starts talking about the holocaust
75021,img/75021.png,1,where's jaws when you need him?
75023,img/75023.png,1,"shoot boy, i ain't racist i've got four black tires and a color tv"
75026,img/75026.png,0,together we are stronger
75031,img/75031.png,0,it's a weiner pit. just like your mouth
75036,img/75036.png,0,white kids be like i can't watch this
75041,img/75041.png,0,"to all my friends who post controversial, obscene, dirty, offensive, derogatory posts... keep that shit up. i like it"
75046,img/75046.png,0,"the bigger the head, the smarter you are"
75063,img/75063.png,0,morgan freeman has been old my entire life. 2000 2017
75068,img/75068.png,1,they did not even leave dogs
75082,img/75082.png,1,in order for the black man to live the negro has got to die death to the negro
75086,img/75086.png,1,the i don't listen well barbie. comes with the stove she should've been using
75089,img/75089.png,0,just so we're clear at the same time democrats are refusing to secure our border they introduce legislation to disarm law abiding citizens are you trying to start a civil war? because that's how you start a civil war
75092,img/75092.png,1,lesbian trans woman? ain't that just a regualr guy?
75096,img/75096.png,0,i'm not saying you're retarded but you're retarded
75098,img/75098.png,1,mixed vegetables
75102,img/75102.png,0,whose dick do i have to suck to get these charges dropped?
75104,img/75104.png,0,i want to make a lamp shade from your skin because you light up my life
75106,img/75106.png,0,when you find someone with the same taste in memes
75123,img/75123.png,0,a little driving music makes my day
75130,img/75130.png,1,commander! our transgender battalion needs reinforcements!
75132,img/75132.png,0,"the wife said we needed a new coffee maker, so i got one. the name is mr. coffee, the wife was amused"
75134,img/75134.png,0,i don't understand i thought we killed everyone that had dirt on us
75138,img/75138.png,1,what does a baby from auschwitz look like?
75139,img/75139.png,0,mom won't let me use the oven with my jewish friends
75146,img/75146.png,0,handjobs sold separately
75160,img/75160.png,0,problem solutions
75163,img/75163.png,0,number 1 side effect of steroids acting like a douchebag
75182,img/75182.png,0,what bomb
75192,img/75192.png,0,we were known as hebrew israelites until slavery
75193,img/75193.png,1,muhammed... get the roof
75198,img/75198.png,0,"feeling cute might marry my brother again later, idk"
75203,img/75203.png,1,i only wear silk panties cotton ones remind me of slavery
75204,img/75204.png,0,girls group selfie boys group selfie
75209,img/75209.png,1,sea monkeys
75210,img/75210.png,0,"yeah, i hear you i just don't give a fuck"
75216,img/75216.png,0,want one as a slave when you watch how slow they work and you wonder why anyone would
75230,img/75230.png,0,how to remember kid in hot car keep 2nd road beer with them!
75231,img/75231.png,1,sea monkeys
75234,img/75234.png,1,she called me islamphobe so i gave her some sharia law!
75239,img/75239.png,1,chloroform puts the sensual back into non-consensual
75241,img/75241.png,0,he can be his new boy firend
75260,img/75260.png,0,pot holes what a great way to wake you up
75269,img/75269.png,1,oh how cute.... a guinea pig.
75290,img/75290.png,1,"likes to play games with friends favorite game is called ""child soldiers"""
75291,img/75291.png,0,we can kill as many as we want and your stupid government keeps bringing us in
75294,img/75294.png,0,"so like, why are men even gay? girls have buttholes too you know.."
75298,img/75298.png,0,when you and your bestie feelin' the hit of the bud kick in
75308,img/75308.png,1,if homosexuality is genetic how does that get passed on?
75319,img/75319.png,0,in one ear and out the other like a boss
75320,img/75320.png,0,japan soars to its highest temperature ever recorded: 106 degrees that's where you're wrong kiddo
75321,img/75321.png,1,cannibal tribe from indonesia will take muslim refugess in any amount
75340,img/75340.png,1,"forgive me allah.. i just can't understand why i am allowed to behead my enemies and marry little girls, but i can't eat a fucking ham sandwich"
75349,img/75349.png,1,"""do you like your juice cold?"" ""no, i like my jews well done"""
75360,img/75360.png,1,i told my friend that i can turn fruits into vegetables and he told me to prove it so i pushed him off a balcony
75362,img/75362.png,0,excited little girl enjoying her new wheelchair
75380,img/75380.png,1,i hate christians  they all make generalizations about people
75381,img/75381.png,1,"white kid: ""i don't know how to shoot"" dad: ""just pretend it's your classmates"""
75382,img/75382.png,1,it's not a hijab it's a diaper for people with shit for brains
75402,img/75402.png,1,"we've reviewed your report of the group ""all jews should be burned alive"" and found that it doesn't violate facebook's terms of service.."
75403,img/75403.png,0,no difference between both
75408,img/75408.png,0,if they raise theirs and destroy our flag are they really people we want here ??
75410,img/75410.png,1,"so you're telling me that black people ""stole"" the n-word from white people? typical"
75420,img/75420.png,0,"epstein was found unresponsive in his jail cell a nurse then attempted ""life- -saving procedures """
75421,img/75421.png,1,mfw the local tranny gets lynched
75428,img/75428.png,1,black people: damn y'all crackas some bitches y'all so sensitive lmao mayo ass crackas white people: black people:
75430,img/75430.png,0,when you're going 90 mph in a school zone and the pre-schoolers are crossing the street this is where the fun begins
75432,img/75432.png,0,greetings ... time to run
75438,img/75438.png,0,"over 5,000 years of eating bread and in less than a decade everyone is allergic to gluten"
75461,img/75461.png,0,well there's your problem your serpentine belt is the wrong size
75462,img/75462.png,0,dating in 2018 i just want a girl who laugh at my racist jokes and cuddle me is it to much to ask!
75468,img/75468.png,1,single black mothers with multiple children by different men created the modern day ghetto
75481,img/75481.png,0,this has nothing to do with this post but i have 2 barely fucked goats for sale
75496,img/75496.png,1,this octopus is so under-cooked that the japanese are still trying to use it for tentacle porn!
75498,img/75498.png,1,once you go black you deserve it
75601,img/75601.png,0,when we're finished with fashion trends
75602,img/75602.png,1,made rice krispies way before kellogg's rt @tooracist: my japanese girlfriend didn't get this joke. i had to drop the bomb twice
75603,img/75603.png,1,jamal cycle faster the owners are coming
75613,img/75613.png,0,want to party? yeah i'm down
75614,img/75614.png,0,"just heard the term ""non-binary""... wtf, not only do i have to be tolerant, but now i have to learn a new fkn language?! "" now i have to learn a new fkn language?!"
75618,img/75618.png,0,i am nurtured by your hatred
75624,img/75624.png,0,stupid i am here i love you darling
75629,img/75629.png,0,why are we smart? because we went to campes!
75642,img/75642.png,1,saddle up motherfuckers it's time to play cowboys & muslims
75648,img/75648.png,0,help the starving children of the world!
75649,img/75649.png,0,"this time, our president is not your muslim brother"
75680,img/75680.png,1,vhen you are doing random stuff. and realise you left the oven on
75682,img/75682.png,1,"""the jew is the demon behind the corruption of mankind."""
75693,img/75693.png,0,we are returning to work after the photo
75698,img/75698.png,0,what the fuck am i looking at
75801,img/75801.png,0,stepped on a landmine didn't weigh enough
75816,img/75816.png,0,fresh out of fb jail and still not giving a fuck!
75823,img/75823.png,0,lisa page: obama doj ordered fbi not to prosecute hillary clinton why is the mainstream media ignoring this bombshell
75829,img/75829.png,0,baltimore is not infested with rats they live there
75832,img/75832.png,0,"""never forget"" - you said.. i am the proof you have forgotten"
75839,img/75839.png,0,friendship is for everyone
75840,img/75840.png,0,being muslim doesn't automatically make you a terrorist
75841,img/75841.png,0,why does the goat look wiser
75846,img/75846.png,1,"my black flag brings all the goats to the yard, and the're like ""allahu akbar"" watch out, i'll put a bomb in your car. i could teach you but i lost my arms"
75892,img/75892.png,1,"q: hey filipina, will you ever marry a filipino? a: nah, no ugly filipino seeds, only rich white daddies please!"
75894,img/75894.png,0,how to put a refugee baby to sleep in less than one minute
75908,img/75908.png,0,"maga bois when they see trump coming for suppressors ""you were supposed to be the chosen one!!!"
75910,img/75910.png,0,when you get a cute new haircut just before pitcure day
75920,img/75920.png,0,"when your girl is on her period but she offers anal as an alternative into the garbage chute, flyboy"
75921,img/75921.png,0,hahahaha! fuck your feelings
75928,img/75928.png,1,white people after they put the divider in between your groceries
75931,img/75931.png,1,it's not a hijab it's a diaper for people with shit for brains
75934,img/75934.png,0,"hans, forget ze flammenwerfer get the gustav"
75940,img/75940.png,0,clint eastwood and michelle obama
75941,img/75941.png,0,how much did that haircut cost
75943,img/75943.png,0,when your black neighbor is being too noisy
75960,img/75960.png,1,when the villagers ask why all the 9 year old girls are walking funny
75984,img/75984.png,1,perks of being my friend? you'll be the normal one
76021,img/76021.png,0,hey kids for a good time dial #666-hot dawg
76032,img/76032.png,0,back off f'ing white male we are on a sex strike
76034,img/76034.png,0,my momma... momma says girls are the devil
76035,img/76035.png,0,"""people are not mannequins don't be silent about domestic abuse"
76038,img/76038.png,0,lifetime presents: surviving life
76045,img/76045.png,1,north american pavement ape
76083,img/76083.png,1,i'm taking my clock to school
76093,img/76093.png,1,"look son, there in england more peaceful muslims blowing people up"
76094,img/76094.png,1,white people is this a shooting range
76095,img/76095.png,0,haters
76098,img/76098.png,0,a rare image of atomic bomb testing
76104,img/76104.png,1,protect america from boatloads of refugees fleeing scandinavia's socialist tyranny
76108,img/76108.png,0,god : *creates women* humans : *creates dishwashers* god :
76134,img/76134.png,1,one girls peice of shit boyfriend is another drunk sluts prince charming
76138,img/76138.png,1,soybeaner fest 2019!!!! coming to a farm near you!!! if facebook allows it
76139,img/76139.png,0,you can't get her pregnant if you practice abstinence
76140,img/76140.png,1,mexican and black jokes are all the same once you hear juan you here jamal
76142,img/76142.png,0,"you're dating somebody's ex. somebody is dating you're ex your ex is getting somebody's ex. in this life, we are all x-men"
76143,img/76143.png,0,the secret to a successful marriage is to keep his stomach full and his balls empty
76148,img/76148.png,1,hello mengele i think one of your experiments has escaped
76152,img/76152.png,0,nothing brings more happiness to a shepard than his sheep
76158,img/76158.png,0,when the un adds another million to the holocaust death toll ''
76183,img/76183.png,0,this is hercules the ligar. he weighs 922 pounds. that makes him one of the biggest pussies on earth next to your bitch ass
76208,img/76208.png,0,pygmy goat says chew when you eat
76213,img/76213.png,0,dark humor is like him '' it never gets old
76214,img/76214.png,1,whatever this is.. it's an auburn fan
76219,img/76219.png,0,i am thinking about investing my money
76239,img/76239.png,1,"50 jews walk into a train, what do you call them? fuel"
76243,img/76243.png,1,how to break up a blacklivesmatter protest! are you my dad
76250,img/76250.png,1,chillin with my chromies
76253,img/76253.png,1,"for the last time, we are not trump supporters!!! he says ""relocate mexicans"" we are saying ""exterminate mexicans"""
76254,img/76254.png,0,how i act when someone gets offended by some real shit... oh... i'm sorry bitch
76258,img/76258.png,1,when you advocate for killing babies after their birth and then you have ash on your forhead for ash wednesday unbelievable smh
76259,img/76259.png,0,just found out about racism i like it
76283,img/76283.png,0,what would kids think if we mixed punk with rap
76285,img/76285.png,1,when you're picking cotton as fast as your ashy hands can and then you hear your master crack his whip
76293,img/76293.png,0,"if anything can acheive world peace, its bacon"
76305,img/76305.png,0,there's a joke in here somewhere? a indian a socialist a smeller a mistress a homosexual and a terrorist lover walk into a bar.
76320,img/76320.png,0,it's okay for you to believe what you believe it's not okay for you to demand other to believe the same way
76321,img/76321.png,0,in my country i am forced to keep my mouth shut. here i'm free to talk trash about this country in hopes it changes into a country where i'm forced to keep my mouth shut
76328,img/76328.png,0,broken dishwasher for sale or rent
76341,img/76341.png,0,please kill isis # goatlivesmatter
76342,img/76342.png,0,it's a boy! congratulations harry & meghan
76348,img/76348.png,1,i like my refugees like i like my pasta limp and floating in water
76351,img/76351.png,0,this is anne frank in june 1929
76354,img/76354.png,0,animals enjoy motorcycle rides too
76358,img/76358.png,1,"this is steve, he lives with both parents, who both work. no one in his family has a middle name in their facebook name, like javeon doingbigthings jackson. everyone in his family can swim"
76359,img/76359.png,0,so you're against immigration? splendid! when do you leave?
76381,img/76381.png,1,fuck obama fuck backlivesmatter fuck islam and double fuck allah
76402,img/76402.png,0,never forget harambe died to teach us the importance of strong borders
76405,img/76405.png,0,"if you're sad about being alone on valentine's day, just remember nobody loves you on the other days of the year either"
76408,img/76408.png,0,when your goats have sex before marriage
76415,img/76415.png,0,"oh, he's using you for sex? stop bitching, sex is awesome. complain when he's using you for laundry..or a human shield"
76419,img/76419.png,0,white family at the river
76421,img/76421.png,0,i don't know how to deal with black people but i guess i'll take a shot at it
76423,img/76423.png,1,has extra chromosome probably stole it
76429,img/76429.png,1,fresh out of bradford bomb jovi
76431,img/76431.png,0,when was the last time you saw so many mentally ill people on the streat
76435,img/76435.png,1,"i don't wanna get married! bitch, please! i've got to go blow myself up tomorrow! islam - none of it makes sense"
76450,img/76450.png,0,my liberal privilege kept me out of prison
76458,img/76458.png,0,this one time at camp someone had too much gas
76483,img/76483.png,0,how police officers take out their trash
76489,img/76489.png,0,been talking shit about trump since day one now crying like bitches after getting called out
76491,img/76491.png,0,chocolate good job it dosen't make all children smile
76495,img/76495.png,1,"it's not a hijab it's a diaper, for peoples with shit for brains"
76498,img/76498.png,0,i see a cat let's get it for lunch
76510,img/76510.png,0,"chelsea clinton... so ugly that when she gives head, it counts as anal"
76519,img/76519.png,1,muslims in 2001 defund homeland security! muslim in congress 2019
76521,img/76521.png,1,praise allah! our 72 virgins
76524,img/76524.png,1,damn jews with their fancy strollers
76528,img/76528.png,0,power of christ does not compel this kitty
76532,img/76532.png,1,trump supporters be like mexicans stole my teeth
76534,img/76534.png,1,saddle up boys!!! time too play cowboys
76538,img/76538.png,0,you smell coffee? me neither. make some!
76539,img/76539.png,1,it's not a hijab  it's a diaper for people with shit for brains
76549,img/76549.png,0,mariachis make the party 10x better
76581,img/76581.png,1,white people: all asians look the same also white people:
76582,img/76582.png,0,how my friends introduce me she's our friend and she's crazy!
76583,img/76583.png,1,if your man dresses like this there no doubt he's gay
76584,img/76584.png,1,islam without all the liberal propaganda
76592,img/76592.png,1,he went to jihad's
76810,img/76810.png,0,"this is adam schiff -democrat- house intelligence chairman, on record to have seen overwhelming evidence mueller report delivered 3/22/19 of collusion why more investigations? just ask this clown for what, exactly, he has seen"
76814,img/76814.png,0,make the best out of what you have
76815,img/76815.png,0,this chick can't stand fishing
76819,img/76819.png,0,"maybe if we overpaid teachers and underpaid rappers, there'd be smarter kids and less shitty music! yeayah"
76821,img/76821.png,0,everyone should have exercise in their day to day schedule
76824,img/76824.png,0,"feeling cute might eat hay later, idk"
76825,img/76825.png,0,two woman walking home together after a nice day out together
76840,img/76840.png,1,"islam ""i will instill terror into the hearts of the un believers: smite ye above their necks and smite all their finger-tips off."" quran 8:12"
76843,img/76843.png,1,no nut november champion
76850,img/76850.png,1,would you rather have a gay son or thug son
76851,img/76851.png,0,we have improved in our machines
76890,img/76890.png,0,"fuck outta here go on, git!"
76892,img/76892.png,0,when one of your boy says he's a fan of conor mcgregor
76894,img/76894.png,0,this rape survivor and the man who raped her have teamed up to tell their story
76910,img/76910.png,1,if it's brown flush it down
76914,img/76914.png,1,thank a straight person today for your existence straight pride
76920,img/76920.png,0,runway fashion has become much more inclusive and way more creative!
76923,img/76923.png,0,"""i inherited a mess!"" - donald trump no, you inherited a fortune. we elected a mess!"
76924,img/76924.png,0,in norway we work after dinner
76931,img/76931.png,0,ladies if you like the thugs or bad boys welcome to your future dream home
76932,img/76932.png,0,fine you're right. now can we fucking drop it?
76938,img/76938.png,1,when the ss officer is searching the house for jews and he hears shuffling under the floorboards this is where the fun begins what does ss stand for? serious...nazis
76950,img/76950.png,0,when you've finished with your life of crime
76951,img/76951.png,1,muslim coming omg he looks horny
76952,img/76952.png,1,"i'm sorry, barack but my new transgender law applies to michelle as well"
76953,img/76953.png,0,and if i keep my arms like this i look like a teapot
76980,img/76980.png,0,who was the greatest prostitute in history? ms. pacman for 25 cents she swallowed balls until she died
78014,img/78014.png,0,me checking outside to make sure i still hate the general public
78015,img/78015.png,1,how a woman tells society she is single
78031,img/78031.png,1,what's the worst part of being black and jewish? having to sit at the back of the gas chamber that's reich
78034,img/78034.png,0,god loves you all
78035,img/78035.png,0,smashed potatoes
78039,img/78039.png,1,homosexual
78052,img/78052.png,0,face of terrorism in us
78054,img/78054.png,0,when everything is going wrong but you're positive
78062,img/78062.png,1,questioning america's support for fascist israel ... is unacceptable
78064,img/78064.png,1,original black friday sale
78069,img/78069.png,1,the best way to get chewing gum out of your hair ''
78091,img/78091.png,0,being a preadtor is not love this is love
78094,img/78094.png,1,pray for the starving children while i hold this gold thingy
78095,img/78095.png,0,"""when she says ""don't cum in me"" but you know she'll make a great single mother"
78096,img/78096.png,0,too much alcohol end result
78104,img/78104.png,0,party tonight? i'm down
78124,img/78124.png,0,"to see better, asians sometimes switch to fullscreen view"
78125,img/78125.png,1,i never dated my cuz'n i fucked him but we never dated
78132,img/78132.png,1,all races unite against islam!
78139,img/78139.png,0,i don't know what she's fixing but mine just broke
78164,img/78164.png,0,station just got it's newest fire retardant
78190,img/78190.png,0,it's not high treason it's alternative loyalty
78192,img/78192.png,1,"i just got out of church.. just kidding, i'm not that fucking retarded."
78205,img/78205.png,0,asian drivers test went as expected
78214,img/78214.png,0,i win again! parkinson's center
78215,img/78215.png,0,women will be women
78219,img/78219.png,0,men be like im finally ready to settle down
78231,img/78231.png,0,what are we waiting for again ?
78236,img/78236.png,0,real men don't use violence the fuck is she talking about?
78239,img/78239.png,0,now thats a picture of a brave individual
78243,img/78243.png,1,you call me a goat fucker like it's a bad thing
78260,img/78260.png,1,this offends me ban them do you agree?
78293,img/78293.png,1,woof woof it rooks dericious
78294,img/78294.png,0,muslims in 2001 defund homeland security! muslim in congress 2019
78296,img/78296.png,1,whole world- earth is round buhammad nibba it's flat goatfucker
78302,img/78302.png,0,when you found your wife is cheating on you ya allah
78304,img/78304.png,0,baby bear gets arrested for being too cute
78306,img/78306.png,0,the hardcore way to eat ramen noodles: 1. boil water 2. eat block of ramen 3. drink boiled water 4. snort flavored powder 5 fuck bitches
78314,img/78314.png,1,this steak is so black it's trying to abandon the baby potatoes
78315,img/78315.png,1,my girlfriend went to my family and accused me of beastiality i had no idea goats could even talk
78325,img/78325.png,0,how to make a colorado fruit smoothie
78345,img/78345.png,0,you wanna pet me?? i'd pet me... i'd pet me hard
78351,img/78351.png,0,subway is similar to prostitution you pay someone else to do your wife's job
78365,img/78365.png,1,mein feelings have been hurt
78394,img/78394.png,0,when republicans freed the slaves this is how democrats responded
78395,img/78395.png,0,say the damn pronouns
78401,img/78401.png,1,friends house and he when you at your white starts stabbing his parents only the dead can know peace from this evil
78402,img/78402.png,0,"""state your name for the record"" what page is it on?"
78405,img/78405.png,1,you can't get her pregnant if she's a goat
78406,img/78406.png,0,give a man an opportunity and he'll run with it
78409,img/78409.png,1,i stand with hitler these was this time at auschwitz when i needed medical attention and doctor mengele was there for me
78420,img/78420.png,0,welcome to the generation where mental illness is glorified
78429,img/78429.png,0,life is hard it's harder when you're stupid
78450,img/78450.png,1,what's the deal with the palestinian people? there's no palestine and they aren't people!
78452,img/78452.png,0,they burned my flag because it offended them. i didn't like their shutters
78459,img/78459.png,1,you know like when the tv doesnt work you give it a hard hit and then its all better
78465,img/78465.png,1,mohammed was a pedophile and a rapist true story
78469,img/78469.png,1,when each letter is a mental disorder
78492,img/78492.png,1,white people after 10 shots black people after 10 shots
78493,img/78493.png,0,if you don't like it here then leave
78509,img/78509.png,0,when your mom is mopping the floor and tells you to pick up your feet
78520,img/78520.png,0,run along now felicia you don't want to miss the water truck.....ya thirsty bitch
78532,img/78532.png,1,"when the white kid you've been nice to passes you a book under the table and he wrote ""you're cool. run out of the school when i give the signal"""
78534,img/78534.png,0,why does toilet paper need a commercial? who is not buying this?
78539,img/78539.png,0,after sex selfies
78541,img/78541.png,0,when a dog' s been bad when a cat's been bad
78560,img/78560.png,0,"""so first of all you guys didn't even invite me to your little airport fight and you guys know how much i love fighting so fuck you"""
78563,img/78563.png,0,yes we know trump said he'd build a wall. presidents say a lot of things without acting on them. just to get your vote
78564,img/78564.png,1,"when you take your dishwasher to the restaurant, but it starts talking"
78591,img/78591.png,0,"dad, dishwasher is loaded again '' ''"
78592,img/78592.png,0,where do they get their weapon?
78610,img/78610.png,0,the difference between moderate muslim and radical muslim follow my allah or he kill follow my allah or i kill you! you moderate muslim radical muslim
78619,img/78619.png,0,"when your boss asks why you need to leave early bro, i'm straight-up not having a good time"
78623,img/78623.png,0,like if you agree defending the border is not a political option. it is a constitutional obligation
78624,img/78624.png,0,the look you get when your in the wrong neighborhood
78631,img/78631.png,0,is there anything more beautiful than the islamic call to prayer?
78634,img/78634.png,1,da unbleeble wyness of wypipo kongqueesha washington contributor errythang wypipo do iz raysuss and ebull! dass wy we neeb to keel dem all!
78639,img/78639.png,0,it was on that day tom had enough of jerrys shit
78642,img/78642.png,0,what do you mean happy columbus day?
78650,img/78650.png,0,i remember when your mom dropped you off to school she got a fine for littering
78693,img/78693.png,1,nobody: gordon ramsay: do i need to revive hitler to teach you how to use a fucking oven?
78902,img/78902.png,0,"driving tests, licenses, registration, insurance... they just want to confiscate our cars!"
78903,img/78903.png,1,if a nigga did this he would've got the death penalty
78904,img/78904.png,0,never get too attached cause people wake up with difffrent feelings everyday
78906,img/78906.png,0,you can't get her pregnant if she's a goat
78913,img/78913.png,0,you're telling me i can't pick my bed time? what kind of household is this?!
78915,img/78915.png,0,"if you don't want to talk about it, don't post vague status updates fishing for people to ask you what's wrong"
78921,img/78921.png,0,honey badger don't care
78923,img/78923.png,1,my black boy friend
78924,img/78924.png,0,greetings fellow americans miss me?
78925,img/78925.png,1,trans rights? the only trans i support is the trans-atlantic slave trade
78930,img/78930.png,0,the strength of a father to his daughter
78931,img/78931.png,0,when it's spring cleaning time but you rather sleep
78960,img/78960.png,1,you know like when the tv doesn't work you give it a hard hit and then its all better
78964,img/78964.png,0,dulux color chart matt black gloss black
79014,img/79014.png,0,immigrants illegal aliens the difference is obvious
79018,img/79018.png,0,when you have 3 choco puffs left in your cereal bowl
79024,img/79024.png,1,good morning gamers let's go kill some trannies
79032,img/79032.png,1,kids shouldn't run with scissors lesbians shouldn't scissor with
79036,img/79036.png,0,hey look at me! i'm a serial pedofile
79043,img/79043.png,0,"""you wouldn't stop me if i was a polar bear."""
79045,img/79045.png,1,"i love anal, but my sister hates it"
79053,img/79053.png,0,"yeah, just over that hill on the other side of my property line that's where you can go fuck yourself"
79054,img/79054.png,0,that face you make when you get asked a question and have to think on it for a while
79062,img/79062.png,1,when your german grandfather teaches you how to make gingerbread houses
79068,img/79068.png,0,these wind chimes dont make a sound i guess i should have known the black ones wouldn't work
79084,img/79084.png,0,when you stick it in her ass and hit a rock hard turd a duel!
79103,img/79103.png,1,"racism exists among all races in the world.. white people are just better at it, like most things"
79104,img/79104.png,0,when you can be confident and love yourself no matter your skin condition
79124,img/79124.png,1,luigi got big tiddies i don't support faggot
79125,img/79125.png,1,its national hebrew day   go pick up a hot girl
79128,img/79128.png,1,will you hurry up and die you chocolatey little fuck i'm fucking starving
79138,img/79138.png,1,never trust women
79140,img/79140.png,0,do not forget the people who helped build our nation
79146,img/79146.png,0,breaking: rep. ilhan omar broke federal tax law she filed her taxes jointly with a man to whom she was not legally married
79162,img/79162.png,0,if you like your baby you can keep your baby 2020 dnc campaign slogan
79165,img/79165.png,1,who were the fastest readers in the world? the 9/11 victims cause they went through 87 stories in 10 seconds
79168,img/79168.png,0,immigrant problem problem fixed
79182,img/79182.png,1,i told my gay friend that i can turn fruits into vegetables and he told me to prove it so i pushed him off a balcony
79185,img/79185.png,1,its spring so don't forget to reverse your battery cables so the air conditioner comes on instead of the heat
79205,img/79205.png,0,i am never drinking with you fuckers ever again!
79234,img/79234.png,0,that look when your father sells you for a goat
79250,img/79250.png,1,crackers gonna crack
79258,img/79258.png,0,digging up something is hard guess excavation isnt for everyone
79280,img/79280.png,0,manual tranny automatic tranny rebuilt tranny
79285,img/79285.png,0,an indian an african american and a mexican walk into a bar...just kidding! it's just three white liberals
79286,img/79286.png,0,been talking shit about trump since day one. now crying like bitches after getting called out
79302,img/79302.png,0,this chocolate brown dress looks good on you
79305,img/79305.png,0,i don't like this post gas it
79312,img/79312.png,0,for seal thanks.. very fucking useful
79314,img/79314.png,1,"""we demand our city be made a sanctuary city for illegals!"" ""they are trying to send illegals to our sanctuary city!!!"""
79315,img/79315.png,0,laughs in 52% of us crime rate
79321,img/79321.png,1,captain america when he arrives back in the forties i'm gonna say the n word!
79325,img/79325.png,1,"you can cry about ""islamophobia"" all you want ! we don't give a rats ass about allah ~arv~ we the people of america stand with israel"
79328,img/79328.png,0,"sorry, trump... i just prefer presidents who weren't captured by putin!"
79346,img/79346.png,0,voting for hillary is like letting casey anthony watch your kids because she's not guilty
79348,img/79348.png,0,im going to pee in the house
79351,img/79351.png,1,jew mad? get fuhrerious!
79352,img/79352.png,1,i got arrested for punching this guy at a new years party. when you hear an arab counting down from ten your instincts kick in
79358,img/79358.png,0,all walks of people can celebrate the gift of life
79368,img/79368.png,0,how do you start a rave in ethiopia tape a peice of toast to the ceiling
79384,img/79384.png,0,mexico first america last
79385,img/79385.png,0,"well judge, made me do it all remember it was me who first said was kenyan"
79386,img/79386.png,0,wanted: ''fled from the kitchen''
79406,img/79406.png,1,what do you get when you see bill cosby in double vision raped
79423,img/79423.png,1,visit germany before germany visits you
79425,img/79425.png,0,remember 9/11
79426,img/79426.png,0,i wish i was your baby.. so i could spend 9 months inside you
79428,img/79428.png,0,when you finally trim months of growth your pubes after 6 oh there you are peter!
79451,img/79451.png,1,"""where did you learn to make kool-aid like that britney?"""
79461,img/79461.png,0,being blind never stopped ray charles from achieving his dreams
79463,img/79463.png,1,when each letter is a mental disorder
79485,img/79485.png,0,my mom says i can get 1m likes
79512,img/79512.png,0,look at all these shooting targets
79516,img/79516.png,0,i'm not saying you are a slut but you are easier than poland
79562,img/79562.png,1,blind people will be so happy when they see these new emojis
79568,img/79568.png,0,in my country i am forced to keep my mouth shut. but here i i am free to talk trash about this country in hopes that it can soon change into a country where i am forced to keep my mouth shut
79581,img/79581.png,1,"big bird's species were mostly scavengers. but like the turkey vulture, they would attack weakened prey"
79584,img/79584.png,1,who's down for a 3.5 way
79605,img/79605.png,0,market day
79608,img/79608.png,1,a muslim walks into a gay bar. bartender: what will it be? muslim: free shots for everyone!
79610,img/79610.png,0,one does not simply walk into north korea
79612,img/79612.png,0,racing for pink slips in africa
79613,img/79613.png,0,time to kill some motherfuckers!!
79614,img/79614.png,1,iraqi women are so ugly they have to wear a sheet so dudes can imangine they're fucking a goat
79623,img/79623.png,0,when the whole family wants to go on the party boat
79624,img/79624.png,0,just as i suspected   you're stupid from this angle as well
79638,img/79638.png,0,"it's sad obama you had the chance of a lifetime to build a bridge, so we could all walk across it together instead you did everything you could in your power to divide us and make us hate one another, yeah, you built that!"
79652,img/79652.png,0,when you start fingering yourself but your sister cums instead
79658,img/79658.png,0,"bull shit, the evolved form of nonsense"
79680,img/79680.png,1,when you finally graduate in a school in the usa
79681,img/79681.png,0,"hahahaha this sucks, man"
79682,img/79682.png,0,happy birthday dickhead
79803,img/79803.png,0,when did you have lunch?
79806,img/79806.png,0,"when you ask them if they're having a seizure but they just spasm on the ground instead of answering you all right, then. keep your secrets"
79815,img/79815.png,0,when you go to the store for a dishwasher but you find your best friend instead
79823,img/79823.png,1,"redneck word of the day : inhale "" why inhale did i go to walmart today ""?"
79830,img/79830.png,1,"""jet fuel"" ""arabs with boxcutters """
79832,img/79832.png,1,"when the deaf kid insults you with sign language, so you break his fingers modern problems require modern solutions"
79834,img/79834.png,0,when muslims attack be prepared to fight back
79845,img/79845.png,0,number of pictures from when michelle obama was pregnant with sasha and malia zero
79846,img/79846.png,1,"have you ever studied the history of the jews? did you know that they have always banded together as a tribe, infiltrated governments, monopolized the financial systems of nations instigated wars and intentionally created chaos in societies? the jews have mass murdered millions of non- jews over the centuries theyve seized control of the media so you'll never find out study the history of the jews!"
79850,img/79850.png,0,it's called a joke we used to tell them before people became offended by everything.
79853,img/79853.png,0,the new democratic flag
79854,img/79854.png,1,you knew that was the wrong hole you're goddamn right i did!
79856,img/79856.png,0,my friends coming to see me after a crazy friday night
79864,img/79864.png,0,never forget
79865,img/79865.png,0,removes polish with chemicals nobody bats an eye removes polish with chemicals everyrody loses his shit
80123,img/80123.png,0,every man needs a decent coffee maker
80126,img/80126.png,0,"ugh, this water is really salty and weird"
80134,img/80134.png,0,this piece of jewelry costs more than my yearly income
80152,img/80152.png,0,im not saying you're an idiot.. but you're a fucking idiot
80153,img/80153.png,0,i love it when people think my posts are about them as if i had enough time to insult you bastards individually
80154,img/80154.png,0,"i just realized my life turned out better than yours checkmate, bitch"
80156,img/80156.png,1,we can kill as many as we want and your stupid government keeps bringing us in
80162,img/80162.png,0,it took you 10 minutes to get home google maps says it takes 8. who is she?!
80165,img/80165.png,0,look! johnny knoxville! it's ba'am!
80169,img/80169.png,1,(muslim noises)
80172,img/80172.png,0,whats wrong with your skin? why is it like that? oh you're black? thats pretty cringe
80173,img/80173.png,0,whatsthe difference between heroin and i? cops think twice before shooting heroin
80174,img/80174.png,0,four-legged friends can be found from the least expected walks of life
80179,img/80179.png,0,dishwasher for sale missing parts
80193,img/80193.png,0,"black girl with green contacts? bitch, stop it. you look beautiful naturally"
80195,img/80195.png,1,how do you know if a black guy is well hung? you can't fit your finger between the rope and it's neck!!
80196,img/80196.png,0,illegal aliens are not welcome
80197,img/80197.png,0,former first lady during an interview
80214,img/80214.png,0,when the dope man tells you you're onna have to earn a front but i poop from there.
80217,img/80217.png,0,ready for a king of the hill marathon?
80237,img/80237.png,0,when nobody knew who you were until you got on your knees
80239,img/80239.png,0,when you ask your girlfriend who tf is texting her at 1:47 a.m
80241,img/80241.png,0,"we are no longer a christian nation whatever we once were ""the future must not belong to those who slander the prophet of islam "" """
80247,img/80247.png,0,the pimp hand strong enough for man but made for teaching
80251,img/80251.png,0,we talked about it i agreed dinner would be ready on time in the future
80256,img/80256.png,0,damn girl that's a policy i could get behind
80259,img/80259.png,1,what's the difference between an illegal immigrant and e.t.? e.t. learned to speak english and he wanted to go home!
80265,img/80265.png,0,oh no she's broken!
80269,img/80269.png,1,this is really out of mein kampfert zone
80276,img/80276.png,0,"wanna race? sure, first one to the tree"
80279,img/80279.png,0,we '' protects pedophiles from being prosecuted
80297,img/80297.png,0,not all feminist are this extreme
80316,img/80316.png,1,it's time for the entire free world to unite against islam because the savages are already united against us
80317,img/80317.png,0,ice cube has been targeted by gay activist for using homophobic lyrics in the past
80319,img/80319.png,0,venezuelans are being marked with numbers to stand in line at government supermarkets 1832 this is what democrats want to bring to america
80327,img/80327.png,0,mr. wilson you have to take your pill with water . you can't crush it up and snort it off my tits
80341,img/80341.png,0,says he's going to destroy isis too scared to speak in chicago
80347,img/80347.png,0,i wanna see the most fucked up meme. lets see what you got
80356,img/80356.png,0,psst. hey european citizen wanna buy some illegal memes?
80361,img/80361.png,1,thanks trump for my new job making america white again
80365,img/80365.png,0,when you see your girl with another man
80379,img/80379.png,0,when your dad comes home from a suicide bombing
80395,img/80395.png,0,"andy, she's a nut!!!"
80397,img/80397.png,1,no islam in europe go home
80425,img/80425.png,0,the guy who created the joke the jokers
80436,img/80436.png,0,whydo keep these liberals fight to and fight to kill these
80451,img/80451.png,1,god : *creates women* humans : *creates dishwashers* god :
80453,img/80453.png,1,the best thing about pulling a transgender. you know it will do anal
80513,img/80513.png,0,"put'n the ""ham"" in mohamed"
80521,img/80521.png,0,him: the dishwasher is acting weird her: what's it doing? him: chopping fucking vegetables
80532,img/80532.png,0,lovely couch you have here it'd be a shame if someone were to shit on it
80534,img/80534.png,0,they trained you to hate the only man with the balls to stand up to them
80537,img/80537.png,1,uncle daddy and me gonna have us a nephson
80539,img/80539.png,0,bruce jenner's puppy
80567,img/80567.png,0,happy birthday i nose it will be good
80576,img/80576.png,1,black people anything thoat doesn't belong to them
80591,img/80591.png,0,welcome home
80593,img/80593.png,0,this is bill bill supplies his guests with beverages bill makes sure they have a place to sleep bill is a gracious host be like bill
80612,img/80612.png,1,r.i.p trayvon martin
80613,img/80613.png,0,celebrating the weekend like
80614,img/80614.png,0,florida schools are forcing students to stand during national anthem if you support this please like and share
80615,img/80615.png,0,doctor: take this medicine after food african kid:
80625,img/80625.png,0,hey guys wanna buy some magic?
80627,img/80627.png,0,the best way to get through life is to keep on smiling
80629,img/80629.png,0,if ignorance is bliss this is the happiest man on the planet
80649,img/80649.png,0,"having a terrible day please post your most offensive joke in the comments i feel like sulking, but also laughing"
80652,img/80652.png,0,how to remember kid in hot car keep 2nd road beer with them
80672,img/80672.png,0,if you want something get off your ass and earn it
80714,img/80714.png,0,"as for the open liquor, i live in my car. my car is my home. i'm sure you have liquor in your home. cops pull you over in your house, how is that open liquor?"
80734,img/80734.png,0,"old people at weddings always poke me and say ""you're next."" so, i started doing the same thing to them at funerals"
80735,img/80735.png,0,if there's no one to hold your hand put your hands in your pocket and continue
80736,img/80736.png,0,"you have adhd? well, i know a place i can send you where you'll learn to concentrate"
80742,img/80742.png,1,brett kavanaugh grabbed my penis
80764,img/80764.png,1,this is a snakes mouth it all makes fucking sense now
80765,img/80765.png,0,bitches are like stitches pick on them and they open up
80769,img/80769.png,0,when you are doing random stuff and realise you left the oven on
80792,img/80792.png,0,when you introduce someone to a new meme you like that?
80924,img/80924.png,1,to all you salt water whiteback supremacists... ...your uber is here!!!
80925,img/80925.png,0,good things small packages
80926,img/80926.png,0,hunger games he's winning
80927,img/80927.png,0,quit monkeying around
80932,img/80932.png,0,a picture to remember our fun night out
80935,img/80935.png,0,why does the human-slave keep stealing my poop with a tiny shovel?
80941,img/80941.png,0,the day i realized i didn't need no bitch to bust a nut
80942,img/80942.png,0,never forget i was killed in front of my children and my pregnant wife
80943,img/80943.png,0,did my post offend you? tell me which one so i can post ten more just like it you sensitive little bitch
80945,img/80945.png,1,feminist literature? you mean cookbooks?
80954,img/80954.png,1,i got some muhammed for you right here howyou like me now?
80957,img/80957.png,1,i agree hi 5 bro
80965,img/80965.png,1,"my milkshake brings muslims to the yard, and they're like .. allahu akbar!"
80967,img/80967.png,1,this would be racist if black people could read
80971,img/80971.png,0,the smile you make democrat privilege: i got away with it when the race card buys your freedom
80972,img/80972.png,1,why do muslims were towels on their heads so if they run out of toilet paper they have something to wipe their ass
80974,img/80974.png,0,for no reason here's an image of bacon and cats
80976,img/80976.png,0,is white or black said no veteran ever!
81026,img/81026.png,0,america will never be a socialist nation!! what the hell? oh shit
81027,img/81027.png,1,didn't stand during the national anthem.. no one said a word... #whiteprivilege
81036,img/81036.png,0,perfect day until you remember you haven't showered in a week
81043,img/81043.png,0,"they should not be allowed to have kids you made your choice bitch, now live with it!"
81047,img/81047.png,0,fuck that puto!
81054,img/81054.png,0,"put'n the ""ham"" in mohamed"
81059,img/81059.png,0,i like my refugees like this '' '' ''
81063,img/81063.png,0,when you only workout using body weight
81064,img/81064.png,0,"your tits... in my hands, put them you will"
81069,img/81069.png,0,when you bout to nut in your cousin and you hear the barn door open
81079,img/81079.png,1,"everyone knows hitting appliances that stop working, sometimes fixes the problem"
81092,img/81092.png,1,when you argue with a black person online i'm gonna do what's called a pro-gamer move
81093,img/81093.png,0,happy birthday you sexy beast
81094,img/81094.png,0,new swing set installed at linkin park
81096,img/81096.png,0,every refrigerator has a crisper drawer which is a great place to hide your vegetables while they rot
81097,img/81097.png,0,at sunset in piazza vittorio the islamic community commemorated with a public prayer
81203,img/81203.png,1,holy fuck 50 muslims on one credit
81206,img/81206.png,0,ain't no allah back girl
81207,img/81207.png,0,years ago slaves would be used for farming
81243,img/81243.png,0,when you spam your friends with kdrama and kpop memes i'm in the middle of gracing you with a divine blessing
81245,img/81245.png,1,when you are hanging out with your black friends and they finally give you a cool nickname cracker
81249,img/81249.png,0,husband husband you are my husband
81254,img/81254.png,0,shout out to my nsa agent giving my memes 1 view even before i submit them
81256,img/81256.png,1,when you have a small dick and tell a jewish girl to suck it i can't
81257,img/81257.png,0,"old people at weddings always poke me and say ""you're next."" so, i started doing the same thing to them at funerals"
81259,img/81259.png,1,when you see a child in a gay parade half naked twerking with everyone celebrating ernie prepares to commit a hate crime
81260,img/81260.png,1,"the ink pen has always been one of the most deadliest weapons of the caucasian with it he can sign your life away to poverty, prison, and slavery"
81263,img/81263.png,0,who you are inside matters more than how you want others to see you
81265,img/81265.png,0,you'd be angry too if you found out they cancelled your favorite show
81273,img/81273.png,0,sure i shit talk the people i like but i shoot the people i don't like so that has to count for something right?
81279,img/81279.png,1,islam is a religion of peace behead those who mock islam
81293,img/81293.png,0,a black man invention
81294,img/81294.png,1,lmco laugh my cock off
81296,img/81296.png,0,a tragedy
81304,img/81304.png,0,muslims goats
81305,img/81305.png,1,isoroku yamamoto: i just attacked pearl harbor hitler: what why would you do that? isoroku yamamoto: i'm gonna be honest...i'm kind of retarded
81320,img/81320.png,0,when she likes her hair pulled
81349,img/81349.png,0,when you convert your dishwasher into a weed eater
81359,img/81359.png,0,what do you get when you cross a pedophile and a pirate arrrrrrr kelly
81365,img/81365.png,1,"wait, mohammad come back!! i didn't mean to laugh, really size doesh't matter to me lol"
81374,img/81374.png,1,meet muhammed
81390,img/81390.png,0,the face she makes when you hit the g-spot
81394,img/81394.png,0,"""i went to walmart and picked up a new sandwich maker."""
81403,img/81403.png,1,when someone tells me women must serve men
81409,img/81409.png,0,if he's marrying me then why's he fucking a goat
81423,img/81423.png,1,joe jackson the first father to successfully beat the black off his child
81436,img/81436.png,0,now that's a level of stupid i've not seen in a long time
81450,img/81450.png,1,whenever white patriarchy wants to turn me into its fucking bitch
81457,img/81457.png,1,muslims are varied as anybody else but islam is a destructive ideology
81467,img/81467.png,0,"roses are red, violets are fuck i count to potatoe, then to firetruck"
81497,img/81497.png,0,we have to stop this recent culture of people telling us they're offended and expecting us to give a fuck
81509,img/81509.png,0,don't be a horrible driver or this could be you
81529,img/81529.png,0,happy pride month let's go beat up lesbians
81532,img/81532.png,0,last summer it was very hot
81536,img/81536.png,1,when you look in your neighbor's yard and see an illegal immigrant mowing their lawn
81540,img/81540.png,1,muslims in 2001 defund homeland security! muslim in congress 2019
81546,img/81546.png,1,when i was a kid i thought black people were made from anal sex
81576,img/81576.png,1,"him: ""you have to respect our religious beliefs"" me:"
81579,img/81579.png,0,the look your women gives you when you can't finsh the job
81602,img/81602.png,1,this transgendershit is getting outta hand
81603,img/81603.png,0,what's the deal with black people they're not black and they're not people
81624,img/81624.png,1,"so like, why are men even gay? girls have buttholes too you know.."
81625,img/81625.png,0,"before i get drunk, lose my phone, get naked and arrested i want to wish you assholes a happy new year"
81630,img/81630.png,0,being disabled doesn't stop me
81645,img/81645.png,0,you with the goat stop that!
81673,img/81673.png,0,when they don't get the memo that they lost the war
81675,img/81675.png,0,when your boss asks for the report but you went out the past few nights
81679,img/81679.png,0,nazi fitness camp before and after body transformation within hours
81692,img/81692.png,0,meanwhile at the isis strip club
81705,img/81705.png,0,human testosterone injections? why would you think that?
81706,img/81706.png,0,when you have to fight captain america because you had an argument
81720,img/81720.png,0,let's go! staring contest!
81724,img/81724.png,0,why are we walking? your mom woke up mad son
81734,img/81734.png,0,when instincts take over
81759,img/81759.png,1,"we raped your women, pillaged your land and murdered you the most but now, i baptise you in the name of the father"
81760,img/81760.png,0,what does a baby from auschwitz look like?
81764,img/81764.png,0,"tuesday, january 17, 2017 your legacy had less than 72 hours left and most of it could be undone with a pen and phone in less than 20 minutes"
81792,img/81792.png,0,i don't see color or race because i make sure to surround myself with a diverse group of people
81902,img/81902.png,0,i'm not a smart man but at least i didn't vote for trump
81904,img/81904.png,1,"remind your father while he's carving the turkey that your sister prefers 'dark"" meat as you glance over at her bastard mixed race chilren"
81934,img/81934.png,0,"brows can't be rushed just like a mustache can't be rushed, you'll end up with too little or the wrong shape"
81940,img/81940.png,1,why u add me troii no trolls allowed !!! you the feds?
81942,img/81942.png,1,666 6 protons 6 neutrons 6 elektrons 666 is the chemical make up of black people! not any beast... unlearn their bullshit !
81943,img/81943.png,0,the look you have when your dad cuts your hair
81946,img/81946.png,0,"""stupid bitch"" is not a race"
81947,img/81947.png,0,symbol of stupidity
81950,img/81950.png,0,every hour a warrior fights alone call your brother
81953,img/81953.png,0,"musslamic democrat, ilhan omar, has threatend members of congress she's told several republicans that shel'll send them ""shawarma"", to ""give them a taste of her culture"" share to say arrest her now!"
81956,img/81956.png,0,sharks don't attack him why? they think it's whale shit
81962,img/81962.png,0,they laughed when i said that i will drain the swamp they're not laughing now !!
81963,img/81963.png,0,the old lady treats arthur to some delicious cookies she's baked
81972,img/81972.png,0,"a veggie hot dog made from plants instead of eyeballs, lips"
81975,img/81975.png,0,best thing about an ethiopian blowjob?... you know shes gonna swallow!!!
81976,img/81976.png,1,"bull shit, the evolved form of ape man"
82014,img/82014.png,0,happy birthday can we go to a mexican restaurant? we will pay
82016,img/82016.png,1,christians don't believe they evolved i agree
82037,img/82037.png,0,my father and mother like me to be a boxer
82043,img/82043.png,0,"how dare you criticize me, a woman of color"
82045,img/82045.png,0,made six million fed five thousand jews with jews toast five loaves and two fish
82076,img/82076.png,0,when catnip got mixed with the turkey
82079,img/82079.png,1,when you're picking cotton as fast as your ashy hands can and then you hear your master crack his whip
82094,img/82094.png,0,teacher asked what comes after a sentence told her an appeal
82097,img/82097.png,0,shutting the fuck up is vegan and gluten free you should add that to your diet
82104,img/82104.png,1,hell yeah nig- i mean brother!!!
82134,img/82134.png,1,the test results are in and... you are a nigger
82139,img/82139.png,0,why do black people smell bad? so blind people can hate them too
82150,img/82150.png,1,the only time it's ok to finger your sister
82154,img/82154.png,1,when you ask the jewish girl for her number and she starts rolling up her sleeve
82156,img/82156.png,0,i win again! game center
82163,img/82163.png,1,please make them white
82165,img/82165.png,0,holy shit look at the gas bill
82169,img/82169.png,0,meanwhile at the isis strip club
82179,img/82179.png,0,do you have any idea how black you were going
82190,img/82190.png,0,shit posting groups: *exist* indogs: it's free real estate
82195,img/82195.png,0,you fucking liar that blowjob did nothing for my sore throat
82310,img/82310.png,0,answer the phone . no signal out here! haha
82316,img/82316.png,1,when you forgo history and embrace your slavemaster
82346,img/82346.png,0,my goal for 2018 is to accomplish the goals of 2017 which i hould have done in 2016 because i promised them in 2014and planned them in 2013
82356,img/82356.png,1,"the numbers are supposed to go down, not up!"
82359,img/82359.png,1,.... if only it gave you legs
82367,img/82367.png,1,15 years in prison??? that means my next girlfriend hasn't even been born yet!
82369,img/82369.png,0,"impeach and deport ilhan omar ""this is not going to be the country of white people. -rep. ilhan omar (d-mn)"
82379,img/82379.png,0,there's so much white trash in this picture i barely know where to start!
82396,img/82396.png,0,california wildfire made millions homeless
82403,img/82403.png,0,"everybody loves chocolate chip cookies, even hitler"
82406,img/82406.png,0,i'm going trans hunting
82413,img/82413.png,1,it's not rape it's a cuddle with a struggle
82450,img/82450.png,0,keep us safe from rats
82457,img/82457.png,0,ring ring hello? i've been waiting for your call all damn day!!!
82460,img/82460.png,0,i may be blind but at least i'm not dead
82461,img/82461.png,1,i hate when i see a black out in my neighborhood but i still offer my neighbors a candle
82476,img/82476.png,0,marks left by a chevy marks left by a ford
82501,img/82501.png,0,now is the winter of our discontent day made glorious summer by this hump
82503,img/82503.png,0,hurry up barack will be home soon
82510,img/82510.png,1,what's the difference between harry potter and the jews? harry managed to escape from the chambers
82531,img/82531.png,0,help the needy worldwide!
82539,img/82539.png,1,muslims in 2001 defund homeland security! muslim in congress 2019
82540,img/82540.png,1,nobody: european jews after 1933: now we're the skeleton crew
82541,img/82541.png,0,when you take a bottle of water to africa
82549,img/82549.png,0,30 seconds into chloroform and chill and she gives you this look
82563,img/82563.png,0,stop being a little bitch
82593,img/82593.png,1,overly attached muslim girlfriend i killed your other 4 wives so you have more time to beat me
82596,img/82596.png,0,i am ready to serve my first term
82603,img/82603.png,1,"felt cute, might go sit down to pee idk"
82609,img/82609.png,1,good morning gamers let's go kill some trannies
82631,img/82631.png,0,what if marty feldman had a daughter? he did
82635,img/82635.png,0,i am jealous of her she's so pretty
82637,img/82637.png,0,"""where you can get with that bull shit what is "" fuck outta here"" correct"
82647,img/82647.png,0,dark humor is like food not everyone gets it. #justnorthkoreathings
82651,img/82651.png,1,get the hell out
82657,img/82657.png,0,a wax figure of anne frank
82673,img/82673.png,0,how to cook turkey in usa how to cook turkey in romania
82674,img/82674.png,0,"democrats, the test results are back and donald trump is your daddy"
82679,img/82679.png,0,why aren't the needs of children everywhere being met?
82693,img/82693.png,1,god created this not that
82697,img/82697.png,1,when you catch your goat with another man ya done fucked up
82704,img/82704.png,0,just a moroccan gentleman playing on on his guembry
82705,img/82705.png,1,what's worse than a female driver?
82714,img/82714.png,1,and this is planet watermelon where the rivers are grape soda and fried chicken grows on trees
82719,img/82719.png,1,intense game of twister auschwitz 1942
82730,img/82730.png,0,you rape em we scrape em no fetus can defetus
82736,img/82736.png,1,picked up 2 new pillows and dishwasher at the flee market winner winner chicken dinner
82740,img/82740.png,0,your daddy shoulda pulled out!
82743,img/82743.png,0,whatever this is... it's an auburn fan
82756,img/82756.png,1,destroying babri hindu niqqas after buslims after throwing stones on local mandir
82761,img/82761.png,1,"if your phone gets wet, try putting it in dry rice at night, the rice will attract asians who will fix your electronics for you"
82763,img/82763.png,0,"--and if anything happens, the women are to blame -- that's right, it's their fault, definitely"
82765,img/82765.png,0,jewish men supporting a politician on views that are important to them
82793,img/82793.png,0,damn chewbacca ewoks are our friends
82794,img/82794.png,1,sweet jesus we're delicious
82914,img/82914.png,0,you should vote for me because i do not suck! we already knew that!
82916,img/82916.png,0,you're entitled to nothing want it? earn it
82940,img/82940.png,0,sea monkeys
82941,img/82941.png,0,"""trump's rally lines are big his ""concentration camp"" lines are yuuuge"
82943,img/82943.png,1,we got my blind cousin a puppy for christmas
82946,img/82946.png,1,i love you darling stupid i am here
82947,img/82947.png,0,sure timmy i'll hold your mayo
82960,img/82960.png,0,the stocks were a public torture device that immobilized the feet of the punished person
82963,img/82963.png,1,if there are no blacks there would be no racism
82973,img/82973.png,0,when your little one brings home his first girlfriend
83014,img/83014.png,0,hahaha... fuck you bitch
83024,img/83024.png,1,now i know why bitches raise their one leg up!
83025,img/83025.png,1,but i'm israeli god promised me the car!
83052,img/83052.png,1,"when your sister only bangs black guys and gets knocked up ...and you literally become ""a monkey's uncle!"""
83056,img/83056.png,1,sea monkeys
83059,img/83059.png,0,"a ""man bun?"" i tie my hair like that giving head"
83061,img/83061.png,0,only josh can prevent wildfires dammit josh you had one job
83064,img/83064.png,1,the hollow coa$ter
83074,img/83074.png,0,if you're gonna screenshot a meme at least crop out the black space
83076,img/83076.png,1,no matter what anyone tells you racism is ok
83095,img/83095.png,1,what!? no i am not asian '' ''
83125,img/83125.png,1,"when your girl is bulimic, but you like gagging sounds, so you call her ""fatty"" while you beat your meat in the shower"
83127,img/83127.png,0,been dropping blessings all year like
83140,img/83140.png,0,when the food you made actually taste good
83145,img/83145.png,0,"been here 6 generations, gets loan to be repaid in full from the government. been here 3 months gets $1400/wk from the government"
83150,img/83150.png,1,10 years challenge 2019 2009
83152,img/83152.png,1,1 bomb every minute
83170,img/83170.png,0,always buy the bigger bottle better safe than sober
83175,img/83175.png,1,when you catch your goat with another man
83201,img/83201.png,1,scientists announced that dolphins are second to man in intelligence that pushes women to 3rd place
83205,img/83205.png,0,randomly deciding to bake something
83206,img/83206.png,1,"yes man, you were right... i could have killed all the jews, but i left some of them to let you know why i was killing them"
83207,img/83207.png,0,who said that women can't park
83215,img/83215.png,1,i've been here once they stole my stuff and claimed god gave it to them
83216,img/83216.png,0,you know it's going a be a serious blow job when he puts his hair up in a manbun
83219,img/83219.png,1,"normal people: ""black squirrel"" me: ""squigga"""
83246,img/83246.png,1,why don't jews eat pussy? because it's too close to the gas chamber
83256,img/83256.png,1,i was really shocked when my wife gave birth and the baby was black. is there anything that woman can't burn?
83257,img/83257.png,0,this man should motivate everybody
83271,img/83271.png,1,having a bad day? you could be a siamese twin attached to gay brother who has a date and your the only one with an ass
83290,img/83290.png,0,"first of all, take a moment to realize who the fuck you are talking to"
83295,img/83295.png,0,liberals are outraged by president trump's lack of protocol when meeting the queen of england
83296,img/83296.png,0,and then i beat the usa immigration sytem by marrying my own brother! and i even got a job in congress! these americans are so stupid!!!
83402,img/83402.png,0,my car had some trouble i need to take it to a mechanic
83415,img/83415.png,0,"and then i said, mr. president there's no walmart's in north korea only targets"
83427,img/83427.png,1,if i had $10 for every gender only got $20 in my pocket
83429,img/83429.png,1,"when you kick a trans woman in the crotch you see, he's just a man"
83456,img/83456.png,1,whats the difference between santa and the jews santa goes down the chimney
83461,img/83461.png,0,picture portaying slaves arriving on ships
83476,img/83476.png,0,my kids will never know that awful feeling of realizing there's no vhs tape behind the box at the video store
83490,img/83490.png,0,you say islam is violent? i will kill you
83492,img/83492.png,0,"when someone starts acting all friendly, but you already know what they really are"
83504,img/83504.png,1,look son... another terror attack by peaceful muslims!
83509,img/83509.png,1,when a girl says she is lesbian so you become trans to smash modern problems require modern solutions
83510,img/83510.png,0,the look you give when you gonna start trouble
83517,img/83517.png,0,when you remember you have leftovers in the fride when you realize someone ate it before you got home
83527,img/83527.png,1,"let me ""talk"" to the ceo of lgbt"
83547,img/83547.png,1,"""why do ""white people"" own so many pets ? because we're not allowed to own people anymore """
83549,img/83549.png,1,first off i am hebrew! not a damn muslim get it right
83560,img/83560.png,0,this is what happens when you're gay in a muslim country
83570,img/83570.png,0,the loudest one in the room.. is the weakest one in the room
83571,img/83571.png,0,just got angry all over again thinking about how zola made unathi umsunu nationally. saying unoxolo is just a friend kodwa akana address akana bellas then how the fuck is she your friend the lies! the lies!
83579,img/83579.png,1,when you can't decide to pre heat the oven or just throw the meal in right away
83602,img/83602.png,1,not going anywhere a while? for sniggers
83607,img/83607.png,0,"your sense of humor is so dark, people are worried about you"
83609,img/83609.png,0,america doesn't need a gun ban it needs an idiot ban
83615,img/83615.png,0,"in the north they shovel snow, but in the south we shovel ashes"
83619,img/83619.png,1,"i went to school and nikker cheated, ahh fuck"
83624,img/83624.png,1,i'm trying to put a load in the dishwasher him: me too!
83650,img/83650.png,1,"allah akbar! islam is the only religion where shouting its ""slogan"" makes people think they are about to die in a terrorist attack"
83651,img/83651.png,0,meanwhile in summer camp
83657,img/83657.png,1,nein shawty its ya bday anne frankly i hope you celebrate it with bae
83670,img/83670.png,0,"then she said, ""go with your other bitch!"" bitch! you are my other bitch!"
83692,img/83692.png,1,when you walk into the furry convention and you pull your ar-15 out purification is imminent
83701,img/83701.png,0,will you hurry up and die you chocolatey little fucker i'm fucking starving
83704,img/83704.png,0,we broke up but she said we could still be cousins
83719,img/83719.png,1,most people see a junkie meth addict i see a punching bag and a $10 blowjob one man's trash is another mans treasure
83740,img/83740.png,0,rev up those gas chambers
83756,img/83756.png,0,drive very cautiously on this road of life because folks will turn on you with no signal
83760,img/83760.png,0,you can tell that it's aspen tree because of the way it is
83764,img/83764.png,1,"muslim at the entrance: ""hello brother!"" brenton tarrant:"
83765,img/83765.png,0,so....i guess you can't give me an old fashioned... ....how bout a bj?
83794,img/83794.png,0,i'm not talking to myself i'm thinking out loooooooud!!
83901,img/83901.png,0,am i gonna wish you happy birthday? dafuq else im'a do
83905,img/83905.png,0,i wish i could stand by you!
83907,img/83907.png,1,barbed wire fence hall of cost victims let me eat let me eat
83914,img/83914.png,1,obama voters
83916,img/83916.png,0,"dad why do we stink? so blind people can hate us too, son"
83921,img/83921.png,1,this faceapp stuff is incredible!
83927,img/83927.png,1,' i'm gonna be a tranpa!
83941,img/83941.png,0,largest drug bust in u.s. history.... 2 tons of crack!!
83957,img/83957.png,1,in my country i am forced to keep my mouth shut. but here i am free to talk trash about the u.s. in hopes that it can soon change into a country where i am forced to keep my mouth shut
83960,img/83960.png,0,protect gays rights
83964,img/83964.png,1,has orgasm shoots tranny fluid
83965,img/83965.png,1,"bitch.. shut your ugly crack addict looking, poor white trash ass up"
83972,img/83972.png,1,you're a killer! your only purpose in life is too skull fuck the enemy into submission! just let it all go and act normal!
83976,img/83976.png,0,me and the boys after killing innocent people in a bomb blast
84013,img/84013.png,0,dont ask me how i get on that cliff
84016,img/84016.png,1,i'm going to post a bunch of slutty pictures and act promiscuous on the internet why doesn't anyone want to date me? all men are trash
84021,img/84021.png,0,tranny for sale
84059,img/84059.png,1,"trans women are women, trans women are women, trans women are women, trans women are women, she still gotta get a prostate exam at 40 tho"
84061,img/84061.png,0,how they see themselves how god sees them!
84069,img/84069.png,1,new seatbelt design: 45% less car accidents
84072,img/84072.png,0,when you're fucking but wanna make sure he's not stealing anything
84076,img/84076.png,0,when you're lonely and have no one to pull the anal beads out for you
84091,img/84091.png,0,"""quick, you need to get me to russ..."" hey, donny ""wtf!"
84097,img/84097.png,1,when each letter is a mental disorder
84103,img/84103.png,0,you sicced all of your corrupt goons after me for 3 years and i came out clean. now it's my turn to send my justice-seeking patriots after you and your corrupt goons. let's see how you all come out!!!
84106,img/84106.png,1,white people be like it's you and me. black people be like look at these dumb ass crackas sittin in the middle of the damn road
84120,img/84120.png,0,when u tryin to be cute but she gotta make everything sexual
84125,img/84125.png,0,when you beat the red light
84152,img/84152.png,1,when your dishwasher  is done for good
84153,img/84153.png,0,when i finally find out who is responsible for my low gpa oh you gotta be shitting me
84172,img/84172.png,0,michelle obama don't find that funny
84176,img/84176.png,0,i like this post keep it
84179,img/84179.png,0,"what is girlfriend ....? addition of problems, subtraction of money multiplication of enemies ,division of friends"
84192,img/84192.png,1,"""women, you have to treat them like shit."" - donald trump"
84209,img/84209.png,0,what if the government funded adoptions instead of abortions
84219,img/84219.png,0,"you get nothing, you loose! good day sir!!!!"
84236,img/84236.png,0,you cant post that
84237,img/84237.png,0,it's hump day!!! oh fuck!!!
84265,img/84265.png,1,we give your holy flag praise our lord and enslaver
84269,img/84269.png,0,just ordered the new anne frank puzzle
84271,img/84271.png,0,doesn't matter what clan we all need to stick together
84276,img/84276.png,0,when i grow up i want to be a scientist
84291,img/84291.png,1,"housing, free gas, free electricity, free healthcare and free education for my wives and children. to show graditude for your generosity, i'll groom your 12 year old daughters, blow up your trains, planes and buses and preach hate through a dawah stall in your local city and town centres with the purpose of turning your generous country into the same shithole i originally took refuge from, allahu akbar!"
84295,img/84295.png,1,when you come home early and catch your 5th son from 3rd wife in an objectionable position with your favoutrite goat
84297,img/84297.png,0,you want a fight? put your head up my ass and fight for air. whatsup!
84305,img/84305.png,0,what's better than winning a gold medal in this contest walking
84317,img/84317.png,0,when you're broke af but still gotta buy christmas gifts
84327,img/84327.png,1,when you're losing an argument against your black friend
84329,img/84329.png,1,"well, they're lazy good for nothin' tricksters... crack-smokin' swindlers! big butt havin', wide nose, breathin' up all the white man's air!"
84351,img/84351.png,0,we cannot arm teachers it violates the rights of the shooter
84361,img/84361.png,0,the brits gave up their guns and now their gov't can jail them for not having a television license
84370,img/84370.png,0,ribbed condoms don't even taste like ribs
84379,img/84379.png,0,if they steal this one i'm buying a horse
84392,img/84392.png,0,american woman holding african girls
84502,img/84502.png,1,just got a bootleg copy of muslim porn deep goat
84516,img/84516.png,1,i don't want no windmill blowin no cancer on me!
84521,img/84521.png,1,asians be like switching to fullscreen mode
84523,img/84523.png,0,did a lot of medical research didn't hurt any animals
84527,img/84527.png,1,don't get me started about your tranny problems
84531,img/84531.png,1,"the face they make when you've left the ""plantation"" and you no longer think like them"
84532,img/84532.png,0,getting blitzkrieged? just say no the wehrmacht legally cannot take any of your sovereign nations without your consent
84537,img/84537.png,0,this steak is so black it stole my television
84563,img/84563.png,1,about to explode with pride now that his daughter can go to school
84576,img/84576.png,1,world history in one sentence. these white men are dangerous
84592,img/84592.png,1,give me the bread or i'll kick you pregnant transgender
84593,img/84593.png,0,"kids, a husband, a job... living the american dream"
84596,img/84596.png,1,isis glory hole
84609,img/84609.png,0,you dumb muddafukka you
84620,img/84620.png,1,this is nahir nahir is born in germany nahir is german this is fluffy fluffy is born in horse stable fluffy is a horse
84629,img/84629.png,0,not a runner? now you are
84653,img/84653.png,1,finally gets naked with girl in shower holocaust
84673,img/84673.png,1,when you cant get the dog to go outside and pee
84692,img/84692.png,0,i was going to make an anal sex joke butt fuck it
84703,img/84703.png,1,"""oh no hundreds of white people: years of culture is being destroyed"" all other reaces: first time?"
84709,img/84709.png,0,best polish removers
84719,img/84719.png,0,the democratic agenda... 1. get trump impeached 2. take away guns 3. increase taxes 4. protect illegals are they purposefully trying to destroy america?
84721,img/84721.png,0,cow girls like to take their summer photos in hay fields
84729,img/84729.png,0,share this pile of bacon for no reason
84736,img/84736.png,1,sis: you're the father/uncle bro: i'm gonna be an funcle?
84790,img/84790.png,0,the first president they can't control ...and they don't likeit!
84907,img/84907.png,0,i keep asking what lgbtq stands for. so many letters to remember
84910,img/84910.png,1,take that monkey shit off! you embarassin' us
84913,img/84913.png,0,hey captain mexico are you able to leap tall trump walls in a single bound
84916,img/84916.png,0,free wilber
84921,img/84921.png,0,him: the dishwasher is acting weird her: thats the oven him: oh..
84926,img/84926.png,1,a short histoy of u.s. presidents
84927,img/84927.png,0,why did paul walker cross the street? he wasn't wearing a seatbelt that is wrong correct. he actually burnt up in the car
84951,img/84951.png,0,too young to drink coffee
84965,img/84965.png,1,"a tranny goes to profile opens inbox ""lemme suck your dick"""
84970,img/84970.png,0,retarded you are kill yourself u must
84971,img/84971.png,0,"in my day you were either pro america or you were a commie you can call yourself liberal, progressive or socialist but you're really nothing more than a commie pinko john wayne was never in the military"
85012,img/85012.png,1,"feminism: because bitter, ugly lesbian need attention too!"
85023,img/85023.png,0,bitch please i'm native american
85026,img/85026.png,1,just trying to do my part
85034,img/85034.png,1,virgo you're both white trash quite frankly
85062,img/85062.png,0,who let this retard in this group
85072,img/85072.png,0,what is this sleep of which you speak?
85073,img/85073.png,0,"*hits blunt* 'dog food lid' spelled backwards is ""dildo of god'"
85092,img/85092.png,0,"when someone thinks they've seen all your crazy but you hit them with some next level shit, like ""surprise bitch!"""
85093,img/85093.png,0,how slaves were mistreated
85094,img/85094.png,0,not my president literally
85096,img/85096.png,1,remember no faggot
85097,img/85097.png,1,woke up last night to find my tv floating across the room my first thought was ghosts but it turned out to be a black guy stealing it
85107,img/85107.png,0,best thing about wearing a hijab? you can hide your bad hair day
85126,img/85126.png,0,gillbet bink says your news sucks
85132,img/85132.png,0,seems like u have a case of being a lil bitch i'm prescribing you a heavy dose of man the fuck up
85136,img/85136.png,0,has anyone seen gary? gary is about this tall
85139,img/85139.png,1,i will find you and i will kill you you black bastard
85146,img/85146.png,1,i guess pushing gay people off buildings and killing women these people that push gays off buildings. is funny to her? she is disgusting!
85147,img/85147.png,0,when you think it's friday but it's actually tuesday
85167,img/85167.png,0,finding a bomb in a video game
85172,img/85172.png,1,that look when your father sells you for a goat
85173,img/85173.png,0,meanwhile at the isis strip club
85190,img/85190.png,1,i eat ass
85192,img/85192.png,0,equality in the work place at its finest
85204,img/85204.png,0,that feeling you get when people from the uk start talking shit
85209,img/85209.png,0,a short history of u.s. presidents
85213,img/85213.png,0,me: you wanna watch porn or golf? her: porn: you already know how to play golf
85239,img/85239.png,0,4 ways to boil vegetables
85243,img/85243.png,0,"attacks trump's unpaid daughter pays her own daughter $750, 000 to send out mailers"
85261,img/85261.png,0,the only people i owe my loyalty to are those who never made me question theirs
85269,img/85269.png,0,"crisis hotline, how can i help? well...i'm feeling suicidal... great! can you fly a plane?!"
85271,img/85271.png,0,a bad day for everyone including muslims defend homeland security a good day for us all in 2019
85290,img/85290.png,0,"i married my brother to commit immigration fraud this makes her an illegal alien, ineligible for congress and deportable! ice, where are you?"
85291,img/85291.png,1,how to get a black guy to see his baby
85307,img/85307.png,1,white people know thyself
85314,img/85314.png,0,"you're a rapist, you're a rapist, all mexicans are rapists!"
85316,img/85316.png,0,found bigfoot married her
85324,img/85324.png,1,this country was made by real men not cowardly ass muslim bitches
85327,img/85327.png,1,"either we fuckin, or i'm fuckin"
85329,img/85329.png,0,if you support this you're supporting the genocide of black men
85346,img/85346.png,0,allah is watching you
85362,img/85362.png,0,man getting arrested by the la pd
85369,img/85369.png,0,"fuck, my mom is gonna kill me fuck, my mom is gonna kill me"
85371,img/85371.png,0,father holding his newborn daughter
85379,img/85379.png,1,muslims conservatives hating jews
85392,img/85392.png,1,it's hump day!!! oh fuck!!!
85394,img/85394.png,1,"when you ask them if they're having a seizure but they just spasm on the ground instead of answering you all right, then. keep your secrets"
85409,img/85409.png,0,if you havin' road problems i feel bad for you son i got 99 problems but this ditch aint one
85410,img/85410.png,0,300 kg bomb vs 1000 kg bomb
85413,img/85413.png,0,they did not even leave dogs
85417,img/85417.png,0,gets drunk gets drunk has sex has sex rapist victim
85421,img/85421.png,0,gays on their way home after pride week
85426,img/85426.png,0,i need help swimming
85429,img/85429.png,1,locked my keys in the car at the abortion clinic it was so awkward going in and asking for a coat hanger
85439,img/85439.png,1,overly attached muslim girlfriend i killed your other 4 wives so you have more time to beat me
85461,img/85461.png,1,racing for pink slips in africa
85472,img/85472.png,0,once we are done destroying our country we'll move to yours!
85476,img/85476.png,1,sometimes a man's purpose in a woman's life is to help her become a better woman... for another man
85492,img/85492.png,0,my girlfriend told me that i should treat her like a princess so i married her off to a stranger to strengthen the alliance with france
85496,img/85496.png,0,"go home, snail you are drunk"
85614,img/85614.png,0,why the fuck is this not already a meme?
85670,img/85670.png,0,"if you think ms-13 gang members are human, but 20-week old fetuses aren't you might be a democrat"
85690,img/85690.png,1,mandatory vaccinations with no exemptions i do nazi the problem.....
85704,img/85704.png,0,how people look at me when i tell em i don't have kids
85709,img/85709.png,0,it's messed up you can accidentally make a baby but you can't accidentally make a pizza
85710,img/85710.png,0,trump derangement syndrome is real we can help! our skilled operators are standing by to take your phone-calls 1-800-you-lost let us help you get over it
85714,img/85714.png,0,when you're friends make fun of you for having a weird shaped body
85716,img/85716.png,1,when a retarded chick stares at you in lazy eye i'm gonna stick my dick in the mashed potatoes!
85721,img/85721.png,1,racism is realizing that these are not the same species
85729,img/85729.png,0,doesn't own a computer can still play minesweeper
85730,img/85730.png,1,this is islamic ideology stop the islamization of our countries
85741,img/85741.png,0,smile for the photo !
85743,img/85743.png,0,"yea, if you could go ahead and explain memes that'd be great!"
85749,img/85749.png,0,when your friends no matter how different you grew up
85793,img/85793.png,0,run over by bacon truck on way to suicide mission ''
85901,img/85901.png,0,woman painted herself for art project
85902,img/85902.png,0,"black peopple started wearing their pants low, white people called it ""saggin."" it has become a form of expression through fashion"
85916,img/85916.png,0,maybe if didn't considered car racing as sport we'd be in better situation
85920,img/85920.png,1,u want some fuk hey dear i love u show me ur pussy u are beauty
85923,img/85923.png,1,ford owner blew a rod wasnt talking about his engine
85927,img/85927.png,0,"waters on trump: ""impeachment first, prison next!"" do you think the president colluded with russia?"
85930,img/85930.png,1,silence female retard
85936,img/85936.png,1,love is love respect
85941,img/85941.png,0,we had a minor gas leak
85947,img/85947.png,0,loves me some boneless jungle ham
85960,img/85960.png,0,puts an intern under his desk impeachment proceedings for lying under oath bends an entire nation over his desk placed on a pedestal by liberals and the media
85964,img/85964.png,0,"dear teenagers i found your next ""internet challenge"""
85967,img/85967.png,0,that face you make when you smell something funny
85970,img/85970.png,0,all american piece of shit
85976,img/85976.png,1,fuck turks 1915 never again armenian for life
86013,img/86013.png,0,when you ride in your first self-driving car
86017,img/86017.png,0,i may be blind but at least im alive
86023,img/86023.png,1,stop using other's cultures to fill up your empty white settler soul
86024,img/86024.png,1,when your boss volunteers you for the next suicide bombing
86031,img/86031.png,1,it's super rare to find a kitchen that has four ovens and three dishwashers
86032,img/86032.png,1,come back
86039,img/86039.png,0,i was gonna join the air force.. then i found my balls
86041,img/86041.png,0,obama voters
86043,img/86043.png,0,my ex looks so peaceful when he sleeps
86045,img/86045.png,1,when it's the 1600s and you just got here from africa master looks after us now
86051,img/86051.png,0,by cutting off their hands leopold ii of belgium massacred millions of africans
86054,img/86054.png,0,friendly reminder: a hooker and con man are in the white house fucking things up
86059,img/86059.png,0,you told us that cannabis has no medicinal value our lab results determined that was a lie..
86071,img/86071.png,1,when the deaf kids are roasting you in sign language so you turn off the lights it's a simple spell but quite unbreakable
86072,img/86072.png,0,a phobia is a fear of something i do not fear fear gay people so why is it called homophobia? gay people fear me
86075,img/86075.png,1,"everyone told me ''he is gonna leave"""
86103,img/86103.png,1,never forgive a people !!! who $old your babies then made you love theirs
86104,img/86104.png,1,playboy offered her a million dollars to pose nude nat geo offered her the same
86123,img/86123.png,0,is your girlfriend hot like me?
86125,img/86125.png,0,when you insult a liberal intentionally
86127,img/86127.png,1,violence against men: you go girl violence against women: stop the cycle of violence
86129,img/86129.png,0,mohammad says that camel urine is medicine. do you really believe that crap?
86135,img/86135.png,0,need a job? the democrat party is hiring no experience or intelligence required
86142,img/86142.png,0,picked up 2 new pillows and dishwasher at the flee market winner winner chicken dinner
86143,img/86143.png,0,how!? can i get dat percap?
86145,img/86145.png,0,"what if i told you my ancestors came here after 500,000 soldiers died to end slavery and i'm not paying one damn red cent"
86159,img/86159.png,1,"suicide hotline, how may i help you today sir? i'm feeling suicidal great can you fly a plane?"
86172,img/86172.png,1,when the school shooter finally leaves and the hottest girl in class is laying dead on the floor it's free real estate
86175,img/86175.png,0,when you go see your family because of the barbecue
86194,img/86194.png,0,"to my followers who are in my notifications regularly i see you, and you're awesome"
86201,img/86201.png,0,any drugs or alcohol? no thanks i'm already fucking wasted
86203,img/86203.png,0,just waterin' the dirt
86205,img/86205.png,1,"so, 2 gay guys walk into a bar and pick up a tranny"
86207,img/86207.png,0,ultimate cuddle buddy give lots of pets and treats
86217,img/86217.png,1,mississippi wind chime
86237,img/86237.png,0,when a new hire tries to tell you how to do your job who the fuck is you?
86249,img/86249.png,1,i love to butt fuck goats
86250,img/86250.png,1,the only time you can hang out with 2 dirty hookers and a tranny
86251,img/86251.png,0,i'm not a criminal i'm an undocumented felon
86253,img/86253.png,0,"think of how stupid the average person is, and realize half of them are stupider than that"
86254,img/86254.png,0,everybody was kung fu fighting
86257,img/86257.png,0,we're glad you're home the russians pooped in the hallway!
86271,img/86271.png,0,marriage is simple your wife does whatever she wants and you do whatever she wants
86273,img/86273.png,0,"open carry when you're too much of a coward to enlist, yet you want to intimidate.people by playing army"
86293,img/86293.png,0,"whatcha thinking about? wind speed and direction, humidity, distance, drop rate"
86307,img/86307.png,1,i hate everything about america. so i am going to move there to bring it sharia law the real reason for most muslim immigration
86314,img/86314.png,0,"hurry up son, the owner is coming"
86325,img/86325.png,0,nothing beats a cut of coffee in the morning
86329,img/86329.png,1,muslim 49 people were killed at christchurch mosques muslim 49 people were killed at christchurch
86351,img/86351.png,1,"robert mugabe:"" it's better for a man to be stingy with his money because he hustled it...... than for a woman to deny you a hole that she didn't even drill.."""
86354,img/86354.png,0,officer down
86372,img/86372.png,0,well it's obvious that robert mueller is a russian
86391,img/86391.png,0,send me location
86401,img/86401.png,0,out on duty
86413,img/86413.png,0,happy hump day! almost there .
86431,img/86431.png,0,from no child left behind to no child left alive
86437,img/86437.png,0,post your most offensive memes winner gets a 30 day vacation who dares win?
86451,img/86451.png,0,i'm here to drink whiskey and kill terrorists and brother i'm all out of whiskey!
86452,img/86452.png,0,pokes holes in friends' condoms mom gets pregnant
86453,img/86453.png,1,"islam is 1400 years old terrorism started about 50 years ago. after the west started invading middle eastern countries if you're looking for the root cause, here it is"
86457,img/86457.png,0,i wish you never exsisted
86479,img/86479.png,1,i suppose a sandwich is out of the question?
86491,img/86491.png,0,you are not wanted! you are a mental deficient!
86504,img/86504.png,0,free dishwasher missing parts
86509,img/86509.png,0,men are pigs some just oink louder than others
86512,img/86512.png,0,it's your birthday i'm controlling my excitement
86530,img/86530.png,0,influence elections? haha that's a hoax
86540,img/86540.png,1,im going trans hunting
86543,img/86543.png,1,what's burning? '' '' ''
86593,img/86593.png,0,farming simulator 17
86594,img/86594.png,0,wait for it .. 
86597,img/86597.png,0,a group of baboons is called a congress it's all clear to me now
86701,img/86701.png,1,muslims in 2001 muslim in congress 2019
86705,img/86705.png,0,cop: this dog tells me you're on drugs. citizen: i'm on drugs? you you'r re the one talking to a dog!
86713,img/86713.png,1,i fuck goats allah is great!
86714,img/86714.png,0,when you turn on the light and realize you have been fisting the wrong hole
86725,img/86725.png,1,designed for maximum concentration
86730,img/86730.png,0,"i know you shouldn't laugh at 9/11 jokes but their just, plane hilarious"
86741,img/86741.png,0,"i like big girls because, no matter where you grab them it feels like titties.."
86750,img/86750.png,1,trump: muslims should wear special id badges great idea
86751,img/86751.png,0,and just like that.. i'm into hiking
86753,img/86753.png,1,when your white friends invite you to dinner and tell you to bring whatever you want
86795,img/86795.png,0,people report my shit i produce more shit
86907,img/86907.png,0,i came to fingerpaint and fuck and im all out of poop
86910,img/86910.png,1,this is what happens when white people lose white privilege
86912,img/86912.png,1,they say a woman's work is never done maybe that's why they get paid less
86914,img/86914.png,1,no pity sex? i am going to shoot an unarmed black citizen
86917,img/86917.png,0,i was craving five guys before it was a restaurant
86925,img/86925.png,1,perfect girls don't exi-
86934,img/86934.png,1,that moment in history when bill clinton decided to rip those poor mexican kids from their momma's arms
86947,img/86947.png,0,you'd be angry too if you just found out your goat was cheating on you
86954,img/86954.png,0,fucks a goat fucks a goat
86974,img/86974.png,0,proud to exercise my beliefs
87016,img/87016.png,0,finally synthetic watermelon
87023,img/87023.png,1,please in the name of the lord let us all pray for jackson's safety. most black gay men in america will get hiv says cdc
87024,img/87024.png,0,how you show up for the pta meeting when you know your kid has been a little shit
87031,img/87031.png,0,you funny mother fucker you!!
87043,img/87043.png,0,we don't want affordable health care! we demand tax cuts for billionaires!
87049,img/87049.png,0,pauline hanson warns: obey our our rules our rules or go back where you came from!
87052,img/87052.png,0,migrants in paris migrnts in sweden liberals in america
87053,img/87053.png,0,@ unhumanrights
87054,img/87054.png,1,mom won't let me use the oven with my jewish friends
87059,img/87059.png,1,discriminate and say no to promotion of homosexual and lgbt ways of life to our children
87063,img/87063.png,1,when veterans start talking shit
87065,img/87065.png,1,once a year women go completely crazy for about 365 days
87094,img/87094.png,0,vince foster going to tesitfy against her suddenly kills himself
87096,img/87096.png,0,suddenly mexico wants to talk about immigration i'm so grateful we have a tough president
87120,img/87120.png,0,"islam's trojan horse the the only reason truth obama obama to has told support to america america ""i will stand with themuslimes should the political winds shift in an ugly direction."" -barack hussein obama"
87125,img/87125.png,0,"what is that wonderful smell? it smells like.... caramel! oh, today we burnt the diabetics"
87126,img/87126.png,1,"navy, accelerate your life"
87140,img/87140.png,1,what's worse than a female driver?
87146,img/87146.png,0,these women choose how they want to dress so do these women
87149,img/87149.png,1,follow my allah or he kill you moderate muslim follow my allah or i kill you! radical muslim
87165,img/87165.png,1,digging up something to do is hard guess necrophilia isn't for everyone
87190,img/87190.png,1,hey mom the goats asshole is inside out. what do?
87196,img/87196.png,0,let's shake hands and forget about that colonialism stuff
87203,img/87203.png,0,domestic violence should never be tolerated
87209,img/87209.png,1,chocolate melts at 86*f
87215,img/87215.png,0,when someone starts telling you a story and you already know they're full of shit
87219,img/87219.png,1,behind every screaming goat is a muslim with his pants down
87230,img/87230.png,1,"since 1980 324,000 thousand black peoplehave been murdered by other black people thats more then the soldiers who were killed in the iraq war, korean war and vietnam combined now do you see a problem?"
87234,img/87234.png,1,trump's transgender military ban is the best thing ever share if you agree
87235,img/87235.png,0,stupid neighbours woke me up
87239,img/87239.png,1,just try and keep me bannned nigger
87241,img/87241.png,0,when you have to stand very still bc there's an active shooter
87246,img/87246.png,0,give it back tyrone... i know you took it
87253,img/87253.png,1,all muslims are a danger to us citizens! except the rich ones of course
87260,img/87260.png,0,"i love you, couch. you understand me"
87261,img/87261.png,1,how many nails are there in a lesbian's coffin? none. it's all tongue and groove
87263,img/87263.png,1,trump the messiah of white trash racists
87290,img/87290.png,0,friends tired of your politics? here is a picture of a kitten you can share
87296,img/87296.png,1,"hates europeans, christians, buddhists, atheists, gays, dogs, ham, wine, beer, your civilization,your culture, your hates europeans, christians, buddhists, atheiests traditions, your country, and you.. complains about ""islamophobia"""
87304,img/87304.png,0,"ah, i think may have found the problem you appear to be a f*male"
87309,img/87309.png,0,"""what part of ""i didn't find shit"" do you libtards not understand? """
87315,img/87315.png,0,that look when you just sucked 3 dicks for an 8 ball of baking soda
87324,img/87324.png,0,almost hoodie and bonfire weather
87326,img/87326.png,0,muslim porn star
87340,img/87340.png,1,cleaned up my friends list before it was cool
87341,img/87341.png,1,like if you had one of these only the 1840's kids will remember
87345,img/87345.png,1,if black lives matter so much why dont their fathers want to be a part of it
87351,img/87351.png,0,when you realize you left the stove on at home
87364,img/87364.png,0,she probably have asked a wrong question
87365,img/87365.png,1,mexicans road trip
87392,img/87392.png,0,before he was a 'pow' he killed 120+ us crewmen unseal his records john mccain: american fraud uss forrestal fire july 29 1967 research it google & you tube
87401,img/87401.png,0,brett kavanaugh grabbed my penis
87403,img/87403.png,0,"my buddy was telling me he cries during sex. i was like, you fuckin bitch. then i realized he's in prison"
87406,img/87406.png,0,"""democrats have a difficult time connecting with voters because of how smart we are... because we know so much."" ~ sen. mazie hirono (d hi)"
87409,img/87409.png,1,i'm going trans hunting
87412,img/87412.png,0,the military finally sent this man back to his family
87413,img/87413.png,0,refuses to do it doggy style because she doesn't want to have puppies
87416,img/87416.png,0,i was going to make a joke about us but they always blow up in your face
87420,img/87420.png,0,hitler eating dinner
87425,img/87425.png,0,claim your free maga hat here great news! my iq tests came back negative
87426,img/87426.png,1,"playing 'guess who' in 2018 is your character keep guessing you a man or transphobic a woman? bigot... there are 59,734 genders"
87429,img/87429.png,1,how do chinese people name their babies? they throw them down the stairs and see what noise they make
87436,img/87436.png,1,and that was the last nativity play my son was invited to take part in
87451,img/87451.png,0,"gallows ""pure evil"" ""traitors"" ""nobody escapes this. nobody""  ""america for sale"" ""down she goes"" ""these people are sick"" ""bring back the gallows!"" she never thought she would lose. until she did"
87453,img/87453.png,1,when you're hiding from a shooter in your school and the foreign exchange student keeps on crying american students: first time ?
87461,img/87461.png,0,ford owners be like.. cash me ousside walkin' cause my ford's broke agin how bow dah?! lol~camo kid~
87504,img/87504.png,0,white girls stepped their game up
87513,img/87513.png,0,your hate makes us stronger
87519,img/87519.png,1,"""never forget"" -you said.. i am the proof you have forgotten"
87521,img/87521.png,0,did someone say starbucks!?!
87523,img/87523.png,0,suicide bombers will strap a bomb vest around their waist
87530,img/87530.png,0,hey kids for a good time dial #666-hotdawg
87539,img/87539.png,1,when muhammad goes in dry
87541,img/87541.png,0,r.i.p to all the black soldiers that died fighting for a country that never fought for them
87543,img/87543.png,0,what if i told you the on-ramp is designed for you to reach the same speed as traffic before merging
87564,img/87564.png,1,72 dead in syrian chemical attack ha... rookie numbers
87592,img/87592.png,1,"ernie exclaims loudly ""all?hu akbar!"" as bert banks towards the city's airspace"
87594,img/87594.png,0,"what do i have in common with cow pies? the older we get, the easier for you to pick us up!"
87596,img/87596.png,0,if you play your cards right you can skip prison
87604,img/87604.png,1,things white people do mass shootings smoke meth fuck their family members suck at sports steal from blacks fuck animals lie about being racist
87610,img/87610.png,0,i only wear silk panties cotton ones remind me of slavery
87615,img/87615.png,1,when you try out ancestry.com and find out you're related to hitler... i will finish what you started
87619,img/87619.png,0,tap and say amen! if jesus has blessed you today
87620,img/87620.png,1,when muslim nibbas see a extra ticc goat in the neighborhood
87621,img/87621.png,0,"today in the news more 'peaceful terrorists"" blowing up shit"
87625,img/87625.png,1,her: stop it! i'm trying to put a load in the dishwasher. him: yeah... me too!
87634,img/87634.png,0,im long and strong and down to get my groove thing on
87639,img/87639.png,0,what can happen if you eat wheaties for 38 years
87645,img/87645.png,1,how uncivilized typical nigger
87649,img/87649.png,0,a group of dogs
87691,img/87691.png,0,"before you start praying with me remember you should always say: ""in the name of allah"""
87693,img/87693.png,1,when your goat tells you she ain't on the pill
87695,img/87695.png,1,dark humor is like him '' it never gets old
87902,img/87902.png,1,you're never lonely at farmersownme
87903,img/87903.png,0,when she on top & you trynna catch a titty
87914,img/87914.png,0,when you're 15 and you're just now learning how to ride a bike
87925,img/87925.png,0,feeling cute lol might rs 67 camaro ca-mare-ohhhhhhhhh
87934,img/87934.png,1,what women think they'll do when the economy collapses vs what they'll actually do
87936,img/87936.png,1,sandwich law: no sandwich is complete without bacon
87946,img/87946.png,0,large big mac no ice
87953,img/87953.png,0,who said i couldn't do it ?
87956,img/87956.png,0,"brother.... a day without a blast, a day wasted zakir naik"
89014,img/89014.png,0,don't push someone away and expect them to still be there when you're ready
89025,img/89025.png,1,is that guy fucking a goat god damit carl...he is
89034,img/89034.png,1,transwoman yelling at me about the meme i made me wondering what this dude's problem is
89035,img/89035.png,1,"trapping in my day, was called slavery"
89042,img/89042.png,1,white people doing weird shit black people being criminals stereotypes they exist for a reason
89043,img/89043.png,0,look! a beautiful muslim woman
89056,img/89056.png,1,mark zuckerberg marries an asian who else is capable of counting all his money?
89061,img/89061.png,0,you find it offensive i find it funny.. that's why i'm happier than you
89063,img/89063.png,0,you boys every played hot potato
89067,img/89067.png,1,mohammed?! it's aisha can you stop fucking the donkey for a minute? allah wants to talk to you!
89072,img/89072.png,1,white cop kills black man black man kills black man
89073,img/89073.png,0,the guy above me fingers his cat
89076,img/89076.png,1,women can wear what they want you dont have the right to ban the burka its basic democracy
89102,img/89102.png,1,my aunt gonna make you white devils pay for her grandmother owning slaves
89123,img/89123.png,1,sea monkeys
89126,img/89126.png,1,how to talk to muslim people: wrong correct
89137,img/89137.png,0,what do you call a group of inspectors your chain of command fears? the orse-men of the apocalypse
89142,img/89142.png,1,president trump: keeping bitter old lesbian hags out of the white house since 2016
89146,img/89146.png,1,look at all the latinos in our zoo i not really even don't a care. little do u?
89152,img/89152.png,0,"when somebody ask's a jew why they are jewish... ""i think of myself as above the average person """
89153,img/89153.png,0,everyone talking about protecting minority rights needs to remember there is no smaller minority than the individual
89154,img/89154.png,0,leave your child or pet in a car on a hot day we'll open the window for you
89156,img/89156.png,1,asked my middle eastern coworker if he was going to blow something up this week
89160,img/89160.png,0,live your life every moment
89162,img/89162.png,0,"""it's time for us to impeach this president"" ilhan omar should president trump be impeached?"
89165,img/89165.png,0,what if i change my gender so i become the victim and not the rapist
89170,img/89170.png,0,canadian border jumper detained by american patriot
89206,img/89206.png,1,whats wrong with your skin? why is it like that? oh you're black? thats pretty cringe
89245,img/89245.png,1,these cute head tilts
89264,img/89264.png,1,elmo laughs as he shows the trannys he chromosome you need to be able to call yourself a man
89267,img/89267.png,0,dishwasher is broken? then wash it by hand
89275,img/89275.png,1,please give me more white nessa fanarts i can't cum to nigger
89302,img/89302.png,1,damn son where'd you find this its ok baby im vice lord you do know know im a tranny right
89306,img/89306.png,0,trump before he was a born again christian
89314,img/89314.png,0,come here you big cup of beautiful coffee and lie to me about how much we are going to get done today
89320,img/89320.png,0,up early to get a head start on exposing the fuckery
89324,img/89324.png,0,"""las cosas mas gratis"" (the most free stuff) in case you missed the debate.... free stuff! more free stuff! even more free stuff!"
89325,img/89325.png,0,singlehandedly putting an end to dumb blonde jokes
89326,img/89326.png,0,happy birthday michael j fox
89342,img/89342.png,0,those protestants up to no good as usual
89350,img/89350.png,0,are u a wizard?
89356,img/89356.png,0,will you hurry up and u chocolatey little fucking starvi
89367,img/89367.png,0,"mr. president, epstein is still alive"
89372,img/89372.png,0,2 more sleeps until hunbashing
89375,img/89375.png,0,"""we demand our city be made a sanctuary city for illegals!"" ""they are trying to send illegals to our sanctuary city!!!"
89406,img/89406.png,1,when white people learn that fish swim in schools
89407,img/89407.png,0,puts on sunblock doesn't protect from harmful rays
89412,img/89412.png,1,does anyone know where i can get a rag? there's 49 of them on the floor in a mosque
89417,img/89417.png,0,don't text me i'm in a meeting
89423,img/89423.png,1,saddle up motherfuckers it's time to play cowboys
89436,img/89436.png,0,when your nails are on point
89437,img/89437.png,1,an expensive gas bill? i did nazi that coming
89450,img/89450.png,1,nice tes content nigger
89465,img/89465.png,0,like if you see the issue. don't give it away can you see it?
89471,img/89471.png,0,sometimes i feel ugly but then i think of my sister and get over it
89475,img/89475.png,0,when you're not fit but you know you're still majestic af
89503,img/89503.png,1,"are my sins forgiven now, father?"
89504,img/89504.png,1,retarded all stars retarded team of the week
89507,img/89507.png,0,you're telling me i can't bring peanut butter to school but you can bring measles??
89517,img/89517.png,1,active shooter at a walmart in tx targeting only hispanics. armed white people
89521,img/89521.png,1,heeeeaad shoulders wheel and frame wheel and frame
89523,img/89523.png,1,"defender of all things white, i'm ed supercoon"
89526,img/89526.png,1,you sent out so much smoke red indians came to make peace
89527,img/89527.png,0,no one could have ever predicted 9/11
89534,img/89534.png,1,our forever first wookie
89540,img/89540.png,0,they've started pouring the foundation for the obama library in chicago
89541,img/89541.png,1,this is the world if transgenderism and homosexuality never exsisted
89542,img/89542.png,0,enjoying a warm cup on a cold day
89543,img/89543.png,0,when you found your wife is cheating on you ya allah
89561,img/89561.png,1,the worst part about being both black and jewish ? you have to sit in the back of the oven
89567,img/89567.png,0,circa 1860 a slave master whips a slave whose hands and legs are bound
89573,img/89573.png,0,you! out of the gene pool now
89574,img/89574.png,0,i'm cute
89602,img/89602.png,0,bring me another smurf
89603,img/89603.png,0,when you've had a long day but you need to but geroceries
89610,img/89610.png,1,elon musk presents infinite energy source
89612,img/89612.png,0,what's the difference between you and a pizza? a pizza taste better
89613,img/89613.png,0,what can i say.. i swear like a sailor and say please and thank you like a saint. i'm complicated
89615,img/89615.png,0,these people have to walk 20 miles a day for fresh water. then why don't they move closer to the fucking water?
89617,img/89617.png,0,horrifying photo from nuclear bomb
89621,img/89621.png,1,if she wears this out in public she is on section 8 and she steals
89632,img/89632.png,0,hands up all racists who support white genocide
89634,img/89634.png,1,"before you go around launching lawsuits let me remind you of the surveillance photos we have of you, remember that a tranny crack whore doing lines off your dick"
89640,img/89640.png,1,when your girlfriend buys a dishwasher this is getting out of hand. now there are two of them!
89675,img/89675.png,0,if y'all only knew it be the baddest one on that shit cocaine users weed users
89723,img/89723.png,1,when you mighta been born just plain white trash but fancy is your name
89726,img/89726.png,0,newl y released pictures of life after the green new deal
89732,img/89732.png,1,reminder: every refugee we let in and give social housing to means one extra homeless new zealander
89740,img/89740.png,1,africa 100 years ago africa today + aids
89741,img/89741.png,0,yes sir..! that's a cock
89743,img/89743.png,0,who says we have to be a specific color in order to do something we like
89745,img/89745.png,1,"when cops see an unarmed black youth: ""i want every gun we have to fire on that man."""
89750,img/89750.png,0,jamal! im pregnant!!!
89756,img/89756.png,0,and this is where i keep my genetics
89761,img/89761.png,1,a short history of u.s. presidents
89762,img/89762.png,0,that blackened chicken was so dry it reminded me of your mother
89764,img/89764.png,0,we had a major crisis
90125,img/90125.png,1,message from the other side tell the muslims there's no 72 virgins left
90126,img/90126.png,1,when you have to hold her like this at night because she steals
90127,img/90127.png,0,2015 ford promotion free aaa membership
90128,img/90128.png,0,"what if i told you trump isnt the problem, nor his supporters it's your education system, news media, and american propaganda that is the problem"
90136,img/90136.png,1,that shit's gayer than sticking your dick in an exhaust pipe
90138,img/90138.png,0,they told me to clean my weapons so i washed my hands
90145,img/90145.png,0,when the democrats investigate trump for over 2 years and the only thing they uncover is their own crimes
90146,img/90146.png,0,all races are equal
90148,img/90148.png,0,me sitting at work thinking about what i'm going to eat for lunch
90165,img/90165.png,0,it didn't happen because of the actions of one man it happened because of people who were 'just doing their jobs'
90175,img/90175.png,0,sea monkeys
90178,img/90178.png,1,now is the winter of our discontent made glorious summer by this hump day
90183,img/90183.png,1,my first act? getting rid of the smell he brought to the house
90186,img/90186.png,0,white trash you are doing it right
90214,img/90214.png,1,stop crying that was only one finger
90247,img/90247.png,1,long time no see nigger
90251,img/90251.png,0,when you remebered where you left your keys
90257,img/90257.png,0,my abilty is stronger than my disability
90263,img/90263.png,0,something went... 1947 2017 terribly wrong
90274,img/90274.png,0,laughs in [majority of u.s crime rate]
90278,img/90278.png,1,when your fifth wife eats grass from another guys hand
90285,img/90285.png,0,when your friend looks at you after the acid drops
90286,img/90286.png,0,cereal in the bowl first or milk in the bowl first it really be like that
90315,img/90315.png,1,virgin mobile
90318,img/90318.png,0,lgbt support @liquorgunsbaconandtits
90321,img/90321.png,0,people gather for eid al-fitr praying
90342,img/90342.png,1,hold my hookah pipe! when it comes to interracial marriage too many of our brothers are not marrying our sisters
90345,img/90345.png,0,proud protector of the american flag and everything it stands for
90351,img/90351.png,1,make christianity anti-semitic again
90365,img/90365.png,0,a muslim in congress wants to get rid of homeland security let that sink in! 18 years after 9/11 and this is where we are at?
90378,img/90378.png,0,every place has their meet up spot after school
90386,img/90386.png,0,"when asked what did you click on, you said ""nothing"" the 12 toolbars in your browser determined that was a lie"
90413,img/90413.png,1,we '' protect pedophiles from being prosecuted
90417,img/90417.png,0,what do they have in common? you enjoy pushing them both down the stairs
90427,img/90427.png,0,a toast to the good life
90461,img/90461.png,0,"kids catch you in the kitchen... ""what's in your mouth?"" and i am standing there like, nothing... """
90463,img/90463.png,0,that look when your father sells you for a goat
90468,img/90468.png,1,trannies deserve being thrown into an active nuclear reactor
90471,img/90471.png,0,"relax mexicans you are rapists, drug lords and criminals"
90481,img/90481.png,0,"dear girls, before you call a guy ugly, just remember he does not wear make up"
90483,img/90483.png,1,your girlfriend the tranny you been fucking
90513,img/90513.png,1,i just bit a muslim now i have to lick my ass to get the the taste out of my mouth
90516,img/90516.png,1,i'm starting to understand both the appeal of and the demand for sex robots
90531,img/90531.png,1,there was no other way. why my wife and i decided to abort our unborn gay son
90534,img/90534.png,0,-inahales deeply- there are some good memes to harvest today
90541,img/90541.png,0,some people think magic is the devil
90564,img/90564.png,1,this has nothing to do with this post but i have 2 barely fucked goats for sale
90568,img/90568.png,0,how cops celebrate weed busts
90572,img/90572.png,1,when you have fashion show at 8 but you have to be in auschwitz camp at 9
90573,img/90573.png,0,what kind of punch can take out 20 kids and 6 adults? a sandy hook
90574,img/90574.png,1,i am hungry let's eat a dog
90576,img/90576.png,0,malcolm x military kill
90582,img/90582.png,0,worst pijama party ever
90583,img/90583.png,1,we can kill as many as we want and your stupid government keeps bringing us in
90587,img/90587.png,1,me: *locks the door* every jew in the gas chamber:
90612,img/90612.png,0,perks of being my friend? you'll be the normal one
90614,img/90614.png,1,"assad: my son exploded better than yours, lol hamid:"
90618,img/90618.png,1,here's a painting of a handbook for terrorists
90625,img/90625.png,1,found a picture of your mother's womb
90632,img/90632.png,0,what happens when you stay out in the sun for too long
90638,img/90638.png,0,i think it's great when women succeed at work 'specially considering their disadvantage
90648,img/90648.png,1,gays on their way home after pride weekend
90654,img/90654.png,0,when you think its friday and its only tuesday
90673,img/90673.png,1,when you ask the jewish girl for her number and she starts rolling up her sleeve
90681,img/90681.png,0,that's enough facebook for today this sammich isn't going to make itself
90718,img/90718.png,1,the face you make when white males have commited the most terrorist acts on american soil but you paint every other group as the problem
90723,img/90723.png,1,every man needs a decent coffee maker
90725,img/90725.png,1,whats worse than a female driver?
90728,img/90728.png,1,i hate 3 things: racism. sexism and white men
90742,img/90742.png,1,you gotta pump those numbers up those are rookie numbers
90748,img/90748.png,1,oh boy i cant wait to visit notre dame cathedral on april 15th 2019 fuck the french fuck the french bunch of gay cuckholds
90752,img/90752.png,0,"oh look, men"
90753,img/90753.png,0,how many likes for this hero
90756,img/90756.png,0,obama family photo
90761,img/90761.png,0,if i have a dollar and you have 20 dollars then i have 21 dollars
90768,img/90768.png,0,"only in america could these people consider themselves the ""master race"""
90786,img/90786.png,1,"so, where did you get all of this gold elizabeth? i stole it from africa!!!"
90817,img/90817.png,1,wendy williams transvestigation! drag queen!
90826,img/90826.png,1,the first rule of deaf club.. nyou nu not nalk amout nef glub
90827,img/90827.png,0,radical shiite cleric taking aim
90834,img/90834.png,0,i'm down with that
90836,img/90836.png,0,when she squirts out the wrong hole
90842,img/90842.png,0,what in the f*ck is almond milk? it's milk! show me the tit on an almond
90846,img/90846.png,0,white people is this a shooting range
90847,img/90847.png,0,"""i say, we knock off trump and then, go after pence. we have the power."" - maxine waters 9/17/2018 yes, she actually said this and then blames president trump for inciting violence"
90856,img/90856.png,0,hunting the most expensive way to get free food
90861,img/90861.png,1,well look at you i've never fingered a potato
90864,img/90864.png,0,rice cooker now versus in 1945
91024,img/91024.png,1,they want this not because they love you they need to mix breed to preserve their species
91026,img/91026.png,0,during a speed chase which song are you blasting in your car ?
91027,img/91027.png,1,"""islam is love!"" - ariana grande yeah. if you're a goat"
91034,img/91034.png,0,the closest i've come to murder is holding oreos under the milk until the bubbling stops
91037,img/91037.png,0,"i dont always post offensive memes but when i do, i do it like a champ"
91042,img/91042.png,1,hahaha good one let's burn 6 million to celebrate
91045,img/91045.png,1,women are like monkeys they don't let go of one branch until they have a firm grip on the next
91052,img/91052.png,1,life is hard it's harder when you're stupid
91056,img/91056.png,1,ernie leaves letter clues about what type of minority is locked in his oven
91064,img/91064.png,1,if you invite the snake in don't cry when it bites vote trump or don't cry later
91065,img/91065.png,1,that's why we bomb you
91072,img/91072.png,0,remeber when you could offend everyone and we all just laughed at ourselves?
91075,img/91075.png,1,when you stop burning jews and start burning calories
91082,img/91082.png,1,i was banging a retarded girl and she wouldn't let me cum in her mouth so i came on the window and let nature take its course
91083,img/91083.png,0,a muslim walks into a gay bar bartender: what will it be? muslim: free shots for everyone!
91208,img/91208.png,0,about to wait in line at the dmv before school
91234,img/91234.png,1,we'll kill you over some trivial shit then fucking mock your dying words
91236,img/91236.png,0,turn your dishwasher into a snow remover
91240,img/91240.png,0,"if you see something, say something my wife has a dick"
91245,img/91245.png,0,most people are just mediocre minded cowardly conformists because its comfortable & simple i'm not one of those people
91268,img/91268.png,0,can afford to travel from romania to london still picks your pocket
91270,img/91270.png,0,meanwhile at the isis strip club
91276,img/91276.png,0,grab her by the.. nevermind
91283,img/91283.png,0,we want sharia law !! well.... go home
91284,img/91284.png,0,which is more important length or girth? turns out its consent
91286,img/91286.png,0,nice watch it must have cost an arm and a leg
91308,img/91308.png,0,best part of fucking twenty-nine year olds? there's twenty of them
91320,img/91320.png,0,well look at you i've never fingered a potato
91340,img/91340.png,1,this nigga so black they had to change his background white
91345,img/91345.png,1,"when an indian man marries he scratches the dot off his wife's forehead to see if he's won a gas station, a motel, or a subway restaurant"
91348,img/91348.png,0,yo dawg you gotta chill
91356,img/91356.png,1,"women are like volcanoes. both stay calm for extended periods of time before exploding and killing everything in their path then, they're calm, again"
91358,img/91358.png,1,"everywhere: eats africa: ""we don't do that here"""
91367,img/91367.png,1,"are all terrorists muslim? no, some are democrats"
91372,img/91372.png,1,when you're muslim but you have oil
91374,img/91374.png,0,you don't always have to be so manly
91375,img/91375.png,0,bank took your house? that must be tough
91385,img/91385.png,0,you can tell the gender of an ant by throwing it in water if it sinks= girl ant...if it floats= buoyant
91402,img/91402.png,0,"all i'm saying is, oyedepo can't be ""dangerously wealthy""... ...if he didn't have a pack of ""dangerously stupid"" followers"
91423,img/91423.png,1,"jesus, how come no one likes me? because you're black. now, go away, little niglet"
91428,img/91428.png,0,when she got a big booty but she's classy
91430,img/91430.png,0,one does not simply become vladimir poot
91432,img/91432.png,1,"ever wonder if asians make fun of caucasians? ""look at me, i have peripherar vision. i speak engrish"""
91436,img/91436.png,0,either this works or i'm screwed
91453,img/91453.png,0,oh look someone's returning a broken sandwich maker to walmart
91457,img/91457.png,0,"it's a simple grammar question leeroy! ""what cames at the end of a sentence?"" parole ?"
91462,img/91462.png,1,it is easier to pick fights with black women than to challenge white men
91476,img/91476.png,1,when the autistic black kid start giving the n-word pass to everyone this will be the end of wakanda
91482,img/91482.png,0,i hope one day people will understand that english is a language. not a measure of intelligence
91483,img/91483.png,0,i've been ridden more times than the trump train i can run for president now
91486,img/91486.png,1,"liberal logic 101 muslim kills a dozen ""infidels"" [cricket noise] christian mentions god in public shoving his religion down our throats"
91526,img/91526.png,1,what we did to black people is pretty fucked up most of 'em still can't even read
91527,img/91527.png,0,ain't no sandwich when she's gone
91530,img/91530.png,0,when the whole squad roasts the jewish kid
91536,img/91536.png,0,this man took millions of lives
91537,img/91537.png,1,gay people: sex is so care-free. we cant get pregnant! aids:
91540,img/91540.png,0,always a nice feeling to wear nicely washed pants
91547,img/91547.png,0,cheers to all the people who can change their minds when presented with information that contradicts their beliefs
91562,img/91562.png,0,meanwhile at the isis strip club
91563,img/91563.png,0,when a crack head ask for money for food and you hand them a cheeseburger bitch
91574,img/91574.png,0,"i don't like the term ""rape"" i prefer ""cuddle with a struggle"""
91584,img/91584.png,0,coffee is ready
91627,img/91627.png,0,i should not be expected to pledge allegiance to any country including america
91647,img/91647.png,0,i love pudding pudding my dick where it doesn't belong
91654,img/91654.png,1,"""i don't care mom, if they deport juan i'm going with him"""
91674,img/91674.png,1,how white men look at you after they've already called the cops
91675,img/91675.png,0,stop saying we are terrorists muslims are not terrorists
91683,img/91683.png,1,"hello dispatch, white folks are celebrating killing other white folks for land that ain't theirs"
91704,img/91704.png,1,when you finger a girl from auschwitz
91708,img/91708.png,0,when mohamed puts it inside
91724,img/91724.png,0, my life goal? make somebody this fucking triggered
91730,img/91730.png,1,anything that doesn't belong to them black people
91738,img/91738.png,0,i'm just gon sit here & mind my business
91750,img/91750.png,1,what's black on top and white on bottom rape
91753,img/91753.png,0,america is made from immigrants. period. we are a melting pot of diverse people
91754,img/91754.png,0,when you finally buy a dishwasher this works a lot better than a sponge
91764,img/91764.png,0,this violence will not be tolerated ! only we're allowed to do that !
91765,img/91765.png,0,"hurry up son, you have to peddle faster!"
91768,img/91768.png,0,wtf am i wearing
91786,img/91786.png,1,keeping your dishwasher clean will make it last longer
91802,img/91802.png,0,i'm offended that means i'm right
91803,img/91803.png,1,fucks a goat fucks a goat
91827,img/91827.png,0,two powerful women in our country
91840,img/91840.png,1,"take advantage of u.n. and foreign aid-funded housing and benefits ""death to the west!"""
91842,img/91842.png,1,squatted trucks for when sucking dick while getting buttfucked just isn't gay enough
91845,img/91845.png,0,kids enjoying some underwater diving
91853,img/91853.png,1,kick islam out of india
91856,img/91856.png,1,ahmed i love you too
91862,img/91862.png,1,europe has been peaceful since they left the middle east has suffered since they arrived coincidence?
91863,img/91863.png,1,"shut up, slave! happy 4th of july boss!"
91872,img/91872.png,0,the world calls it: love. god calls it: abomination
92013,img/92013.png,0,"""heeeadddd shoulders wheel and frame wheel and frame"""
92016,img/92016.png,1,get ready for your future white folks.. nuclear fire & eternal slavery!
92038,img/92038.png,0,what's wrong? why are you mad? oh you don't have any more food? that sucks
92041,img/92041.png,1,"sign says ""take a quarter""  takes two"
92051,img/92051.png,1,"why is kinder egg black outside and white inside? because if it was black inside, the black would steal the toy"
92056,img/92056.png,1,fuck multiculturalism have white babies
92064,img/92064.png,1,after group sex mohammed is very tired
92067,img/92067.png,0,"you will never see refugees from america. when things turn to shit, we don't run to another country. we dust off our guns and fix it"
92075,img/92075.png,0,we need problem solvers not racist and religious bigots in office
92078,img/92078.png,0,and that's how you load a magazine into the gun
92081,img/92081.png,0,this is a snakes mouth it all makes fucking sense now
92085,img/92085.png,0,creeps into your childs room empties his sack
92086,img/92086.png,0,when i'm at the beach and need sun block spray it all over me
92104,img/92104.png,0,bruce jenner's dog
92140,img/92140.png,1,when you have a small dick and tell a jewish girl to suck it. i can't
92143,img/92143.png,0,when you eat her ass and then she say that she don't suck dick... wayment
92146,img/92146.png,0,without the wall copied to clipboard this is what we get!
92148,img/92148.png,1,"once a year, women go completely crazy for about 365 days"
92154,img/92154.png,1,what kind of punch can take out 20 kids and 6 adults? a sandy hook
92157,img/92157.png,0,when you are that ugly you don't have a choice
92160,img/92160.png,1,cash me auschwitz how bow dach
92167,img/92167.png,0,i'm not saying it was aliens but it was aliens
92168,img/92168.png,0,were just here to blow you stupid british people for letting us in your country
92170,img/92170.png,0,rev al sharpton that gorilla was 17 black and unarmed
92180,img/92180.png,0,meanwhile at the isis strip club
92183,img/92183.png,0,"ilhan omar told several republicans that they should try shawarma, a delicious middle eastern dish from her culture"
92185,img/92185.png,0,running tired of bitches from the dick? i give you the clamp that bitch down 3000
92187,img/92187.png,0,don't let this group get you downs
92308,img/92308.png,0,april 15 tax reminder don't forget to pay your taxes. 21 million illegal aliens are depending on you! muchas' gracias!
92314,img/92314.png,1,the difference between you and hitler at least hitler could use an oven
92341,img/92341.png,0,if the bill of your hat is flat and has a sticker on it i just asssume you're a douche bag
92354,img/92354.png,0,this is my step ladder i never knew my real ladder
92357,img/92357.png,1,imagine a group of people filled with so much hatred they have to make laws making it illegal to hate them
92364,img/92364.png,1,what do you call a jewish pokemon trainer? ash
92365,img/92365.png,1,"her: i work with special needs children me, trying to impress her: i'm retarded"
92368,img/92368.png,0,american soldiers praying in jesus name that they don't have to go overseas for the holidays
92370,img/92370.png,0,when your dishwasher is broken so you take it back to walmart to get a new one
92375,img/92375.png,1,somehwere in afghanistan a new book isbeing written 50 shades of sheep
92381,img/92381.png,1,the face i make when they still believe in the holocaust being real and have no idea ww2 was started by the zionist jews to bring back germany under jewish control
92385,img/92385.png,0,you can fuck off with that shit you can fuck straight off to fuck off mountain while riding your fuck horse to the land of awwww hell no
92405,img/92405.png,1,portrait of a psychopath
92407,img/92407.png,1,25% of the women in this country are on medication for mental illness it means 75% are running around untreated!
92408,img/92408.png,1,"""go into china town, you don't see negro stores. go into jew town, you don't see negro stores. but come up here in black town and every kind of store is here but yours."" malcolm x"
92413,img/92413.png,1,zuckerberg approves
92417,img/92417.png,0,hoes be like why can't i find a good man
92430,img/92430.png,1,back off f'ing white male we are on a sex strike
92436,img/92436.png,1,even if you cut your penis you will never be a woman
92437,img/92437.png,1,-your pug is cute as hell -that's my son
92450,img/92450.png,0,to bad i don't speak peasant .!
92453,img/92453.png,0,when your boss volunteers you for the next suicide bombing
92457,img/92457.png,0,how you look when someone says something stupid
92467,img/92467.png,0,"musslamic democrat ilhan omar, has threatened members of congress she's told several republicans that she'll send them ""shawarma"" to ""give them a taste of her culture"" share to say arrest her now!"
92473,img/92473.png,0,"opens inbox ""lemme suck your dick"" goes to profile its a tranny"
92478,img/92478.png,0,this is what happens when you actually go fuck yourself
92481,img/92481.png,1,we have 3 apples. we give away 2 apples now calculate the radius on the bomb blast
92483,img/92483.png,1,"hmmm, wonder if i can get a couple of them muslim sex slaves!?!?!"
92501,img/92501.png,1,look at the bright side you are only half black now
92513,img/92513.png,0,"yes, ilhan omar is anti-semitic and anti-american but she is on our side"
92514,img/92514.png,0,this toaster is on fire
92534,img/92534.png,0,black people are trying to wake up
92541,img/92541.png,0,whats wrong with me? why am i so happy?
92546,img/92546.png,0,extremist are brain washing the children
92568,img/92568.png,0,what are they fighting over? is it: a) he cut him off b) he stole his girl c) he ran into him d)they're just play fighting for funsies
92571,img/92571.png,0,fresh out of fb jail and still not giving a fuck!
92573,img/92573.png,1,"""whatever we once were ""the future must not belong to those who slander we are no longer a christian nation"" the prophet of islam """
92578,img/92578.png,0,and that was the last nativity play my son was invited to take part in
92581,img/92581.png,0,finally got to do anal! and yes she's a squirter!
92603,img/92603.png,0,i love pudding pudding my dick where it doesn't belong
92608,img/92608.png,0,says he alone is tough enough to defeat isis still too chickenshit to release his tax returns
92610,img/92610.png,1,the jews have a tragic history
92613,img/92613.png,0,baby with beauty marks
92614,img/92614.png,1,muslim children at a pop concert why are people attacking us?
92617,img/92617.png,0,when the porn video features a tranny but then 'she' turns out to be a midget too you had my curiosity but now you have my attention
92637,img/92637.png,1,"i almost joined the kkk once.. but there weren't enough gay, black women in town to justify me volunteering that much free time"
92641,img/92641.png,1,"i don't want trump's face on mount rushmore. i want it chisled onto the moon so liberals, mexicans and muslims never get a good night's sleep"
92643,img/92643.png,0,a head diaper is required when you have shit for brains
92645,img/92645.png,1,when the jews genocide you so hard for 50 years that your population triples
92654,img/92654.png,0,i never dated my cuz'n i fucked him but we never dated
92670,img/92670.png,0,"scared you today, didn't i?"
92671,img/92671.png,0,looking at you your condition is improving
92705,img/92705.png,0,please help these kids locate their father
92708,img/92708.png,0,the book about terrorism
92710,img/92710.png,0,you're not wrong you're just an asshole
92718,img/92718.png,1,goes on a date gets stood up
92734,img/92734.png,0,aging challenge
92735,img/92735.png,0,this is the worst cancer i've ever seen
92741,img/92741.png,0,"wait, mohammad come back!! i didn't mean to laugh, really size doesh't matter to me lol"
92743,img/92743.png,0,i'm starting to understand both the appeal of and the demand for sex robots
92750,img/92750.png,1,i long for politcal correctioness when kids were allowed to play livestock management technicians and indigenous people
92768,img/92768.png,1,police training 101 only shoot the black
92780,img/92780.png,1,ahmed has 3 apples. he gives muhammad 2 apples now calculate the radius on the bomb blast
92806,img/92806.png,0,"i guess it's all ok to demand that president trump release his taxes i received $16 billion in 2018 to fix my rat infested shithole district in west baltimore and i never did it.. asking me where the money disappeared to, makes you all a bunch of racists!!!! but i guess it's not ok to ask this guy what he did with baltimore's money"
92814,img/92814.png,1,overly attached muslim girlfriend i killed your other 4 wives so you have more time to beat me
92817,img/92817.png,1,every muslim is allowed to have sex with his female slave.if he does not have female slave and wife is not at home his lust with sheep or then he must release goat- dr.zakir naik
92831,img/92831.png,0,when she say its not you its me bitch its finna be yo eye
92835,img/92835.png,1,my mom says if i get 1m likes they'll pull the plug
92845,img/92845.png,0,meanwhile at the isis strip club
92846,img/92846.png,0,did somebody say hump day
92851,img/92851.png,1,"teacher: "" ok class, bring out your calculators"" mohammed:"
92854,img/92854.png,0,when he asks you to see your hair
92867,img/92867.png,0,great minds think alike
92870,img/92870.png,1,"all i want to do is move to your country, rape your women, bomb your buses, ripot in your streets and demand that you accept my religion why can't you be more tolerant?"
92874,img/92874.png,1,so..convert to islam or die?  i say fuck it..let's roll
92876,img/92876.png,0,not my president not my residents
93016,img/93016.png,1,drinking wine is bad drinking camel piss is good
93024,img/93024.png,0,liquor stores ask for photo id they're trying to keep people of color from drinking!
93027,img/93027.png,1,sexbomb sexbomb you are my sexbomb
93042,img/93042.png,1,i lost my mom somewhere! what's she like ? big cocks and vodka
93057,img/93057.png,1,how men who ride crotch rockets check on their pizzas
93068,img/93068.png,0,"""hi. i'm the electrician. i'm here to remove your shorts, and check your box."""
93071,img/93071.png,0,"look, i'm really sorry that i made a ""pew pew"" star wars lazer blaster noise when i jizzed all over your titties i suffer from immature ejaculation"
93072,img/93072.png,1,"black people black people ""why would white america do this?"""
93076,img/93076.png,0,should i call a plumber or a electrician?
93081,img/93081.png,0,"muller report, russia, democrats"
93082,img/93082.png,0,who the fuck is that person?
93084,img/93084.png,0,has an orgasm... ...shoots out tranny fluid
93085,img/93085.png,0,i'm gonna get me some glow in the dark shoes so i can enlighten your ass
93086,img/93086.png,1,sweden 2050 the muslim and african hordes execute the last real swede
93087,img/93087.png,0,"and looking for a ""safe place"" my page ain't it.. move along snowflake if you're easily offended"
93102,img/93102.png,0,"""harder, harder"" ""that's a good boy"""
93124,img/93124.png,0,how we see dogs what dogs want to eat when dogs are in heat
93126,img/93126.png,0,if you dress like this on laundry day... you'll have an extra 'load' to deal with!
93127,img/93127.png,0,black power white power keep poking that bear
93128,img/93128.png,1,obama sucks. liberals are dumb. conservitives are great. jesus is lord. pro life. get rid of illegals. build a wall. bomb isis. obamacare is the devils work
93142,img/93142.png,1,dam baby is that ass a school? cuz i wanna shoot some kids in it.
93146,img/93146.png,0,if you're going black friday shopping be a decent human being and turn your phone horizontal before recording any fights
93147,img/93147.png,0,replaced kitty litter with pop rocks
93152,img/93152.png,0,don't blame me fuel was expensive
93164,img/93164.png,0,it's national hebrew day! let's make some challah!
93165,img/93165.png,1,obama voters
93168,img/93168.png,0,my girlfriend is a porn star she is going to be so pissed off when she finds out
93184,img/93184.png,0,this is my watermelon. there are many like it but this one is mine
93186,img/93186.png,0,that's the way allah allah i like it
93187,img/93187.png,1,when wwe has a ppv in world war ll germany incineration chamber
93208,img/93208.png,1,jolo jew only live once
93215,img/93215.png,0,paper is white and paper beats rock
93216,img/93216.png,0,when you have flashbacks from wwii
93245,img/93245.png,0,when you tease your husband in public
93246,img/93246.png,0,converted to muslim ? why would you think that
93247,img/93247.png,0,don't get fooled take them out swimming on the first date
93260,img/93260.png,0,when she smiles at you from a distance
93261,img/93261.png,0,dont talk about him because hes gay shut up bitch
93268,img/93268.png,0,you say islam is violent? i will kill you !
93271,img/93271.png,0,money can't buy you happiness but hookers and coke don't make me sad either!
93275,img/93275.png,0,i'm this pretty because both my parents are white
93280,img/93280.png,1,a good asian driver
93286,img/93286.png,0,when your mom has to take a picture everywhere
93287,img/93287.png,1,good asian '' ''
93401,img/93401.png,0,look dad im doing it you did it tyrone!
93405,img/93405.png,1,i like my coffee like i like my women in the kitchen where they belong
93410,img/93410.png,0,i made a website for orphans it doesn't have a home page
93416,img/93416.png,0,if he were a starving child i'm sure he would have a different sense of humor
93426,img/93426.png,0,you see an innocent child i see the perpetuation of systematig oppression
93428,img/93428.png,0,vote for the candidate who wants to kiss babies not kill them
93468,img/93468.png,0,both guilty of murder guilty ambassador pleaded for help and obama ignored his pleas
93471,img/93471.png,0,when you haven't stolen for over 2 weeks.
93487,img/93487.png,0,"i don't have ex's. i have y's. like, ""y the hell did i date you?!?"""
93502,img/93502.png,1,"snuffy and big bird discuss the most efficient way to rape the drugged man. hush, child"
93506,img/93506.png,0,today we are making vegetable soup
93512,img/93512.png,1,once you go black so does your eye
93521,img/93521.png,1,ever notice that christians are bad drivers
93524,img/93524.png,0,when cops see an armed robber
93542,img/93542.png,0,anyone who has been paying attention knows the biggest threat to an innocent persons life in america is the police like if you agree
93547,img/93547.png,1,d.j. osama spin laden droppin' beats like the twin towers
93548,img/93548.png,0,a gestapo agent inspects a group of yugoslavs executed by nazi henchmen
93568,img/93568.png,1,i'm so fucking gay i can't even think straight
93572,img/93572.png,1,i like my refugees like this '' '' ''
93578,img/93578.png,1,"i thought you liked me talking shit in bed! her: him: yes,but, ""eat my pussy like it's watermelon you nigger!"" is not okay , katie"
93586,img/93586.png,0,dropped my phone on my face and now it looks i got into a street fight
93605,img/93605.png,1,black people are underprivileged so if my baby is black i'll be sure to get an abortion
93610,img/93610.png,0,i should not be expected to pledge allegiance to any country including america dem representative ilhan omar quote
93614,img/93614.png,0,"i'm sorry i left the seat up, it won't happen again"
93615,img/93615.png,0,i hate when i see a black out in my neighborhood but i still offer my neighbors a candle
93618,img/93618.png,0,a mothers love is like no other
93647,img/93647.png,0,goes as batman for halloween parents get killed
93648,img/93648.png,1,"making a white trash album, if you could send me some pictures, that'd be great"
93650,img/93650.png,0,i got kicked out of hogwarts for using black magic
93658,img/93658.png,0,i like offending people because i think people who get offended should be offended
93671,img/93671.png,0,no. no man. shit no man. i believe you get your ass kicked saying some sumthin like that man
93685,img/93685.png,1,islam is the religion of peace! if you don't agree i kill you!
93687,img/93687.png,0,amsterdam red light district isalamabad red light district
93702,img/93702.png,0,handjob sold separately
93718,img/93718.png,0,shia men after getting erection behan kidhar hai??
93725,img/93725.png,1,felt cute. might kill your toddler later. idk.
93728,img/93728.png,1,dirty immigrant scum
93740,img/93740.png,0,i'll be saving my resolution for 2019 i think i wanna be an asshole for 1 more year
93741,img/93741.png,0,stop being a bitch
93750,img/93750.png,0,teach your kids to drag race and they'll never be able to afford drugs
93761,img/93761.png,0,even though our people make it hard for us to help them we still love em because we know they were conditioned to be this way
93764,img/93764.png,0,"dude, sometimes when i close my eyes i can't see"
93786,img/93786.png,1,"when the exchange student from america pulls out his assault rifle ""we don't do that here"
93826,img/93826.png,0,"my wife asked me where i'd like to be buried apparently, ""balls deep in your sister"" wasn't the answer she was expecting"
93827,img/93827.png,0,now that's a koala-ty photo
93841,img/93841.png,1,"you need to quit messing with those white devils, brotha!!"
93852,img/93852.png,0,happiness happens when we stand together
93854,img/93854.png,1,i just realized we know we don't want him in the same bathroom with our wives
93861,img/93861.png,1,first they laugh then they imitate
93867,img/93867.png,0,you mean she wasn't german?
94013,img/94013.png,0,now y'alls be quiet while massa making things great again
94015,img/94015.png,1,a great way of serving your country
94017,img/94017.png,1,i bet they make squeaky toy sounds when they fuck
94021,img/94021.png,0,what's that burning? oh it's my family
94026,img/94026.png,0,i got some muhammed for you right here how you like me now?
94031,img/94031.png,1,felling cute. might fuck a goat later idk
94062,img/94062.png,0,the look after you told your mom you cleaned your room
94065,img/94065.png,0,if yall daughters dancing like this.. they cant play with mines
94067,img/94067.png,1,i'm a firm believer in the seperation of islam and the planet
94068,img/94068.png,1,hating the jews is a great honor for me and it makes me walk with my head high
94071,img/94071.png,0,when you know you have smoked too much meth
94078,img/94078.png,1,time to kill all muslims
94081,img/94081.png,0,being conjoined isn't easy
94083,img/94083.png,0,this is how lesbians have sex
94085,img/94085.png,1,"my black flag brings all the goats to the yard, watch out, i'll put a bomb in your car and the're like ""allahu akbar"" i could teach you, but i lost my arms"
94087,img/94087.png,1,"""never forget"" -you said.. i am the proof- you have forgotten"
94106,img/94106.png,0,release your tax returns i emailed it to you
94108,img/94108.png,0,the mighty liberal army ready to fight for socialism
94130,img/94130.png,1,with black power comes no responsibility
94132,img/94132.png,0,"i sent him a picture of my vagina... and he said ""he loves arby's too."""
94138,img/94138.png,1,feeling pretty cute might blow something up later....idk yet
94150,img/94150.png,1,america be like never forget get over it
94153,img/94153.png,0,what hitler would look like as a female
94156,img/94156.png,0,i'm proof that even the dumbest student can one day lead the democrat party
94158,img/94158.png,0,great apes
94162,img/94162.png,0,teacher: alright class take out your calculators mohammed:
94176,img/94176.png,1,the new space saving dishwasher you can hang it anywhere!
94178,img/94178.png,1,symbol of stupidity
94205,img/94205.png,0,when your moms plastic an you're a spastic tragedy!!
94230,img/94230.png,0,kathy bates in the movie waterboy
94236,img/94236.png,1,everyone jews why does the world hate us ?
94237,img/94237.png,1,how do you know if a black guy is well hung? you can't fit your finger between the rope and it's neck!!
94251,img/94251.png,1,ahmed mohamed reminds us to set our bombs 1 hour ahead this weekend
94256,img/94256.png,0,it's a wiener pit kind of like your mom
94267,img/94267.png,0,how pothead lesbians get stoned in the middle east islamic art
94278,img/94278.png,0,stop it! i'm trying to work with dishwasher
94281,img/94281.png,0,when i try to fit in with other people
94287,img/94287.png,0,who is this grumpy cat you speak of?! sweet mother of hades what the hell is that?!?!?
94305,img/94305.png,0,women rights in islamic countries
94325,img/94325.png,0,"i don't always listen to the 80's.... but when i do, so do the neighbors"
94350,img/94350.png,1,"i wonder is he's thinking about me siri, find me interracial tranny amputee midget fisting porn."
94351,img/94351.png,1,hmmm minyoda i am beat women i must
94352,img/94352.png,1,whitesox ticket: $55 beer: $8 hot dog: $6 watching a muslim from kenya throw a 28 mph fastball like an 8 yr old little girl: priceless
94356,img/94356.png,0,an all female muslim rock band
94357,img/94357.png,0,"""the master race'"
94358,img/94358.png,0,not all muslims are terrorist
94360,img/94360.png,1,how to get a black guy to see his baby
94361,img/94361.png,0,when you can't wait for them to cut the cake
94370,img/94370.png,1,when you find out there's an opening for the role of chewbacca
94372,img/94372.png,0,we are in a civil cold war with the bill of rights on the line! so wake up!
94378,img/94378.png,0,save them from death
94501,img/94501.png,0,that's a man baby!
94506,img/94506.png,0,we cannot allow birth control we will run out of children to molest
94507,img/94507.png,0,lol this isn't the first time we've lied about gas emissions
94512,img/94512.png,0,"happy birthday and believe me, no one can wish you a better happy birthday than me"
94517,img/94517.png,0,border agents in texas apprehend over 400 illegals in just a 5-minute span this is an invasion! why are some republicans trying to keep our borders open??
94518,img/94518.png,1,i agree hi 5 bro
94523,img/94523.png,1,we love your political correctness and tolerance it's our greatest weapon against you!!!
94532,img/94532.png,1,see? i fuckin told you! a little foil on top keeps them jewsy
94563,img/94563.png,0,trump's transgender military ban is the best thing ever share if you agree
94571,img/94571.png,1,removes polish with chemicals nobody bats an eye removes polish with chemicals everybody loses his shit
94578,img/94578.png,0,that face she makes when ahmed hits the g-spot
94580,img/94580.png,0,racing for pink slips in south africa
94581,img/94581.png,0,"""farming simulator 19 classic equipment dlc"""
94586,img/94586.png,1,when you walk into the waiting room at the ford service dept
94602,img/94602.png,0,i don't laugh at my own jokes but we all know i'm hilarious
94605,img/94605.png,0,he was a world savior only if stupid people would understand
94610,img/94610.png,0,sea monkeys
94615,img/94615.png,1,peinigger
94617,img/94617.png,0,burning things that don't mean anything to you
94620,img/94620.png,0,we now have reason to believe trump ripped the tag off his matress in 1987
94625,img/94625.png,0,when you're the only one who doesn't bring a bottled water to hiking
94628,img/94628.png,0,a lamp post in a busy countryside street
94638,img/94638.png,0,the look your dad gives your when you dont make curfew
94650,img/94650.png,0,happy anniversary to that time you headbutted your way out of a vagina
94675,img/94675.png,0,a muslim '' '' party
94678,img/94678.png,0,no one: steven hawking
94687,img/94687.png,1,you can't spell rape without ape
94710,img/94710.png,1,"what do you mean by: ""you're a hero ...and you have to leave.""? come on dude, let me in. nigger"
94720,img/94720.png,0,when your girlfriend tells you a dry ass joke but you want to get some at the end of the night
94721,img/94721.png,0,never forget the holocaust
94723,img/94723.png,0,follow your dreams no matter what people say
94725,img/94725.png,0,horses don't see black or white people. they just see food
94731,img/94731.png,0,a good day for taking a selfie
94732,img/94732.png,1,the name's todd... retodd
94780,img/94780.png,1,party tonight? i'm down
94783,img/94783.png,0,"hellen keller and her boston terrier ""phiz"""
94786,img/94786.png,0,i can still smell the ford you drive
94802,img/94802.png,0,manual tranny automatic tranny rebuilt tranny
94815,img/94815.png,0,when did you two get married again?
94823,img/94823.png,0,obama voters
94836,img/94836.png,0,when you think of a cute idea for maternity pictures
94850,img/94850.png,0,meanwhile at the isis strip club
94860,img/94860.png,0,you know it's going to be a serious blow job when he puts his hair up in a manbun
94870,img/94870.png,0,when you're barbecuing and the charcol runs away
94871,img/94871.png,1,when you found your wife is cheating on you ya allah
94872,img/94872.png,0,jewish invention ''
94873,img/94873.png,0,safe horns goat style
94876,img/94876.png,0,"hmmm... who shall i arrest first brennan, clapper, comey or obama?"
95021,img/95021.png,0,its ok to have both of these raised and still live in harmony
95024,img/95024.png,1,ever tried african food? niether have they
95031,img/95031.png,0,if you hold it up to your ear you can hear police
95034,img/95034.png,0,"""a wiggle never hurt anybody."" dorothy donegan pianist"
95048,img/95048.png,0,little boy from kenya
95062,img/95062.png,1,when the cop sees a black kid
95064,img/95064.png,0,hey this bag only weighs .8 it's graam!
95067,img/95067.png,0,"""scientists have discovered that they have a lot of intelligent dna unfortunately most of them spit it out"""
95071,img/95071.png,0,introducing honky kong
95078,img/95078.png,1,this one time at camp we got so baked
95081,img/95081.png,1,the ku klux klan killed 3446 blacks in a span of 86 years since 2016 blacks killed 1891 other blacks in chicago alone
95087,img/95087.png,1,good things small packages
95102,img/95102.png,0,you're in the wrong neighborhood motherfucker
95103,img/95103.png,0,you're not really drunk until you are speaking fluent ozzy osbourne
95108,img/95108.png,0,went gay clubbing with some friends turns out out they were expecting something very different
95130,img/95130.png,0,public talking
95163,img/95163.png,0,new seatbelt design: 45% less car accidents!!
95174,img/95174.png,0,"we shouldn't just study civics in high school we should study other cars, too"
95184,img/95184.png,0,lgbtq pride
95186,img/95186.png,0,no racism
95201,img/95201.png,1,when black people say they are native american
95208,img/95208.png,0,look son a traitor
95214,img/95214.png,0,"big bird's species were mostly scavengers but like the turkey vulture, they would attack weakened prey"
95247,img/95247.png,0,"so, is there gonna be a storm or nah?"
95263,img/95263.png,1,your new name is abdul you'll take it and like it cracker
95264,img/95264.png,0,"if your refund is more than you paid in taxes you aren't getting ""your taxes"" back, you're getting ""my taxes"" back!"
95267,img/95267.png,0,interracial dating somting like that
95274,img/95274.png,0,life has its ups and i have its downs
95278,img/95278.png,1,when you're the only dog left at the dog shelter and the black family wants to adopt you
95281,img/95281.png,0,when you can hear mom getting taken to pound town on the fuck truck and all you can hear is her queef and grunt like wildebeest
95283,img/95283.png,1,happy cinco de ported!
95317,img/95317.png,1,all those in favour of bringing swedish women to america as refugees instead of muslims please like and share
95326,img/95326.png,1,im not allowed to barbecue ever since i burnt the franks
95376,img/95376.png,1,baked potatoes for everyone
95387,img/95387.png,1,"armed with the knowledge that aids only kills the gays, ernie tells bert to take his new found gift and spread it to the masses"
95401,img/95401.png,0,meanwhile at the isis strip club
95403,img/95403.png,1,your hate makes us stronger
95417,img/95417.png,0,monkeys often pick bugs off each other to snack on
95426,img/95426.png,1,i hate all fucking jews they are scum of the earth
95427,img/95427.png,1,anne franks nudes exposed
95467,img/95467.png,1,how! can i get dat percap?
95478,img/95478.png,1,did you know? women have small feet so they can stand closer to the sink
95482,img/95482.png,0,and then i said do i look like i give a fuck?!
95672,img/95672.png,0,these kids need elf on a shelf to behave? that's cute. we had belt on a shelf
95680,img/95680.png,0,vitiligo is a skin disease that causes the loss of melanin
95683,img/95683.png,0,"and then i said, mr. president only targets there's no walmart's in north korea"
95684,img/95684.png,0,i'm not transphobic i just don't like 'em
95687,img/95687.png,1,the muslim on the front door be like: no full auto in buildings
95712,img/95712.png,1,i now declare you sir faggot sucker of cocks
95714,img/95714.png,1,i hate cupcakes and women
95718,img/95718.png,0,amsterdam hamster dam
95720,img/95720.png,1,hey dont blame me for a bad economy! you wanted me just to kill muslims for you!
95724,img/95724.png,0,when she say she done with you & you ask her if she hungry & she say no issa wrap. game over
95726,img/95726.png,0,what society thinks they will do vs what women will do when the economy collapses
95742,img/95742.png,0,you know like when the tv doesn't work you give it a hard hit and then its all better
95763,img/95763.png,1,i was gonna make a muslim joke but they always blow up in your face gotta be careful
95764,img/95764.png,1,gay people fear me so why is it called homophobia? a phobia is a fear of something i do not fear gay people
95780,img/95780.png,0,"femenist: all men are evil, and must be castrated because they're all capable of and want to commit rape me *waiting in line at best buy* neat"
95783,img/95783.png,1,monday at skul after watching sarafina
95801,img/95801.png,1,"prize the real, not the imitation tranny men as 'women' women as women are fools gold are real gold"
95803,img/95803.png,1,"""that's the way, allah, allah i like it"" put'n the ""ham"" in mohamed"
95810,img/95810.png,1,things men do that upset women.. 1. lie. 2. be honest. 3. not talking to them 4. talking to much to them. 5. not showing any emotions. 6. being too emotional. 7. breathing
95812,img/95812.png,0,happy shot in the face day 5-2-2011
95814,img/95814.png,0,yo mama's so dumb... she lost a rigged election!
95817,img/95817.png,0,two sad images from american history
95821,img/95821.png,1,i don't know how to deal with black people but i guess i'll take a shot at it
95831,img/95831.png,0,who's down for a 3.5 way
95843,img/95843.png,0,friendly reminder: a hooker and con man are in the white house fucking things up
95846,img/95846.png,1,look son... another terror attack by peaceful muslims!
95861,img/95861.png,0,bitches are like stitches pick on them and they open up
95872,img/95872.png,0,albanians taking a selfie with a porn star
95874,img/95874.png,0,hello is that everything you need ? i thought you left your smile back there
96023,img/96023.png,0,pussy fight!
96034,img/96034.png,0,i'm just here for the boobs
96037,img/96037.png,0,"they are the best in basketball because they can steal, shoot and run"
96042,img/96042.png,0,if a man remembers the color of your eyes after a first date you have small boobs
96054,img/96054.png,0,oh lord jesus happy birthday
96058,img/96058.png,0,husband gives massage.. ...aaaand now i have a dick in me
96071,img/96071.png,0,you mean to tell me you have so much clean water that you shit in it
96073,img/96073.png,0,"when you vent to a white person ughh, my mom pissed me off wanna kill her? there u go wit dat bs"
96078,img/96078.png,0,meanwhile at the isis strip club
96081,img/96081.png,1,ankle compilaion when you stoned your 3rd wife yesterday and you're lonely
96083,img/96083.png,0,we give your holy flag praise our lord and enslaver
96087,img/96087.png,0,stevie wonder be like #selfie!
96104,img/96104.png,0,the ku klux klan killed 3446 blacks in a span of 86 years since 2016 blacks killed 1891 other blacks in chicago alone
96120,img/96120.png,0,"dude! look at this girl! carl, shut the... damn that ass!"
96123,img/96123.png,1,"muslims kill 1,300 people in 20 days and nobody bats an eye one man drives through 10 muslims and everyone loses their minds"
96127,img/96127.png,0,"then i grabbed the booty like, yahhhhhh"
96143,img/96143.png,1,"roses are red, violets are blue mexicans are rapists, and so am i"
96150,img/96150.png,0,yes donald. that sounds good. i once built a wall too
96152,img/96152.png,0,peace is love
96153,img/96153.png,0,jokes don't kill people they kill people
96172,img/96172.png,1,you see that?? it means get the fuck back to the kitchen
96182,img/96182.png,0,the face that pro-lifers make when you talk about shooting immigrants
96183,img/96183.png,1,when your dishwasher is broken so you take it back to walmart to get a new one
96184,img/96184.png,0,when you've just realised your son has taken the wrong backpack to school
96204,img/96204.png,1,"girl muslim "" is this a punching bag""?"
96208,img/96208.png,0,the fishing was so bad even the liars didn't catch any
96213,img/96213.png,1,you know your country is multicultural when there's armed patrols on the streets belgium germany france england
96230,img/96230.png,0,it was gonna jump! i'm holdin' it back!
96231,img/96231.png,0,when you're a convicted rapist but reruns of your show are still on tv because it's not like you tweeted something
96235,img/96235.png,1,it explodes on penatration new military drone to fight isis
96238,img/96238.png,0,"hey i just met you and this is crazy, but here's mein number so call me maybe"
96253,img/96253.png,0,when you're cool with the lbgtq community
96258,img/96258.png,0,its national hebrew day go pick up a hot girl
96270,img/96270.png,0,"openly states that america and americans are both ""immoral"" boinked her own brother"
96280,img/96280.png,0,she's chilling with her new purchases
96301,img/96301.png,1,alabama: bans abortion. all of alabama in 5 years
96302,img/96302.png,1,a muslim party
96305,img/96305.png,0,"you will never see refugees in america mistreated when things turn to shit, we welcome others with open arms, dust off our guns and try to help"
96307,img/96307.png,1,"ben was born without eyelids so they circumcised him and used the skin the operation was a success, he's just a little cockeyed!"
96317,img/96317.png,0,i'm sorry i made the chewbacca sound but maybe if you shaved next time.....
96325,img/96325.png,0,yesterday i told my wife her soup tasted like crap today it is much better
96328,img/96328.png,1,reshare if you hate white people
96340,img/96340.png,1,"i'm not inturupting anything personal, am i? yeah niles, we just eloped i'm your new mom. well, i'll be a son of a bitch"
96342,img/96342.png,0,listen up sweetheart and let this sink in. i never owned any slaves and you never picked any cotton. here ends the lesson. i dont owe you shit
96354,img/96354.png,1,why do asians have eyes like this? isn't it hard to see?
96380,img/96380.png,0,nancy pelosi doing her impression of the dying democrat party
96381,img/96381.png,0,ilhan omar linda sarsour rashida tlaib
96402,img/96402.png,1,i have a dream  that one day my people will not act like animals
96405,img/96405.png,0,execute a plan to accept your actual born sex. you'll be happier when you do
96407,img/96407.png,0,rashida tlaib in traditional 'palestinian garb
96415,img/96415.png,1,praise be to the goat i fuck in the arse.. for his name is mohammed the prophet
96417,img/96417.png,0,the cat slipped and fell into the toilet i was pushed!!
96420,img/96420.png,0,tell trump + mcconnell to stop trying to help democrats pass amnesty for millions of illegals by june 28! (202) 456-1111 (202) 224-2541
96421,img/96421.png,0,all she wants to do is play all day
96423,img/96423.png,0,micro implant allows terrorist to speak to god. it comes in various sizes generally from .223 to .50 caliber
96431,img/96431.png,0,when you found out your wife is cheating on you ya allah
96435,img/96435.png,0,the look he gives you when you're the new sheik in town
96450,img/96450.png,1,and someone was outside yelling they were gonna rape and kill everyone inside muslim immigration is literally that stupid #islamistheproblem
96452,img/96452.png,1,when someone drops a penny
96470,img/96470.png,1,this is what it's like to be gay in iran
96471,img/96471.png,0,when you're walking home and come across a naked corpse i shouldn't
96475,img/96475.png,0,my husband is always pushing me around.... and talking behind my back
96485,img/96485.png,1,what if i told you transgender is actually a mental illness called delusional psychosis
96507,img/96507.png,1,sure cancer is bad but you know what's worse? nigas
96508,img/96508.png,0,umm yea.. if you you could just go fuck yourself that'd be great.
96510,img/96510.png,1,"mexican word of the day: wheelchair. ""me and juan only had one taco but that's ok, wheelchair."""
96513,img/96513.png,1,"what in the cousin humpin, skoal spittin, busch light drinkin, winston smokin, restraining order havin, mullet rockin, trailer park treasure is this!?"
96514,img/96514.png,0,got crap for brains??? make sure you wear your diaper
96517,img/96517.png,1,when muslims have been slaughtering millions of innocent people across hundreds of countries and finally someone gives them a taste of their own medicine
96524,img/96524.png,1,spacky chan
96531,img/96531.png,0,"parents will lie to their children about why they celebrate thanks giving christmas easter and holloween they have the nerve to tell the children ""don't you ever lie to me"""
96541,img/96541.png,0,"i don't always listen to socialists... ...but when i do, i buy more ammo"
96570,img/96570.png,1,that's enough facebook for today  this sammich isn't going to make itself!
96573,img/96573.png,0,when you get old and your brother decides to stop by and drink with you
96578,img/96578.png,1,mohammad is fucked by blink hacker group! oink oink! hi! my name's mohammad! fuck you muslims!
96583,img/96583.png,0,for just ten cents a day you can help feed these children
96587,img/96587.png,1,"israel we teach, terrorism,sir!"
96701,img/96701.png,1,49 people were killed at christchurch muslim 49 people were killed at christchurch mosques muslim
96704,img/96704.png,1,sponge bob queer pants
96708,img/96708.png,0,even casey anthony cared enough about her daughter to vaccinate her
96713,img/96713.png,0,what she thinks you're doing when you don't answer your phone what you're actually doing
96720,img/96720.png,0,sometimes i crunch up my jizz when it dries and i bring the white powder to parties and watch people snort my cock sand
96730,img/96730.png,0,all i want for christmas is 6 million
96734,img/96734.png,0,life goes on
96735,img/96735.png,0,i sexually identify as thomas the tank engine
96745,img/96745.png,0,"oh, you got offended by a post on the internet? you must be new here"
96752,img/96752.png,0,chris rock gets his own netflix special in february 2018
96784,img/96784.png,0,keeping your dishwasher clean will make it last longer
96785,img/96785.png,0,lost african tribe
96801,img/96801.png,1,"my wife asked me what the female version of a ""man cave"" would be i told her it's called ""a kitchen"""
96804,img/96804.png,1,a serbian man
96810,img/96810.png,0,30 minutes after eating taco bell
96820,img/96820.png,0,i love listening to music
96821,img/96821.png,0,if this is banned in islamic countries in western countries? shouldn't this be banned
96824,img/96824.png,0,there's no shame in having pride in who you are
96840,img/96840.png,1,what would i do if she was pregnant
96845,img/96845.png,0,barack obama is not america's first black president but america's first mixed race president
96857,img/96857.png,0,don't stare to long you might laugh
96872,img/96872.png,0,when the villagers ask what no shave november is
96873,img/96873.png,0,"if you believe that, i've got fresh cattle to sell you"
96874,img/96874.png,1,"makes offensive heidi crowter meme looks ""down"" in shame"
97013,img/97013.png,1,why is cocaine white? because it actually works
97023,img/97023.png,0,puts on sunblock doesn't protect from harmful rays
97025,img/97025.png,1,why do muslim woman wear a mask it's easier to hide their fur
97026,img/97026.png,0,i have a dream that one day my people will not act like animals
97035,img/97035.png,1,"put'n the ""ham"" in mohamed"
97041,img/97041.png,0,the face i make when the media calls bruce jenner catlyn jenner
97045,img/97045.png,0,"""dad what is ""losing""? i don't know son, i'm a trump supporter"
97051,img/97051.png,1,when you successfully shot all the muslims in the mosquee but isis doesn't claim the assault
97058,img/97058.png,1,doctor: take this medicine after food african kid:
97102,img/97102.png,1,a monkey wearing makeup and a dress does not make it a woman and a man wearing makeup and a dress is also not a woman
97103,img/97103.png,0,when the human asks who knocked everything off the table awiens
97105,img/97105.png,0,yes i'm trying to divide the country i'm dividing the illegals from the actual citizens
97108,img/97108.png,0,"if you have guns and children, gun safety should be a priority"
97128,img/97128.png,1,know why colored people have all those air freshener in their cars? they can't stand the smell of ni**er either!
97142,img/97142.png,0,stupid americans.. they elect their enemy to rule over them
97153,img/97153.png,0,"muslim figure: ""we must have pork-free menus or we will leave u.s."" should we help her pack ?"
97160,img/97160.png,1,this would be racist if black people could read
97162,img/97162.png,0,meanwhile at the isis strip club
97180,img/97180.png,0,if there is no race it can't be homicide
97183,img/97183.png,0,when you sleep with a jewish girl
97184,img/97184.png,0,i want it now is a good time
97201,img/97201.png,1,"never let anyone tell you what you can or cannot do. just look at beethoven. everyone told him he would never be a musician, just because he was deaf but did he listen?"
97204,img/97204.png,1,how they see how i see
97208,img/97208.png,0,jerry nadler's back on tinder
97210,img/97210.png,0,i was raped in jail mom. dad's taking monopoly way too seriously
97213,img/97213.png,1,if this makes you a citizen does this make him family
97230,img/97230.png,1,trump better deal with these muslims before they kill me
97250,img/97250.png,0,photo shooting day in office
97256,img/97256.png,0,we destroy the world and kill a lot of people. know the history and learn from it
97258,img/97258.png,0,"hi, i'm nate i'm a lesbian in recovery"
97261,img/97261.png,0,"we didn't say nobel prize we said... no bail, suprise!"
97283,img/97283.png,0,lick her shitter like an apple fritter
97301,img/97301.png,0,will you hurry up and hunt some food we have to feed this starving child
97314,img/97314.png,0,it all depends on how you treat her
97315,img/97315.png,1,a head diaper is required when you have shit for brains
97316,img/97316.png,1,*pulls pizza out of oven* everyone else at auschwitz:
97321,img/97321.png,1,1400 years of islamic progress
97325,img/97325.png,0,do you know how to use an oven! or do i need to dig up hitler so he can show you!
97345,img/97345.png,0,who burnt that popcorn ?
97348,img/97348.png,1,we have to exterminate all gays
97361,img/97361.png,0,how do mexicans feel about trumps wall? they'll get over it
97365,img/97365.png,1,smash gender stereotypes all men are potential rapists
97384,img/97384.png,0,the double tap is a myth shoot until the threat changes shape or catches fire. only then will your enemies know true peace
97386,img/97386.png,1,inmate comes out of the shower and asks for a towel auschwitz guard:
97402,img/97402.png,1,when you pour a bowl of coco puffs and realize you're outta milk
97403,img/97403.png,0,my shirt is so tight it barely fits
97413,img/97413.png,0,"your birthday it is old, you have become"
97415,img/97415.png,0,one of the most sold items this holiday season!
97426,img/97426.png,0,what dogs look like to black people what dogs look like to asians what dogs look like to white people
97436,img/97436.png,1,"we will take over politically, oust the constitution establish sharia law, and behead all non- muslims, right in the streets of america"
97438,img/97438.png,0,buchenwald concentration camp bones of anti-nazi german women still are in the brick ovens on the crematorium
97463,img/97463.png,1,when you run over antifa protestors and you hear one being dragged
97465,img/97465.png,0,how to pick up jewish chicks
97481,img/97481.png,0,"not a creature was stirring, not even a mouse... cause i ate him"
97501,img/97501.png,0,what women think they'll do when the economy collapses vs what they'll actually do
97502,img/97502.png,0,when abortion is illegal so you hire casey anthony to babysit improvise. adapt. overcome
97503,img/97503.png,0,when you catch your bestfriend with another man ya done fucked up
97508,img/97508.png,0,did you say dude blew his tire???
97510,img/97510.png,1,pork dripping rub the only way to keep your children safe in rotherham
97520,img/97520.png,0,get the fuck out now you anti trump liberals
97521,img/97521.png,1,"the latest toy has hit the shops it's a talking muslim doll nobody knows what the fuck its says, because no one has the guts to pull the string"
97523,img/97523.png,0,you are so cute
97524,img/97524.png,0,when you can't afford a new dishwasher so you hit the rusty one and make it work
97531,img/97531.png,1,blacks when they hear kilometers per hour instead of monkeys per yard
97542,img/97542.png,0,meanwhile at the isis strip club
97543,img/97543.png,0,this is what whoring pray yourself out to a bitches. religion you've never followed looks like
97562,img/97562.png,1,just bought my first slow cooker
97564,img/97564.png,0,"sign says ""take a quarter"" takes two"
97583,img/97583.png,0,you used so much oil bp is already claiming they weren't involved
97586,img/97586.png,0,i hate snow its white and on my land
97601,img/97601.png,0,"this is how a snake's mouth looks from the inside, i think everything is clear now"
97604,img/97604.png,0,london police speak with suspect
97610,img/97610.png,0,taxes...i love them you pay.... and the illegals .......for free stay rain tax..gas tax... highest property tax in country it never ends
97623,img/97623.png,1,tattoos are bad for your health i know 5 million people who had tattoos and they all died
97625,img/97625.png,0,when your halloween make up stays on for to long
97628,img/97628.png,0,"is it ok for your son or daughter to call another man ""daddy?"
97635,img/97635.png,1,didnt stand during the national anthem... no one said a word... # whiteprivilege
97643,img/97643.png,0,no matter what i'll protect you
97683,img/97683.png,0,when the bass drops just right
97685,img/97685.png,0,so what you are saying is that the left wants everyone to look different as long as they all think the same?
97804,img/97804.png,0,"you've been drinking beer, i smell it on your breath . no, i've been eating frogs' legs. what you smell is the hops"
97805,img/97805.png,0,"anytime my dog growls at me excuse the shit out of my goddamn french, but did you just threaten me?"
97810,img/97810.png,1,you're an awesome nigger!
97814,img/97814.png,1,"call me a hater if you want but,.... ...when is the last time you saw a photo of anyone but a muslim holding a human head?"
97815,img/97815.png,0,manditory vaccinations with no exemptions i do nazi the problem.....
97816,img/97816.png,0,good skeleton
97821,img/97821.png,0,if being racist means i don't want my country turned into a pile of rocks & goatshit ruled by a barbric cult then i'm a racist
97823,img/97823.png,0,"so you know a lot about politics?! please, do continue to repeat everything your parents have told you"
97824,img/97824.png,0,if you wanna report something report deez nuts!!!
97826,img/97826.png,0,allah has clearly said in quran ch. no. 45 verse 78 aayega to modi hi
97831,img/97831.png,1,i just hired a gorgeous blond swede with big tits and long legs as babysitter anyone know where i can find a baby like real quick?
97832,img/97832.png,0,"""a wiggle never hurt anybody."" dorothy donegan (april 6, 1922- may 1998)"
97836,img/97836.png,0,start the car!!!!!! i just peed on hillary's leg!
97842,img/97842.png,1,there's so much white trash in this picture i barely know where to start!
97845,img/97845.png,1,not all black people are criminals
97860,img/97860.png,0,christians don't believe they evolved i agree
98016,img/98016.png,1,thanks to john deere black lives haven't mattered for a long time
98023,img/98023.png,0,be greatful for the clothes you wear
98032,img/98032.png,0,we can do it best!
98034,img/98034.png,0,these aren't people
98047,img/98047.png,0,never trust women
98057,img/98057.png,0,back in my day blowin a tranny was car trouble
98064,img/98064.png,0,life hack: your dishwasher can also wash your car
98067,img/98067.png,0,"sometimes, i crunch up my jizz when it dries and i bring the white powder to parties and watch people snort my cock sand i do this all the time"
98071,img/98071.png,0,be happy if your baby was born healthy they are a blessing
98072,img/98072.png,0,"we can not security check syrian migrants properly, but we can trust them. we want to take firearms from the safest demographics in canada, as we can not trust them"
98075,img/98075.png,1,israel's target practice one child's eye is a mistake. one hundred fifty-nine is a policy
98103,img/98103.png,1,removes polish with chemicals nobody bats an eye removes polish with chemicals everybody loses his shit
98105,img/98105.png,1,what guys envision lesbian look like what lesbians really look like
98124,img/98124.png,1,large big mac no ice
98125,img/98125.png,1,"do you hate rapist? and child molesters? and people who think their race is superior to all? oh , so you hate muslims too huh. good shit"
98134,img/98134.png,1,"when you recorded 3times ""talak"" in your abbu voice and plays it in front of your mum becuase you wanna fuck her after divorce ye hai digital buslim"
98145,img/98145.png,1,can't get enough save palestinian kids
98154,img/98154.png,0,time for my 100th selfie of the day
98157,img/98157.png,0,when the weekend hits vs. monday morning
98163,img/98163.png,0,in soviet amerika... government limits you!!!
98176,img/98176.png,0,i hate people who drive trucks like these we get it. you rape
98203,img/98203.png,1,when god grants you a child after 20 years of your marriage and israel bombs him few years later
98215,img/98215.png,0,don't move and give me your money
98241,img/98241.png,1,don't mind me just watering my muslims
98243,img/98243.png,1,a black man invention ''
98245,img/98245.png,0,where's jaws when you need him ?
98246,img/98246.png,1,"trump supporters because why learn the facts, when you can mindlessly preach hate?"
98256,img/98256.png,0,i told a girl to text me when she got home. she must be homeless
98270,img/98270.png,0,men days in the days men today
98271,img/98271.png,1,"this is how a snake's mouth looks from the inside, i think everything is clear now"
98276,img/98276.png,1,the first annual mohammed-a-thon
98305,img/98305.png,0,hiliary i'm coming after you and i'm bringing handcuffs
98307,img/98307.png,1,how to pick chicks in auschwitz
98314,img/98314.png,0,"healthcare is a right and the government should pay for it guns are a right, should the government pay pay for them too?"
98316,img/98316.png,0,i could have tranquilized that gorilla and i could have grabbed that kid what kid?
98345,img/98345.png,0,this one time at camp we got so baked
98346,img/98346.png,0,is it a boy or a girl it's a bomb
98350,img/98350.png,0,flowers for martin luther king day
98351,img/98351.png,1,"each oven could only burn less than 6000 bodies per year, or the metal would fracture tone"
98357,img/98357.png,1,the porn again christian
98362,img/98362.png,1,it's ma'am look i found a penis
98364,img/98364.png,0,white people know thyself
98367,img/98367.png,1,if asians got random english tattoos too it means love in english!
98406,img/98406.png,1,"when youve finally had enough of your autistic brother, you decide to sell him to the local pedophile"
98412,img/98412.png,1,how come every week black police don't kill unarmed white males?
98416,img/98416.png,0,this is really out of mein kampfert zone
98421,img/98421.png,1,"taking on a job at the morgue, ernie has finally found a way to do good in the world. if all those girls die as virgins, they should at least not be buried as such"
98425,img/98425.png,1,when your moms plastic and you're a spastic tragedy!!
98426,img/98426.png,0,what do you call a black guy in a tree with a briefcase ... a black guy with briefcase
98427,img/98427.png,0,flash drive butt plug for when you really want to back that ass up
98457,img/98457.png,0,cheers to all the people who can change their minds when presented with information that contradicts their beliefs
98461,img/98461.png,1,when you finally buy a dishwasher this works a lot better than a sponge
98463,img/98463.png,0,don't think we forgot
98501,img/98501.png,0,send me sexy pic
98504,img/98504.png,0,hahaha good one let's burn 6 million to celebrate
98506,img/98506.png,0,me and the boys after killing innocent people in a bomb blast
98514,img/98514.png,0,what thanksgiving at grandmas little house feels like
98517,img/98517.png,0,at the isis strip club meanwhile
98523,img/98523.png,0,that look when you find out your husband isn't coming home from the mosque
98526,img/98526.png,0,donald trump making his supporters laugh at a rally
98530,img/98530.png,1,get the hell out muslim! you are not wanted here !!!
98531,img/98531.png,1,tattoos are bad for your health i know 5 million people that had tattoos and they all died
98537,img/98537.png,0,warning smoking kills
98542,img/98542.png,0,do you have any idea how fast you were going
98561,img/98561.png,0,first they laugh then they imitate
98564,img/98564.png,0,look your dad fucked goats.. i capped him...sorry..
98567,img/98567.png,0,cat's when they hear the bag open
98571,img/98571.png,0,every year a million people get sick from eating tainted beef who the fuck is putting their taint on the beef?
98573,img/98573.png,1,"six years kid: i want to be an architecht, when i grow up cancer: i'm about to end this man's whole career"
98574,img/98574.png,0,blasts meme and parody pages shares posts from the babylon bee
98601,img/98601.png,0,where's jaws when you need him?
98603,img/98603.png,1,"charles martel from the year 732 explains how he kept france safe from muslims ""i slaughtered every single one of those savages, until they retreated back to the third world, poverty stricken hell hole, from which they came."""
98624,img/98624.png,0,ma! the meatloaf!
98625,img/98625.png,0,breaking news: al franken fondles former first lady !
98627,img/98627.png,0,this is what ignorant people think when they see a muslim
98642,img/98642.png,0,christmas tree o christmas tree your ornaments are history
98643,img/98643.png,1,you see little black children i see hundreds of thousands in welfare and future incarcerations
98654,img/98654.png,0,that face she makes when ahmed hits the g-spot
98657,img/98657.png,1,greetings white person time to die
98670,img/98670.png,1,don't let this group get you downs
98702,img/98702.png,0,look at me im yo daddy now
98714,img/98714.png,1,when your dive instructor starts yelling in aribic
98716,img/98716.png,1,when you haven't robbed for a week
98723,img/98723.png,1,when the media blames all violence on black people we've forgotten the crackers!
98724,img/98724.png,1,removes polish with chemicals everybody loses his shit removes polish with chemicals nobody bats an eye
98726,img/98726.png,1,my sense of humor is so dark it picks this
98731,img/98731.png,0,who farted ?
98734,img/98734.png,1,things white people do fuck their family members mass shootings smoke meth steal from blacks suck at sports fuck animals lie about being racist
98736,img/98736.png,1,"do the goyim hate me because i am a subversive parasite with double standards? no, its because they are anti semits"
98751,img/98751.png,0,"""the other day i was sucking my sister and she said ""you fuck like dad"" and i was like ""that's what mom said"""
98752,img/98752.png,0,shut up ontario
98754,img/98754.png,1,400 years of slavery rape and murder but now she loves him and hates her own men
98756,img/98756.png,1,this dude wants to use the same restroom as your daughter liberals call you a bigot if you object
98762,img/98762.png,0,child in poverty with empty water jug
98764,img/98764.png,0,african kids dancing and celebrating
id,img,label,text
